session_id,user_id,machine_id,source,sequence,sequence_length,avg_latency_ms,total_bytes_out,error_count,failed_auth_count,is_anomaly
sess_02165,user_063,server_11,server,LOGIN AUTH_FAILURE AUTH_FAILURE AUTH_FAILURE HTTP_DELETE ERROR_500,6,181.67,234605,4,3,1
sess_02231,user_094,server_08,git,LOGIN CLONE LOGOUT READ_FILE COMMIT PUSH,6,101.33,311727,0,0,0
sess_00447,user_051,server_12,git,LOGIN DOWNLOAD DOWNLOAD DOWNLOAD DELETE_REPO,5,66.0,15048751,0,0,1
sess_04009,user_055,server_12,git,LOGIN PULL LOGOUT PULL READ_FILE COMMIT PUSH,7,93.71,322658,0,0,0
sess_01626,user_030,server_18,server,LOGIN HTTP_GET CACHE_READ HTTP_GET DB_READ LOGOUT,6,98.5,327084,0,0,0
sess_02116,user_084,server_14,server,LOGIN DB_READ HTTP_GET DB_WRITE HTTP_POST CACHE_WRITE LOGOUT,7,90.14,301306,0,0,0
sess_04498,user_096,server_16,git,LOGIN PULL READ_FILE CREATE_BRANCH PUSH COMMIT LOGOUT,7,88.29,320949,0,0,0
sess_01153,user_027,server_01,git,LOGIN READ_FILE CLONE READ_FILE PUSH COMMIT LOGOUT,7,94.29,269280,0,0,0
sess_00483,user_012,server_10,server,LOGIN HTTP_GET DB_WRITE LOGOUT DB_READ CACHE_READ HTTP_POST CACHE_WRITE,8,86.25,340857,0,0,0
sess_00455,user_048,server_10,server,LOGIN HTTP_GET CACHE_READ HTTP_GET LOGOUT DB_READ,6,78.17,309015,0,0,0
sess_00532,user_051,server_18,git,LOGIN PULL CREATE_BRANCH READ_FILE COMMIT LOGOUT PUSH,7,103.29,340749,0,0,0
sess_02117,user_043,server_08,git,LOGIN PULL READ_FILE COMMIT PUSH READ_FILE PULL LOGOUT,8,100.38,417394,0,0,0
sess_01679,user_067,server_16,git,LOGIN FAILED_LOGIN FAILED_LOGIN DOWNLOAD DELETE_REPO FAILED_LOGIN,6,107.17,5166131,3,3,1
sess_02223,user_060,server_04,git,LOGIN PULL LOGOUT READ_FILE CREATE_BRANCH PUSH COMMIT,7,84.86,366229,0,0,0
sess_01257,user_027,server_01,git,LOGIN PULL COMMIT READ_FILE READ_FILE CREATE_BRANCH PUSH LOGOUT,8,87.0,445485,0,0,0
sess_00888,user_072,server_10,git,LOGIN CLONE COMMIT READ_FILE PUSH LOGOUT,6,95.5,343507,0,0,0
sess_00460,user_014,server_03,server,LOGIN HTTP_GET LOGOUT CACHE_READ HTTP_GET DB_READ,6,85.5,280965,0,0,0
sess_03171,user_083,server_15,server,LOGIN HTTP_GET CACHE_READ HTTP_GET DB_READ LOGOUT,6,81.83,297271,0,0,0
sess_00713,user_001,server_11,server,LOGIN HTTP_GET DB_READ CACHE_WRITE CACHE_READ HTTP_POST DB_WRITE LOGOUT,8,84.38,412962,0,0,0
sess_04962,user_074,server_03,server,LOGIN HTTP_GET LOGOUT CACHE_READ HTTP_GET DB_READ,6,74.0,260596,0,0,0
sess_00262,user_051,server_02,server,LOGIN DB_READ HTTP_GET LOGOUT CACHE_READ HTTP_GET,6,91.83,314921,0,0,0
sess_01744,user_005,server_01,server,LOGIN HTTP_GET DB_READ CACHE_READ HTTP_GET LOGOUT,6,90.33,308780,0,0,0
sess_00339,user_049,server_08,server,LOGIN CACHE_READ CACHE_READ HTTP_GET HTTP_GET DB_READ LOGOUT,7,96.43,359735,0,0,0
sess_02341,user_098,server_10,git,LOGIN PULL READ_FILE COMMIT PUSH LOGOUT PULL,7,94.0,363641,0,0,0
sess_00554,user_013,server_17,server,LOGIN HTTP_GET DB_READ DB_WRITE LOGOUT HTTP_POST CACHE_WRITE,7,80.57,343966,0,0,0
sess_02040,user_029,server_14,server,LOGIN HTTP_GET DB_READ LOGOUT HTTP_GET CACHE_READ,6,86.0,310046,0,0,0
sess_03830,user_096,server_16,git,LOGIN CLONE COMMIT READ_FILE LOGOUT PUSH,6,92.83,339526,0,0,0
sess_04522,user_061,server_19,server,LOGIN HTTP_GET DB_READ LOGOUT CACHE_READ HTTP_GET,6,97.83,317424,0,0,0
sess_04532,user_055,server_15,git,LOGIN COMMIT CLONE READ_FILE PUSH LOGOUT,6,103.83,280644,0,0,0
sess_04145,user_014,server_02,server,LOGIN HTTP_GET HTTP_GET LOGOUT CACHE_READ DB_READ,6,85.67,274654,0,0,0
sess_02541,user_078,server_06,git,LOGIN PULL READ_FILE PULL COMMIT PUSH LOGOUT,7,92.57,356673,0,0,0
sess_00275,user_092,server_16,git,LOGIN COMMIT PULL READ_FILE LOGOUT PULL PUSH,7,94.43,390482,0,0,0
sess_04896,user_064,server_01,git,LOGIN PULL READ_FILE PUSH LOGOUT COMMIT,6,99.67,336461,0,0,0
sess_00559,user_031,server_11,git,LOGIN COMMIT CLONE READ_FILE LOGOUT PUSH,6,73.67,287253,0,0,0
sess_01693,user_081,server_16,server,LOGIN ERROR_500 HTTP_GET ERROR_500 ERROR_500 DB_WRITE,6,422.83,312197,3,0,1
sess_02273,user_054,server_04,server,LOGIN HTTP_GET CACHE_READ HTTP_GET DB_READ LOGOUT,6,96.83,291298,0,0,0
sess_02287,user_006,server_14,server,LOGIN HTTP_GET DB_READ HTTP_GET LOGOUT CACHE_READ,6,76.33,365108,0,0,0
sess_04867,user_010,server_02,server,LOGIN HTTP_GET HTTP_POST DB_READ DB_WRITE CACHE_WRITE LOGOUT,7,80.29,362406,0,0,0
sess_04523,user_046,server_03,git,LOGIN PULL COMMIT READ_FILE PULL PUSH LOGOUT,7,85.86,320490,0,0,0
sess_03910,user_001,server_03,git,LOGIN COMMIT CLONE READ_FILE LOGOUT READ_FILE PUSH,7,92.14,381568,0,0,0
sess_02838,user_087,server_02,server,LOGIN AUTH_FAILURE AUTH_FAILURE HTTP_DELETE ERROR_500 AUTH_FAILURE,6,225.0,245250,4,3,1
sess_01653,user_086,server_08,git,LOGIN PULL READ_FILE LOGOUT COMMIT PUSH,6,85.83,329566,0,0,0
sess_03563,user_011,server_15,git,LOGIN READ_FILE PULL PUSH COMMIT PULL LOGOUT,7,92.57,421593,0,0,0
sess_01439,user_073,server_09,server,LOGIN HTTP_GET CACHE_READ CACHE_READ LOGOUT HTTP_GET DB_READ,7,89.43,379538,0,0,0
sess_00819,user_031,server_05,server,LOGIN HTTP_GET DB_READ LOGOUT CACHE_READ HTTP_GET,6,102.67,301116,0,0,0
sess_02089,user_045,server_12,git,LOGIN CREATE_BRANCH PULL READ_FILE LOGOUT COMMIT PUSH,7,98.14,349353,0,0,0
sess_03311,user_036,server_08,git,LOGIN CLONE READ_FILE COMMIT READ_FILE PUSH LOGOUT,7,104.86,332736,0,0,0
sess_03634,user_030,server_03,server,LOGIN CACHE_READ HTTP_GET HTTP_GET DB_READ LOGOUT CACHE_READ,7,104.14,334318,0,0,0
sess_04275,user_075,server_13,server,LOGIN HTTP_GET HTTP_GET ERROR_500 HTTP_GET HTTP_GET ERROR_500,7,200.71,289553,2,0,1
sess_01488,user_047,server_05,git,LOGIN PULL LOGOUT COMMIT CREATE_BRANCH PUSH READ_FILE,7,93.29,373993,0,0,0
sess_01368,user_011,server_15,git,LOGIN READ_FILE PULL CREATE_BRANCH PUSH COMMIT LOGOUT,7,81.29,344509,0,0,0
sess_03475,user_012,server_13,git,LOGIN PULL READ_FILE COMMIT PUSH LOGOUT,6,96.5,309686,0,0,0
sess_00086,user_076,server_20,server,LOGIN HTTP_GET LOGOUT DB_READ HTTP_POST DB_WRITE CACHE_WRITE,7,97.14,362771,0,0,0
sess_03056,user_047,server_16,git,LOGIN CLONE LOGOUT READ_FILE COMMIT PUSH,6,92.67,294729,0,0,0
sess_04434,user_083,server_05,git,LOGIN PULL READ_FILE READ_FILE LOGOUT COMMIT PUSH,7,97.86,397398,0,0,0
sess_00938,user_087,server_10,git,LOGIN FAILED_LOGIN FAILED_LOGIN DOWNLOAD FAILED_LOGIN DELETE_REPO,6,104.5,5339585,3,3,1
sess_01168,user_027,server_18,git,LOGIN PULL READ_FILE CREATE_BRANCH LOGOUT COMMIT PUSH,7,82.86,308263,0,0,0
sess_00657,user_034,server_20,server,LOGIN HTTP_GET DB_WRITE DB_READ HTTP_POST LOGOUT CACHE_WRITE,7,98.29,332692,0,0,0
sess_04627,user_042,server_04,server,LOGIN HTTP_GET DB_READ HTTP_POST DB_WRITE LOGOUT CACHE_WRITE,7,90.86,397953,0,0,0
sess_02758,user_033,server_08,server,LOGIN HTTP_GET DB_READ CACHE_READ CACHE_READ LOGOUT HTTP_GET,7,101.57,368366,0,0,0
sess_01203,user_068,server_09,server,LOGIN HTTP_GET DB_WRITE DB_READ HTTP_POST CACHE_WRITE LOGOUT,7,83.43,299254,0,0,0
sess_04035,user_063,server_03,git,LOGIN PULL READ_FILE PULL COMMIT PUSH LOGOUT,7,86.14,407228,0,0,0
sess_04702,user_001,server_12,git,LOGIN CLONE READ_FILE LOGOUT COMMIT READ_FILE PUSH,7,84.14,386423,0,0,0
sess_01075,user_073,server_06,git,LOGIN PULL READ_FILE PUSH COMMIT PULL LOGOUT,7,83.57,377184,0,0,0
sess_02828,user_006,server_08,server,LOGIN DB_READ LOGOUT HTTP_GET HTTP_GET CACHE_READ,6,85.17,323836,0,0,0
sess_02431,user_037,server_18,git,LOGIN CLONE DELETE_REPO DOWNLOAD DOWNLOAD PUSH,6,119.0,10189656,0,0,1
sess_03952,user_048,server_20,server,LOGIN HTTP_GET DB_READ HTTP_POST CACHE_WRITE DB_WRITE LOGOUT,7,83.71,417660,0,0,0
sess_00197,user_069,server_15,git,LOGIN CLONE READ_FILE COMMIT PUSH LOGOUT,6,103.67,357128,0,0,0
sess_02225,user_049,server_09,git,LOGIN CLONE DOWNLOAD PUSH DOWNLOAD DELETE_REPO,6,98.0,10099788,0,0,1
sess_00434,user_034,server_18,server,LOGIN DB_READ HTTP_GET DB_WRITE HTTP_POST LOGOUT,6,98.5,351070,0,0,0
sess_03062,user_047,server_16,git,LOGIN COMMIT PULL PUSH READ_FILE PULL LOGOUT,7,88.86,256948,0,0,0
sess_04420,user_080,server_19,git,LOGIN PULL READ_FILE LOGOUT COMMIT PUSH,6,74.5,301106,0,0,0
sess_00202,user_075,server_19,git,LOGIN PULL PUSH READ_FILE COMMIT LOGOUT,6,85.67,324928,0,0,0
sess_02157,user_005,server_05,git,LOGIN CLONE READ_FILE COMMIT PUSH LOGOUT,6,102.17,296417,0,0,0
sess_02781,user_020,server_09,git,LOGIN CLONE LOGOUT COMMIT READ_FILE PUSH,6,93.0,251846,0,0,0
sess_03090,user_060,server_16,git,LOGIN PULL READ_FILE COMMIT CREATE_BRANCH PUSH LOGOUT,7,102.86,399649,0,0,0
sess_04234,user_023,server_08,git,LOGIN PULL COMMIT READ_FILE CREATE_BRANCH LOGOUT PUSH,7,75.71,352542,0,0,0
sess_04452,user_009,server_01,server,LOGIN HTTP_GET HTTP_GET HTTP_GET HTTP_GET ERROR_500 ERROR_500,7,254.43,373939,2,0,1
sess_00418,user_091,server_20,server,LOGIN HTTP_GET HTTP_GET HTTP_GET HTTP_GET ERROR_500 ERROR_500,7,270.71,354334,2,0,1
sess_01706,user_027,server_14,server,LOGIN HTTP_GET CACHE_READ DB_READ DB_WRITE HTTP_POST CACHE_WRITE LOGOUT,8,71.75,467059,0,0,0
sess_02930,user_058,server_01,server,LOGIN HTTP_GET DB_READ CACHE_READ HTTP_GET LOGOUT,6,86.5,314322,0,0,0
sess_00940,user_051,server_17,server,LOGIN HTTP_GET CACHE_READ DB_READ HTTP_GET CACHE_READ LOGOUT,7,86.71,295026,0,0,0
sess_00391,user_011,server_04,git,LOGIN CLONE COMMIT READ_FILE LOGOUT PUSH,6,97.67,373331,0,0,0
sess_04884,user_046,server_14,server,LOGIN HTTP_GET DB_READ DB_WRITE CACHE_WRITE LOGOUT HTTP_POST,7,88.57,375623,0,0,0
sess_02749,user_097,server_08,git,LOGIN PULL PUSH READ_FILE READ_FILE LOGOUT COMMIT,7,86.29,387190,0,0,0
sess_00174,user_065,server_09,server,LOGIN CACHE_READ HTTP_GET DB_READ LOGOUT DB_WRITE HTTP_POST,7,99.71,367820,0,0,0
sess_03060,user_018,server_12,git,LOGIN PULL READ_FILE LOGOUT COMMIT PUSH,6,102.0,340935,0,0,0
sess_04718,user_093,server_16,git,LOGIN PULL READ_FILE PUSH PULL COMMIT LOGOUT,7,77.71,356791,0,0,0
sess_01335,user_029,server_14,git,LOGIN PULL READ_FILE COMMIT CREATE_BRANCH LOGOUT PUSH,7,87.86,357518,0,0,0
sess_02053,user_040,server_09,git,LOGIN PULL READ_FILE COMMIT PUSH LOGOUT,6,106.0,295715,0,0,0
sess_04978,user_080,server_03,git,LOGIN PULL READ_FILE COMMIT CREATE_BRANCH PUSH LOGOUT,7,79.0,314576,0,0,0
sess_00557,user_038,server_09,git,LOGIN CLONE PUSH LOGOUT READ_FILE COMMIT,6,102.5,281535,0,0,0
sess_04211,user_029,server_06,server,LOGIN HTTP_GET DB_READ HTTP_POST LOGOUT DB_WRITE CACHE_WRITE,7,107.0,369633,0,0,0
sess_03337,user_098,server_05,git,LOGIN PULL READ_FILE READ_FILE PUSH PULL COMMIT LOGOUT,8,89.5,460175,0,0,0
sess_01089,user_025,server_07,server,LOGIN HTTP_GET DB_READ HTTP_GET LOGOUT CACHE_READ,6,80.0,311222,0,0,0
sess_02569,user_068,server_05,server,LOGIN DB_READ HTTP_GET CACHE_WRITE DB_WRITE HTTP_POST LOGOUT,7,86.14,319357,0,0,0
sess_03986,user_040,server_12,git,LOGIN CLONE READ_FILE COMMIT PUSH LOGOUT,6,79.5,292724,0,0,0
sess_03353,user_092,server_17,git,LOGIN FAILED_LOGIN FAILED_LOGIN DELETE_REPO FAILED_LOGIN DOWNLOAD,6,108.67,5176916,3,3,1
sess_00793,user_077,server_12,server,LOGIN HTTP_GET LOGOUT HTTP_GET CACHE_READ DB_READ,6,96.5,340494,0,0,0
sess_04769,user_069,server_19,server,LOGIN HTTP_GET HTTP_GET CACHE_READ DB_READ LOGOUT,6,74.83,286886,0,0,0
sess_00420,user_071,server_13,server,LOGIN HTTP_GET CACHE_READ DB_READ HTTP_GET LOGOUT,6,73.17,333529,0,0,0
sess_01888,user_020,server_20,server,LOGIN HTTP_GET DB_WRITE CACHE_READ DB_READ HTTP_POST LOGOUT,7,78.43,358053,0,0,0
sess_04938,user_019,server_18,git,LOGIN CLONE DOWNLOAD DELETE_REPO DOWNLOAD PUSH,6,94.0,10088762,0,0,1
sess_04339,user_076,server_08,git,LOGIN PULL LOGOUT READ_FILE CREATE_BRANCH COMMIT PUSH,7,98.14,344021,0,0,0
sess_00694,user_029,server_12,git,LOGIN READ_FILE CLONE LOGOUT COMMIT READ_FILE PUSH,7,69.43,310707,0,0,0
sess_03819,user_089,server_13,server,LOGIN DB_READ HTTP_GET CACHE_READ CACHE_READ HTTP_GET LOGOUT,7,95.14,375198,0,0,0
sess_04639,user_054,server_06,git,LOGIN PULL CREATE_BRANCH COMMIT LOGOUT READ_FILE PUSH READ_FILE,8,93.0,416190,0,0,0
sess_02394,user_062,server_14,git,LOGIN READ_FILE PULL PUSH COMMIT LOGOUT,6,78.17,286333,0,0,0
sess_01392,user_029,server_13,server,LOGIN HTTP_GET DB_READ DB_WRITE HTTP_POST LOGOUT,6,87.33,291902,0,0,0
sess_03127,user_020,server_07,server,LOGIN DB_READ HTTP_GET DB_WRITE HTTP_POST LOGOUT,6,103.0,288589,0,0,0
sess_00340,user_030,server_03,git,LOGIN FAILED_LOGIN FAILED_LOGIN FAILED_LOGIN DOWNLOAD DELETE_REPO,6,101.0,5349950,3,3,1
sess_04773,user_095,server_18,git,LOGIN PULL PULL READ_FILE COMMIT LOGOUT PUSH,7,91.0,394992,0,0,0
sess_01516,user_071,server_18,git,LOGIN PULL PUSH COMMIT READ_FILE PULL LOGOUT,7,81.14,323589,0,0,0
sess_01472,user_060,server_03,git,LOGIN PULL READ_FILE COMMIT CREATE_BRANCH LOGOUT PUSH,7,101.43,305801,0,0,0
sess_03150,user_074,server_20,git,LOGIN CLONE PUSH READ_FILE LOGOUT COMMIT,6,98.5,280728,0,0,0
sess_00373,user_016,server_04,server,LOGIN DB_READ HTTP_GET HTTP_POST CACHE_WRITE LOGOUT DB_WRITE,7,79.86,314396,0,0,0
sess_03105,user_012,server_08,server,LOGIN HTTP_GET DB_READ CACHE_READ HTTP_GET LOGOUT,6,76.0,296241,0,0,0
sess_00281,user_100,server_09,git,LOGIN READ_FILE CLONE COMMIT LOGOUT PUSH,6,89.5,300495,0,0,0
sess_00389,user_097,server_13,git,LOGIN PULL READ_FILE LOGOUT CREATE_BRANCH READ_FILE PUSH COMMIT,8,92.75,383607,0,0,0
sess_04300,user_088,server_08,server,LOGIN HTTP_GET DB_READ LOGOUT CACHE_READ HTTP_GET,6,93.33,255817,0,0,0
sess_03286,user_079,server_04,server,LOGIN HTTP_GET HTTP_POST DB_READ DB_WRITE LOGOUT CACHE_WRITE,7,77.86,329595,0,0,0
sess_01077,user_055,server_02,server,LOGIN HTTP_GET DB_WRITE LOGOUT DB_READ HTTP_POST,6,100.0,293156,0,0,0
sess_03810,user_030,server_11,git,LOGIN READ_FILE CLONE LOGOUT COMMIT PUSH,6,108.5,265684,0,0,0
sess_01992,user_062,server_02,server,LOGIN CACHE_READ DB_READ HTTP_GET HTTP_GET LOGOUT,6,82.67,295290,0,0,0
sess_03778,user_042,server_16,git,LOGIN CLONE COMMIT READ_FILE PUSH LOGOUT,6,89.33,286366,0,0,0
sess_04274,user_062,server_19,git,LOGIN CLONE READ_FILE COMMIT PUSH LOGOUT,6,85.5,313816,0,0,0
sess_02998,user_008,server_19,server,LOGIN HTTP_GET CACHE_READ LOGOUT DB_READ HTTP_GET,6,100.67,308734,0,0,0
sess_03333,user_073,server_03,git,LOGIN READ_FILE PULL CREATE_BRANCH PUSH COMMIT LOGOUT,7,90.71,296106,0,0,0
sess_03742,user_075,server_17,git,LOGIN READ_FILE CLONE COMMIT LOGOUT PUSH,6,93.67,296797,0,0,0
sess_00248,user_015,server_13,server,LOGIN HTTP_GET DB_WRITE HTTP_POST DB_READ LOGOUT,6,89.5,329404,0,0,0
sess_04066,user_039,server_04,server,LOGIN CACHE_READ HTTP_GET DB_READ HTTP_GET CACHE_READ LOGOUT,7,68.0,334121,0,0,0
sess_03937,user_066,server_04,server,LOGIN CACHE_READ HTTP_GET HTTP_GET DB_READ LOGOUT,6,65.0,328228,0,0,0
sess_00113,user_095,server_11,server,LOGIN CACHE_READ HTTP_GET CACHE_READ HTTP_GET DB_READ LOGOUT,7,78.43,319455,0,0,0
sess_00970,user_014,server_20,server,LOGIN AUTH_FAILURE AUTH_FAILURE AUTH_FAILURE ERROR_500 HTTP_DELETE,6,270.67,293554,4,3,1
sess_03045,user_068,server_05,git,LOGIN PULL READ_FILE CREATE_BRANCH READ_FILE COMMIT PUSH LOGOUT,8,74.12,423373,0,0,0
sess_04299,user_006,server_11,git,LOGIN READ_FILE PULL COMMIT LOGOUT PUSH,6,77.0,283832,0,0,0
sess_03693,user_046,server_09,server,LOGIN HTTP_GET DB_READ HTTP_GET CACHE_READ LOGOUT,6,92.67,273941,0,0,0
sess_03938,user_092,server_14,git,LOGIN COMMIT CLONE LOGOUT PUSH READ_FILE READ_FILE,7,94.86,352727,0,0,0
sess_04240,user_005,server_01,git,LOGIN CLONE READ_FILE COMMIT PUSH LOGOUT,6,88.5,283130,0,0,0
sess_02054,user_083,server_05,git,LOGIN CLONE COMMIT PUSH READ_FILE LOGOUT,6,91.17,301135,0,0,0
sess_02592,user_037,server_17,git,LOGIN READ_FILE COMMIT CLONE LOGOUT PUSH,6,88.83,271239,0,0,0
sess_01714,user_067,server_06,server,LOGIN HTTP_GET HTTP_POST DB_READ DB_WRITE CACHE_READ LOGOUT CACHE_WRITE,8,92.75,408795,0,0,0
sess_04467,user_019,server_14,server,LOGIN HTTP_GET DB_READ CACHE_READ HTTP_POST DB_WRITE CACHE_WRITE LOGOUT,8,92.25,448983,0,0,0
sess_03565,user_018,server_05,server,LOGIN HTTP_GET DB_READ HTTP_POST DB_WRITE CACHE_WRITE LOGOUT,7,88.14,322906,0,0,0
sess_03054,user_021,server_13,server,LOGIN DB_READ HTTP_GET HTTP_POST DB_WRITE LOGOUT,6,95.33,298522,0,0,0
sess_00760,user_075,server_13,server,LOGIN HTTP_GET HTTP_POST CACHE_READ DB_READ DB_WRITE CACHE_WRITE LOGOUT,8,91.12,371179,0,0,0
sess_00285,user_046,server_04,git,LOGIN PULL PULL READ_FILE COMMIT READ_FILE PUSH LOGOUT,8,95.5,393704,0,0,0
sess_02642,user_069,server_04,server,LOGIN HTTP_POST HTTP_GET DB_READ CACHE_READ DB_WRITE CACHE_WRITE LOGOUT,8,90.5,399385,0,0,0
sess_03750,user_017,server_04,server,LOGIN FILE_DOWNLOAD FILE_DOWNLOAD FILE_DOWNLOAD HTTP_DELETE,5,100.6,14829052,0,0,1
sess_01927,user_036,server_14,git,LOGIN DOWNLOAD DOWNLOAD DOWNLOAD DELETE_REPO,5,97.4,14666062,0,0,1
sess_00922,user_066,server_18,git,LOGIN PULL READ_FILE LOGOUT PULL COMMIT PUSH,7,107.57,364391,0,0,0
sess_02320,user_007,server_13,server,LOGIN HTTP_GET HTTP_POST CACHE_READ LOGOUT DB_READ DB_WRITE CACHE_WRITE,8,82.25,433825,0,0,0
sess_01141,user_042,server_11,server,LOGIN DB_READ HTTP_GET LOGOUT HTTP_GET CACHE_READ,6,112.0,321975,0,0,0
sess_01039,user_055,server_06,git,LOGIN DOWNLOAD DOWNLOAD DOWNLOAD DELETE_REPO,5,97.4,14995277,0,0,1
sess_03310,user_049,server_18,git,LOGIN READ_FILE PULL LOGOUT COMMIT PUSH PULL,7,88.14,349305,0,0,0
sess_00417,user_050,server_01,git,LOGIN PULL PULL COMMIT LOGOUT READ_FILE PUSH,7,76.29,386475,0,0,0
sess_02170,user_063,server_18,server,LOGIN HTTP_GET DB_READ HTTP_POST DB_WRITE LOGOUT,6,89.0,309349,0,0,0
sess_02490,user_021,server_08,server,LOGIN HTTP_GET ERROR_500 ERROR_500 ERROR_500 DB_WRITE,6,378.83,259748,3,0,1
sess_04290,user_058,server_09,git,LOGIN PULL READ_FILE READ_FILE CREATE_BRANCH COMMIT LOGOUT PUSH,8,79.88,424422,0,0,0
sess_03852,user_002,server_04,server,LOGIN HTTP_GET HTTP_GET CACHE_READ CACHE_READ DB_READ LOGOUT,7,79.14,360446,0,0,0
sess_00719,user_076,server_17,git,LOGIN PULL PUSH PULL READ_FILE LOGOUT COMMIT,7,83.57,343894,0,0,0
sess_00151,user_084,server_13,git,LOGIN CLONE DELETE_REPO DOWNLOAD DOWNLOAD PUSH,6,92.5,10174856,0,0,1
sess_01490,user_064,server_10,git,LOGIN READ_FILE CLONE READ_FILE PUSH LOGOUT COMMIT,7,89.14,378377,0,0,0
sess_03832,user_082,server_05,server,LOGIN HTTP_GET DB_READ CACHE_READ LOGOUT CACHE_READ HTTP_GET,7,88.86,322833,0,0,0
sess_00354,user_023,server_20,server,LOGIN HTTP_GET DB_READ DB_WRITE HTTP_POST CACHE_WRITE LOGOUT,7,87.86,333898,0,0,0
sess_03206,user_035,server_19,git,LOGIN PULL PULL COMMIT READ_FILE PUSH LOGOUT,7,91.57,324567,0,0,0
sess_01649,user_008,server_05,server,LOGIN HTTP_GET DB_READ HTTP_GET LOGOUT CACHE_READ,6,76.83,355746,0,0,0
sess_01071,user_006,server_20,server,LOGIN FILE_DOWNLOAD FILE_DOWNLOAD FILE_DOWNLOAD HTTP_DELETE,5,86.4,14674772,0,0,1
sess_02707,user_048,server_17,server,LOGIN HTTP_GET ERROR_500 DB_WRITE ERROR_500 ERROR_500,6,342.0,319514,3,0,1
sess_01076,user_015,server_01,server,LOGIN HTTP_POST HTTP_GET DB_WRITE DB_READ LOGOUT,6,85.33,343675,0,0,0
sess_00785,user_084,server_04,server,LOGIN HTTP_GET DB_READ HTTP_GET CACHE_READ LOGOUT,6,107.0,292625,0,0,0
sess_00718,user_066,server_05,server,LOGIN HTTP_GET CACHE_WRITE DB_READ DB_WRITE HTTP_POST LOGOUT,7,100.14,344629,0,0,0
sess_04866,user_014,server_16,git,LOGIN PUSH PULL LOGOUT READ_FILE COMMIT,6,97.83,302615,0,0,0
sess_02575,user_040,server_10,git,LOGIN PULL READ_FILE READ_FILE COMMIT LOGOUT PULL PUSH,8,88.88,349131,0,0,0
sess_04754,user_079,server_08,server,LOGIN DB_READ HTTP_GET LOGOUT HTTP_POST DB_WRITE CACHE_WRITE,7,92.29,347462,0,0,0
sess_02147,user_037,server_15,git,LOGIN CLONE DOWNLOAD DOWNLOAD DELETE_REPO PUSH,6,88.0,10384828,0,0,1
sess_00560,user_003,server_09,server,LOGIN HTTP_GET CACHE_WRITE DB_READ DB_WRITE HTTP_POST LOGOUT,7,103.14,356854,0,0,0
sess_04868,user_020,server_18,git,LOGIN CLONE READ_FILE COMMIT READ_FILE PUSH LOGOUT,7,102.14,349832,0,0,0
sess_00595,user_066,server_15,server,LOGIN CACHE_READ DB_READ HTTP_GET HTTP_GET CACHE_READ LOGOUT,7,77.29,347893,0,0,0
sess_02761,user_046,server_09,server,LOGIN HTTP_GET DB_READ LOGOUT DB_WRITE HTTP_POST,6,96.33,345307,0,0,0
sess_01500,user_042,server_10,git,LOGIN PUSH PULL READ_FILE LOGOUT COMMIT,6,103.83,288305,0,0,0
sess_04614,user_025,server_07,server,LOGIN CACHE_READ HTTP_GET HTTP_GET LOGOUT DB_READ CACHE_READ,7,100.57,300536,0,0,0
sess_03971,user_057,server_12,server,LOGIN HTTP_GET CACHE_READ HTTP_GET LOGOUT DB_READ,6,96.33,303582,0,0,0
sess_02993,user_014,server_15,git,LOGIN PULL LOGOUT READ_FILE PUSH READ_FILE COMMIT PULL,8,88.88,354382,0,0,0
sess_01164,user_074,server_18,server,LOGIN HTTP_GET CACHE_READ LOGOUT HTTP_GET DB_READ,6,97.33,339084,0,0,0
sess_00512,user_061,server_12,git,LOGIN CLONE LOGOUT READ_FILE PUSH COMMIT,6,89.67,306210,0,0,0
sess_02614,user_014,server_20,git,LOGIN READ_FILE READ_FILE PULL COMMIT LOGOUT PUSH,7,110.71,434774,0,0,0
sess_00854,user_010,server_07,git,LOGIN PULL READ_FILE PUSH COMMIT CREATE_BRANCH LOGOUT,7,83.71,361960,0,0,0
sess_03049,user_016,server_04,server,LOGIN AUTH_FAILURE AUTH_FAILURE AUTH_FAILURE HTTP_DELETE ERROR_500,6,204.67,263161,4,3,1
sess_00789,user_080,server_15,server,LOGIN HTTP_GET CACHE_READ HTTP_GET DB_READ LOGOUT,6,90.5,276801,0,0,0
sess_00889,user_070,server_08,git,LOGIN READ_FILE PULL PUSH CREATE_BRANCH COMMIT LOGOUT,7,85.43,369956,0,0,0
sess_00303,user_044,server_13,server,LOGIN HTTP_GET HTTP_GET DB_READ CACHE_READ LOGOUT,6,85.5,316917,0,0,0
sess_03771,user_070,server_17,server,LOGIN HTTP_GET CACHE_READ LOGOUT HTTP_GET DB_READ,6,87.67,304179,0,0,0
sess_03055,user_032,server_16,server,LOGIN HTTP_GET DB_READ DB_WRITE HTTP_POST LOGOUT,6,71.67,279885,0,0,0
sess_04193,user_091,server_16,git,LOGIN READ_FILE PULL PUSH COMMIT LOGOUT,6,104.17,282165,0,0,0
sess_02810,user_014,server_11,server,LOGIN HTTP_GET HTTP_GET CACHE_READ DB_READ LOGOUT,6,82.33,316103,0,0,0
sess_02092,user_018,server_09,git,LOGIN READ_FILE PULL PULL LOGOUT COMMIT READ_FILE PUSH,8,77.75,370481,0,0,0
sess_00992,user_054,server_12,server,LOGIN CACHE_READ DB_READ HTTP_POST LOGOUT CACHE_WRITE HTTP_GET DB_WRITE,8,83.38,353328,0,0,0
sess_00926,user_055,server_15,git,LOGIN READ_FILE PULL COMMIT PUSH PULL LOGOUT,7,102.14,388622,0,0,0
sess_00966,user_023,server_04,server,LOGIN HTTP_GET CACHE_READ HTTP_GET DB_READ LOGOUT,6,80.83,277882,0,0,0
sess_00442,user_044,server_10,server,LOGIN DB_READ HTTP_GET HTTP_GET LOGOUT CACHE_READ,6,90.0,286826,0,0,0
sess_01922,user_059,server_12,git,LOGIN FAILED_LOGIN FAILED_LOGIN FAILED_LOGIN DOWNLOAD DELETE_REPO,6,105.17,5022710,3,3,1
sess_00861,user_035,server_17,server,LOGIN HTTP_GET DB_READ LOGOUT DB_WRITE HTTP_POST CACHE_WRITE,7,88.86,329068,0,0,0
sess_04931,user_041,server_02,git,LOGIN READ_FILE COMMIT PULL LOGOUT PULL PUSH,7,87.71,354356,0,0,0
sess_02658,user_034,server_18,server,LOGIN HTTP_GET DB_READ LOGOUT HTTP_POST CACHE_WRITE DB_WRITE,7,82.86,366200,0,0,0
sess_04451,user_094,server_03,git,LOGIN PULL READ_FILE COMMIT PUSH LOGOUT,6,84.17,293015,0,0,0
sess_02219,user_066,server_14,git,LOGIN CLONE DOWNLOAD DELETE_REPO DOWNLOAD PUSH,6,90.0,10243906,0,0,1
sess_03629,user_022,server_08,server,LOGIN HTTP_GET CACHE_READ HTTP_GET DB_READ LOGOUT,6,74.67,328205,0,0,0
sess_01445,user_018,server_08,server,LOGIN HTTP_GET HTTP_GET DB_READ CACHE_READ LOGOUT,6,85.5,322421,0,0,0
sess_00395,user_001,server_20,git,LOGIN DOWNLOAD DOWNLOAD DOWNLOAD DELETE_REPO,5,100.2,15082201,0,0,1
sess_04293,user_009,server_04,server,LOGIN HTTP_GET DB_WRITE DB_READ CACHE_WRITE HTTP_POST LOGOUT,7,93.29,324709,0,0,0
sess_00158,user_033,server_01,git,LOGIN PULL PULL PUSH READ_FILE COMMIT LOGOUT,7,80.57,340413,0,0,0
sess_01471,user_074,server_18,git,LOGIN PULL READ_FILE READ_FILE PUSH LOGOUT COMMIT,7,96.71,309164,0,0,0
sess_04726,user_025,server_13,server,LOGIN HTTP_GET HTTP_GET DB_READ CACHE_READ LOGOUT,6,88.83,285339,0,0,0
sess_01055,user_100,server_06,git,LOGIN CLONE READ_FILE PUSH LOGOUT COMMIT,6,68.67,300328,0,0,0
sess_04388,user_007,server_01,server,LOGIN HTTP_GET DB_READ DB_WRITE LOGOUT HTTP_POST,6,93.83,303659,0,0,0
sess_03749,user_055,server_12,server,LOGIN DB_WRITE HTTP_GET DB_READ HTTP_POST LOGOUT,6,84.83,297135,0,0,0
sess_01597,user_096,server_19,git,LOGIN PULL LOGOUT READ_FILE PULL COMMIT PUSH,7,70.86,353932,0,0,0
sess_02485,user_096,server_06,git,LOGIN PULL LOGOUT PULL COMMIT READ_FILE PUSH,7,75.57,368078,0,0,0
sess_04252,user_011,server_04,git,LOGIN PULL READ_FILE READ_FILE CREATE_BRANCH COMMIT PUSH LOGOUT,8,95.62,384886,0,0,0
sess_03380,user_022,server_04,git,LOGIN READ_FILE PULL COMMIT PUSH LOGOUT,6,86.5,325174,0,0,0
sess_04664,user_070,server_05,git,LOGIN CLONE READ_FILE READ_FILE COMMIT LOGOUT PUSH,7,88.71,326338,0,0,0
sess_02732,user_029,server_13,server,LOGIN FILE_DOWNLOAD HTTP_DELETE FILE_DOWNLOAD FILE_DOWNLOAD,5,75.6,15202411,0,0,1
sess_01198,user_001,server_15,git,LOGIN PUSH PULL READ_FILE COMMIT READ_FILE LOGOUT,7,86.86,382493,0,0,0
sess_03559,user_026,server_14,git,LOGIN PULL READ_FILE LOGOUT PUSH COMMIT,6,100.33,304431,0,0,0
sess_02146,user_027,server_05,git,LOGIN CREATE_BRANCH DELETE_REPO DOWNLOAD DOWNLOAD,5,105.6,10259585,0,0,1
sess_04208,user_100,server_13,git,LOGIN PULL COMMIT PULL READ_FILE PUSH LOGOUT,7,80.29,336358,0,0,0
sess_03031,user_010,server_11,git,LOGIN READ_FILE CLONE COMMIT LOGOUT READ_FILE PUSH,7,82.57,362596,0,0,0
sess_02448,user_019,server_04,git,LOGIN PULL COMMIT READ_FILE PUSH LOGOUT,6,88.17,271279,0,0,0
sess_01971,user_051,server_06,git,LOGIN READ_FILE CLONE PUSH COMMIT LOGOUT,6,86.33,291689,0,0,0
sess_03813,user_033,server_15,git,LOGIN READ_FILE CLONE LOGOUT COMMIT PUSH,6,85.17,246112,0,0,0
sess_01769,user_044,server_05,server,LOGIN HTTP_GET ERROR_500 ERROR_500 DB_WRITE ERROR_500,6,447.0,292730,3,0,1
sess_03294,user_003,server_03,server,LOGIN CACHE_READ HTTP_GET HTTP_GET DB_READ LOGOUT,6,95.5,269151,0,0,0
sess_01295,user_087,server_12,git,LOGIN PULL READ_FILE LOGOUT READ_FILE COMMIT PUSH,7,99.14,368428,0,0,0
sess_04330,user_031,server_19,git,LOGIN PULL CREATE_BRANCH READ_FILE COMMIT PUSH LOGOUT,7,105.0,336602,0,0,0
sess_03000,user_029,server_15,git,LOGIN CLONE LOGOUT READ_FILE PUSH COMMIT,6,87.67,301194,0,0,0
sess_00376,user_087,server_14,git,LOGIN PULL LOGOUT READ_FILE READ_FILE PUSH COMMIT,7,95.57,314252,0,0,0
sess_03720,user_034,server_13,server,LOGIN HTTP_GET CACHE_READ HTTP_GET DB_READ LOGOUT,6,82.0,267316,0,0,0
sess_02871,user_024,server_01,git,LOGIN CREATE_BRANCH DELETE_REPO DOWNLOAD DOWNLOAD,5,92.8,10318399,0,0,1
sess_02122,user_078,server_02,git,LOGIN PULL PULL READ_FILE COMMIT PUSH LOGOUT,7,91.29,388233,0,0,0
sess_00095,user_079,server_11,git,LOGIN CLONE READ_FILE PUSH COMMIT LOGOUT,6,85.67,276461,0,0,0
sess_02742,user_079,server_09,git,LOGIN DOWNLOAD DOWNLOAD DOWNLOAD DELETE_REPO,5,93.8,15095376,0,0,1
sess_02935,user_007,server_02,git,LOGIN PULL READ_FILE COMMIT LOGOUT PUSH,6,103.83,323429,0,0,0
sess_00214,user_015,server_19,server,LOGIN HTTP_GET LOGOUT DB_READ DB_WRITE HTTP_POST,6,96.5,281983,0,0,0
sess_01688,user_043,server_12,git,LOGIN PULL READ_FILE COMMIT LOGOUT PUSH PULL,7,96.43,355423,0,0,0
sess_03529,user_088,server_10,git,LOGIN PULL COMMIT READ_FILE PUSH PULL LOGOUT,7,90.57,319229,0,0,0
sess_04204,user_009,server_03,git,LOGIN PULL PUSH READ_FILE COMMIT PULL LOGOUT,7,80.29,362482,0,0,0
sess_04704,user_005,server_06,server,LOGIN HTTP_GET DB_READ DB_WRITE HTTP_POST CACHE_READ LOGOUT,7,98.0,314783,0,0,0
sess_01020,user_061,server_01,git,LOGIN PULL READ_FILE PUSH COMMIT LOGOUT PULL,7,84.43,353867,0,0,0
sess_04533,user_026,server_11,server,LOGIN HTTP_GET DB_READ DB_WRITE LOGOUT HTTP_POST CACHE_READ CACHE_WRITE,8,69.88,393799,0,0,0
sess_02037,user_063,server_17,server,LOGIN HTTP_GET HTTP_POST DB_READ DB_WRITE LOGOUT,6,99.5,283620,0,0,0
sess_03274,user_002,server_07,server,LOGIN HTTP_GET DB_READ CACHE_READ HTTP_GET LOGOUT,6,85.67,249532,0,0,0
sess_03577,user_097,server_08,server,LOGIN DB_READ DB_WRITE HTTP_GET CACHE_WRITE CACHE_READ HTTP_POST LOGOUT,8,106.75,379197,0,0,0
sess_04644,user_035,server_17,git,LOGIN READ_FILE PULL PUSH READ_FILE COMMIT LOGOUT,7,96.71,320292,0,0,0
sess_04242,user_091,server_12,server,LOGIN HTTP_GET HTTP_GET HTTP_GET ERROR_500 HTTP_GET ERROR_500,7,296.71,359961,2,0,1
sess_04214,user_045,server_15,server,LOGIN CACHE_READ HTTP_GET DB_READ HTTP_GET LOGOUT,6,87.33,231309,0,0,0
sess_02322,user_021,server_06,server,LOGIN HTTP_GET CACHE_READ HTTP_GET DB_READ LOGOUT,6,100.33,327923,0,0,0
sess_01696,user_081,server_02,server,LOGIN HTTP_GET CACHE_READ HTTP_GET DB_READ LOGOUT,6,91.67,309559,0,0,0
sess_02643,user_049,server_09,server,LOGIN HTTP_GET DB_READ HTTP_GET CACHE_READ LOGOUT,6,86.17,287699,0,0,0
sess_01640,user_040,server_07,server,LOGIN HTTP_GET LOGOUT DB_WRITE HTTP_POST DB_READ,6,87.0,335418,0,0,0
sess_04482,user_058,server_02,git,LOGIN CLONE PUSH COMMIT LOGOUT READ_FILE,6,77.83,295775,0,0,0
sess_01494,user_014,server_15,server,LOGIN HTTP_GET DB_READ CACHE_READ CACHE_WRITE DB_WRITE HTTP_POST LOGOUT,8,91.75,329002,0,0,0
sess_03652,user_039,server_11,git,LOGIN PULL COMMIT READ_FILE LOGOUT READ_FILE PUSH,7,90.86,397634,0,0,0
sess_01917,user_063,server_20,git,LOGIN PULL READ_FILE COMMIT LOGOUT PUSH,6,79.33,287658,0,0,0
sess_02999,user_070,server_20,git,LOGIN PULL LOGOUT READ_FILE COMMIT PUSH,6,78.5,279249,0,0,0
sess_02078,user_060,server_11,server,LOGIN HTTP_GET DB_READ DB_WRITE CACHE_WRITE HTTP_POST LOGOUT,7,86.0,339970,0,0,0
sess_01457,user_012,server_01,git,LOGIN PULL READ_FILE COMMIT CREATE_BRANCH PUSH LOGOUT,7,104.43,327293,0,0,0
sess_03509,user_011,server_04,git,LOGIN PULL READ_FILE PULL PUSH COMMIT LOGOUT,7,83.0,333809,0,0,0
sess_01559,user_015,server_12,git,LOGIN DOWNLOAD DOWNLOAD DOWNLOAD DELETE_REPO,5,97.4,14767246,0,0,1
sess_00491,user_031,server_02,git,LOGIN CLONE READ_FILE LOGOUT PUSH COMMIT,6,92.17,308056,0,0,0
sess_04422,user_025,server_19,server,LOGIN HTTP_GET HTTP_GET HTTP_GET HTTP_GET ERROR_500 ERROR_500,7,196.43,328970,2,0,1
sess_00282,user_097,server_20,git,LOGIN READ_FILE PULL CREATE_BRANCH PUSH LOGOUT COMMIT,7,79.0,340595,0,0,0
sess_01785,user_070,server_08,server,LOGIN HTTP_GET HTTP_GET CACHE_READ DB_READ LOGOUT,6,109.33,278321,0,0,0
sess_01862,user_040,server_17,git,LOGIN FAILED_LOGIN FAILED_LOGIN FAILED_LOGIN DOWNLOAD DELETE_REPO,6,123.17,5304583,3,3,1
sess_00348,user_035,server_10,git,LOGIN PULL READ_FILE CREATE_BRANCH COMMIT PUSH LOGOUT,7,71.43,267182,0,0,0
sess_04771,user_063,server_03,git,LOGIN CLONE READ_FILE COMMIT PUSH LOGOUT,6,100.67,329086,0,0,0
sess_04106,user_060,server_04,server,LOGIN CACHE_READ HTTP_GET HTTP_GET DB_READ LOGOUT,6,97.33,315490,0,0,0
sess_03178,user_076,server_19,git,LOGIN CREATE_BRANCH DOWNLOAD DELETE_REPO DOWNLOAD,5,91.0,9987324,0,0,1
sess_00767,user_034,server_15,git,LOGIN PULL READ_FILE COMMIT PULL PUSH LOGOUT,7,93.29,294626,0,0,0
sess_04681,user_018,server_20,git,LOGIN PULL LOGOUT COMMIT READ_FILE PUSH,6,97.83,290889,0,0,0
sess_02859,user_032,server_13,git,LOGIN CREATE_BRANCH DELETE_REPO DOWNLOAD DOWNLOAD,5,81.0,10062743,0,0,1
sess_04118,user_010,server_18,server,LOGIN FILE_DOWNLOAD FILE_DOWNLOAD FILE_DOWNLOAD HTTP_DELETE,5,89.0,14931103,0,0,1
sess_03036,user_003,server_01,server,LOGIN HTTP_GET DB_WRITE DB_READ HTTP_POST LOGOUT,6,94.5,306519,0,0,0
sess_04833,user_040,server_16,server,LOGIN HTTP_GET HTTP_POST DB_WRITE DB_READ LOGOUT,6,92.5,253612,0,0,0
sess_00894,user_026,server_06,git,LOGIN PULL READ_FILE PUSH COMMIT CREATE_BRANCH LOGOUT,7,100.0,350694,0,0,0
sess_03243,user_018,server_15,git,LOGIN CLONE READ_FILE PUSH LOGOUT COMMIT,6,108.0,304902,0,0,0
sess_04589,user_009,server_11,server,LOGIN HTTP_GET LOGOUT CACHE_READ HTTP_GET CACHE_READ DB_READ,7,97.0,392702,0,0,0
sess_00046,user_066,server_13,server,LOGIN HTTP_GET DB_READ CACHE_WRITE DB_WRITE LOGOUT HTTP_POST,7,79.0,377659,0,0,0
sess_02344,user_071,server_06,server,LOGIN HTTP_GET DB_READ CACHE_READ HTTP_GET CACHE_READ LOGOUT,7,93.43,373231,0,0,0
sess_00529,user_053,server_19,server,LOGIN HTTP_POST DB_READ HTTP_GET DB_WRITE LOGOUT CACHE_WRITE,7,89.86,338965,0,0,0
sess_03602,user_028,server_19,git,LOGIN PULL LOGOUT READ_FILE COMMIT PULL PUSH,7,80.0,289837,0,0,0
sess_04359,user_002,server_01,server,LOGIN HTTP_GET DB_WRITE DB_READ CACHE_READ HTTP_POST LOGOUT,7,79.0,324476,0,0,0
sess_02477,user_018,server_08,server,LOGIN HTTP_GET DB_READ LOGOUT CACHE_READ HTTP_GET CACHE_READ,7,102.29,304506,0,0,0
sess_04288,user_093,server_08,server,LOGIN CACHE_READ HTTP_GET CACHE_READ DB_READ HTTP_GET LOGOUT,7,93.29,368263,0,0,0
sess_01067,user_011,server_11,git,LOGIN FAILED_LOGIN FAILED_LOGIN DELETE_REPO FAILED_LOGIN DOWNLOAD,6,92.0,5079970,3,3,1
sess_01087,user_022,server_13,git,LOGIN PULL READ_FILE COMMIT PULL PUSH LOGOUT,7,114.14,336647,0,0,0
sess_01408,user_024,server_08,git,LOGIN READ_FILE PULL COMMIT CREATE_BRANCH PUSH LOGOUT,7,81.57,357508,0,0,0
sess_03828,user_090,server_04,git,LOGIN COMMIT PULL READ_FILE PUSH LOGOUT,6,98.83,283431,0,0,0
sess_04783,user_018,server_17,git,LOGIN CLONE LOGOUT COMMIT READ_FILE PUSH,6,78.17,310011,0,0,0
sess_03928,user_053,server_08,server,LOGIN HTTP_GET CACHE_READ HTTP_GET DB_READ LOGOUT,6,102.83,293361,0,0,0
sess_03411,user_073,server_16,server,LOGIN HTTP_GET HTTP_GET HTTP_GET ERROR_500 HTTP_GET ERROR_500,7,268.29,330641,2,0,1
sess_00271,user_070,server_04,git,LOGIN CLONE DOWNLOAD DELETE_REPO DOWNLOAD PUSH,6,74.0,10265180,0,0,1
sess_00020,user_006,server_05,server,LOGIN HTTP_GET DB_READ HTTP_GET CACHE_READ LOGOUT,6,97.5,263997,0,0,0
sess_00921,user_092,server_02,git,LOGIN CLONE READ_FILE COMMIT READ_FILE PUSH LOGOUT,7,100.0,319588,0,0,0
sess_02756,user_088,server_18,git,LOGIN PULL COMMIT READ_FILE CREATE_BRANCH PUSH LOGOUT,7,105.71,312348,0,0,0
sess_03408,user_005,server_06,git,LOGIN PULL READ_FILE CREATE_BRANCH COMMIT PUSH LOGOUT,7,79.57,317524,0,0,0
sess_02169,user_037,server_08,git,LOGIN CLONE PUSH READ_FILE COMMIT LOGOUT,6,85.33,283709,0,0,0
sess_04796,user_031,server_20,git,LOGIN PULL COMMIT READ_FILE CREATE_BRANCH READ_FILE PUSH LOGOUT,8,57.88,419461,0,0,0
sess_00690,user_048,server_18,server,LOGIN HTTP_GET HTTP_GET ERROR_500 HTTP_GET HTTP_GET ERROR_500,7,284.14,369510,2,0,1
sess_04836,user_083,server_15,git,LOGIN READ_FILE READ_FILE PULL PUSH PULL COMMIT LOGOUT,8,83.62,463644,0,0,0
sess_01370,user_023,server_18,git,LOGIN CLONE READ_FILE READ_FILE COMMIT PUSH LOGOUT,7,83.0,304993,0,0,0
sess_04675,user_087,server_20,git,LOGIN CREATE_BRANCH DELETE_REPO DOWNLOAD DOWNLOAD,5,92.4,10338992,0,0,1
sess_00569,user_018,server_09,git,LOGIN PULL READ_FILE COMMIT PUSH LOGOUT,6,104.67,319375,0,0,0
sess_04804,user_061,server_09,git,LOGIN PULL READ_FILE PUSH COMMIT LOGOUT,6,87.33,266561,0,0,0
sess_01809,user_063,server_06,git,LOGIN PULL COMMIT PUSH READ_FILE CREATE_BRANCH LOGOUT,7,106.57,333671,0,0,0
sess_01268,user_070,server_02,server,LOGIN DB_READ HTTP_GET HTTP_POST DB_WRITE LOGOUT,6,106.67,282401,0,0,0
sess_04845,user_002,server_18,git,LOGIN DOWNLOAD DOWNLOAD DOWNLOAD DELETE_REPO,5,78.6,14926610,0,0,1
sess_00492,user_090,server_16,git,LOGIN READ_FILE PULL LOGOUT COMMIT READ_FILE CREATE_BRANCH PUSH,8,91.88,445450,0,0,0
sess_01487,user_015,server_18,git,LOGIN PULL READ_FILE COMMIT READ_FILE PUSH CREATE_BRANCH LOGOUT,8,80.0,477237,0,0,0
sess_01023,user_064,server_05,git,LOGIN PULL PUSH CREATE_BRANCH READ_FILE READ_FILE COMMIT LOGOUT,8,107.38,441145,0,0,0
sess_01493,user_023,server_06,server,LOGIN CACHE_READ HTTP_GET HTTP_GET CACHE_READ DB_READ LOGOUT,7,95.0,325350,0,0,0
sess_03829,user_039,server_11,server,LOGIN CACHE_READ HTTP_GET DB_READ LOGOUT HTTP_POST CACHE_WRITE DB_WRITE,8,93.0,415927,0,0,0
sess_00109,user_083,server_09,git,LOGIN READ_FILE PULL COMMIT PUSH LOGOUT,6,93.5,271597,0,0,0
sess_01356,user_093,server_02,git,LOGIN CLONE READ_FILE PUSH COMMIT LOGOUT,6,104.5,327366,0,0,0
sess_01736,user_041,server_13,server,LOGIN HTTP_GET DB_READ DB_WRITE HTTP_POST LOGOUT CACHE_WRITE,7,95.0,400295,0,0,0
sess_00681,user_012,server_03,server,LOGIN HTTP_GET CACHE_READ HTTP_GET DB_READ LOGOUT,6,109.17,288020,0,0,0
sess_02123,user_087,server_01,git,LOGIN COMMIT PULL PUSH READ_FILE LOGOUT,6,102.17,282918,0,0,0
sess_04902,user_009,server_19,server,LOGIN HTTP_GET HTTP_GET DB_READ LOGOUT CACHE_READ,6,104.67,319768,0,0,0
sess_03572,user_070,server_18,git,LOGIN PULL READ_FILE LOGOUT CREATE_BRANCH COMMIT PUSH,7,105.86,371754,0,0,0
sess_00786,user_004,server_06,git,LOGIN READ_FILE PULL COMMIT LOGOUT READ_FILE CREATE_BRANCH PUSH,8,97.0,419379,0,0,0
sess_00454,user_082,server_07,git,LOGIN COMMIT READ_FILE PULL PULL READ_FILE PUSH LOGOUT,8,75.0,360382,0,0,0
sess_04514,user_028,server_09,git,LOGIN PULL READ_FILE COMMIT READ_FILE PUSH LOGOUT PULL,8,85.0,401238,0,0,0
sess_00249,user_067,server_09,git,LOGIN READ_FILE PUSH CLONE LOGOUT COMMIT,6,98.0,338091,0,0,0
sess_01950,user_025,server_20,server,LOGIN HTTP_GET LOGOUT DB_READ CACHE_READ HTTP_GET,6,83.0,289660,0,0,0
sess_02830,user_072,server_06,server,LOGIN HTTP_GET HTTP_POST CACHE_WRITE DB_READ LOGOUT DB_WRITE,7,89.29,355258,0,0,0
sess_04430,user_017,server_14,git,LOGIN COMMIT CLONE READ_FILE PUSH LOGOUT,6,92.33,303050,0,0,0
sess_04712,user_062,server_19,server,LOGIN HTTP_GET DB_WRITE DB_READ HTTP_POST CACHE_WRITE LOGOUT,7,79.71,361935,0,0,0
sess_00949,user_074,server_06,git,LOGIN PULL COMMIT READ_FILE LOGOUT PUSH,6,90.5,341420,0,0,0
sess_04304,user_003,server_17,git,LOGIN READ_FILE CLONE PUSH COMMIT LOGOUT,6,101.83,303588,0,0,0
sess_02860,user_077,server_03,git,LOGIN PULL READ_FILE COMMIT LOGOUT PUSH,6,100.33,303278,0,0,0
sess_03573,user_054,server_10,git,LOGIN PULL CREATE_BRANCH READ_FILE COMMIT PUSH LOGOUT,7,102.29,344325,0,0,0
sess_00056,user_028,server_17,server,LOGIN CACHE_READ LOGOUT HTTP_POST DB_READ HTTP_GET DB_WRITE,7,107.14,354040,0,0,0
sess_04758,user_075,server_02,server,LOGIN AUTH_FAILURE AUTH_FAILURE AUTH_FAILURE ERROR_500 HTTP_DELETE,6,223.17,303199,4,3,1
sess_00108,user_018,server_01,server,LOGIN DB_READ HTTP_GET HTTP_POST CACHE_WRITE DB_WRITE LOGOUT,7,87.57,370750,0,0,0
sess_02918,user_031,server_01,git,LOGIN PULL PUSH READ_FILE COMMIT LOGOUT PULL,7,92.57,386714,0,0,0
sess_00952,user_042,server_07,server,LOGIN HTTP_GET LOGOUT DB_READ HTTP_GET CACHE_READ,6,72.67,323847,0,0,0
sess_04327,user_078,server_17,server,LOGIN HTTP_GET DB_READ DB_WRITE LOGOUT CACHE_READ HTTP_POST,7,88.0,323891,0,0,0
sess_03675,user_038,server_10,git,LOGIN CLONE READ_FILE COMMIT PUSH LOGOUT,6,81.17,311093,0,0,0
sess_03785,user_077,server_11,git,LOGIN PULL CREATE_BRANCH READ_FILE COMMIT LOGOUT PUSH,7,84.71,393534,0,0,0
sess_04541,user_001,server_05,git,LOGIN PULL READ_FILE COMMIT PUSH LOGOUT,6,89.33,340665,0,0,0
sess_04244,user_059,server_18,git,LOGIN PULL PULL READ_FILE COMMIT PUSH LOGOUT,7,96.86,363208,0,0,0
sess_04658,user_002,server_13,git,LOGIN READ_FILE CLONE COMMIT LOGOUT PUSH,6,84.67,296794,0,0,0
sess_03167,user_058,server_06,git,LOGIN PULL COMMIT LOGOUT READ_FILE PUSH,6,79.33,340081,0,0,0
sess_03327,user_082,server_12,git,LOGIN READ_FILE CLONE PUSH COMMIT LOGOUT,6,80.5,266022,0,0,0
sess_00838,user_097,server_16,git,LOGIN COMMIT CLONE LOGOUT READ_FILE PUSH,6,115.17,350801,0,0,0
sess_02196,user_031,server_09,git,LOGIN CLONE READ_FILE COMMIT PUSH LOGOUT,6,94.17,312941,0,0,0
sess_01347,user_096,server_05,server,LOGIN HTTP_GET DB_READ HTTP_POST DB_WRITE LOGOUT,6,83.0,294082,0,0,0
sess_03125,user_077,server_18,server,LOGIN HTTP_GET CACHE_WRITE DB_READ HTTP_POST DB_WRITE LOGOUT,7,90.43,405922,0,0,0
sess_04762,user_004,server_18,server,LOGIN CACHE_READ HTTP_GET DB_READ HTTP_GET LOGOUT CACHE_READ,7,75.0,327846,0,0,0
sess_01599,user_056,server_10,server,LOGIN DB_READ HTTP_GET DB_WRITE LOGOUT HTTP_POST,6,84.67,338107,0,0,0
sess_01124,user_054,server_03,server,LOGIN HTTP_GET CACHE_READ LOGOUT CACHE_READ HTTP_GET DB_READ,7,97.86,405180,0,0,0
sess_04605,user_034,server_14,server,LOGIN HTTP_GET HTTP_GET ERROR_500 HTTP_GET ERROR_500 HTTP_GET,7,233.86,368751,2,0,1
sess_00587,user_007,server_18,git,LOGIN PULL READ_FILE COMMIT LOGOUT PUSH PULL,7,86.0,332866,0,0,0
sess_02213,user_052,server_13,server,LOGIN AUTH_FAILURE AUTH_FAILURE HTTP_DELETE AUTH_FAILURE ERROR_500,6,198.67,248796,4,3,1
sess_02718,user_069,server_11,git,LOGIN READ_FILE PULL PUSH CREATE_BRANCH LOGOUT COMMIT,7,78.0,308652,0,0,0
sess_03212,user_045,server_14,git,LOGIN CLONE COMMIT READ_FILE PUSH LOGOUT,6,79.33,280937,0,0,0
sess_03679,user_066,server_04,git,LOGIN PULL READ_FILE CREATE_BRANCH LOGOUT PUSH COMMIT,7,94.71,390487,0,0,0
sess_03894,user_063,server_13,git,LOGIN READ_FILE PULL COMMIT PULL LOGOUT PUSH,7,86.86,390467,0,0,0
sess_02875,user_022,server_16,server,LOGIN HTTP_GET ERROR_500 DB_WRITE ERROR_500 ERROR_500,6,357.0,272774,3,0,1
sess_03761,user_026,server_12,git,LOGIN READ_FILE PULL PUSH COMMIT PULL LOGOUT,7,76.0,332274,0,0,0
sess_02184,user_036,server_13,server,LOGIN DB_READ HTTP_GET HTTP_GET CACHE_READ LOGOUT,6,92.33,320597,0,0,0
sess_04042,user_085,server_05,server,LOGIN HTTP_GET CACHE_READ DB_READ HTTP_GET LOGOUT,6,78.17,251752,0,0,0
sess_00088,user_085,server_08,git,LOGIN PULL COMMIT READ_FILE PUSH LOGOUT,6,79.0,288728,0,0,0
sess_04637,user_002,server_02,server,LOGIN CACHE_READ DB_READ HTTP_GET DB_WRITE HTTP_POST LOGOUT,7,89.43,367674,0,0,0
sess_04817,user_091,server_17,git,LOGIN PULL READ_FILE PUSH LOGOUT COMMIT,6,94.33,250156,0,0,0
sess_02755,user_038,server_16,git,LOGIN READ_FILE PULL COMMIT READ_FILE PUSH LOGOUT,7,83.43,354791,0,0,0
sess_04448,user_065,server_04,git,LOGIN CLONE COMMIT READ_FILE PUSH LOGOUT,6,83.5,268329,0,0,0
sess_04729,user_082,server_06,server,LOGIN HTTP_GET CACHE_WRITE DB_READ HTTP_POST DB_WRITE LOGOUT,7,99.29,308618,0,0,0
sess_00843,user_080,server_15,git,LOGIN PULL READ_FILE COMMIT PULL PUSH LOGOUT,7,76.0,312598,0,0,0
sess_04872,user_062,server_08,server,LOGIN DB_READ HTTP_GET LOGOUT DB_WRITE HTTP_POST,6,89.67,321885,0,0,0
sess_01608,user_089,server_03,server,LOGIN HTTP_GET DB_READ HTTP_GET CACHE_READ CACHE_READ LOGOUT,7,87.86,340465,0,0,0
sess_01777,user_026,server_05,git,LOGIN FAILED_LOGIN FAILED_LOGIN DELETE_REPO DOWNLOAD FAILED_LOGIN,6,125.5,5199969,3,3,1
sess_02439,user_021,server_11,server,LOGIN HTTP_POST HTTP_GET DB_WRITE DB_READ CACHE_WRITE LOGOUT,7,95.43,392619,0,0,0
sess_03532,user_036,server_11,server,LOGIN HTTP_GET DB_READ HTTP_POST CACHE_WRITE DB_WRITE LOGOUT,7,94.86,374183,0,0,0
sess_03728,user_052,server_20,git,LOGIN CLONE READ_FILE LOGOUT COMMIT PUSH,6,89.33,282977,0,0,0
sess_01807,user_074,server_16,git,LOGIN READ_FILE PULL READ_FILE COMMIT PUSH PULL LOGOUT,8,86.62,378722,0,0,0
sess_03571,user_095,server_20,server,LOGIN HTTP_GET DB_READ HTTP_GET LOGOUT CACHE_READ,6,87.0,307361,0,0,0
sess_02965,user_068,server_02,server,LOGIN HTTP_GET LOGOUT DB_WRITE DB_READ HTTP_POST,6,83.5,271640,0,0,0
sess_00320,user_004,server_03,git,LOGIN PULL READ_FILE COMMIT PUSH LOGOUT,6,84.5,288717,0,0,0
sess_00660,user_025,server_18,server,LOGIN HTTP_GET HTTP_GET CACHE_READ DB_READ LOGOUT,6,81.83,288118,0,0,0
sess_01389,user_031,server_12,git,LOGIN CLONE COMMIT READ_FILE PUSH LOGOUT,6,86.67,398810,0,0,0
sess_04083,user_037,server_11,server,LOGIN HTTP_GET DB_READ DB_WRITE HTTP_POST LOGOUT CACHE_WRITE,7,90.43,351421,0,0,0
sess_03216,user_053,server_17,git,LOGIN PULL COMMIT LOGOUT READ_FILE PUSH PULL,7,111.57,333612,0,0,0
sess_02556,user_011,server_11,git,LOGIN FAILED_LOGIN FAILED_LOGIN DELETE_REPO FAILED_LOGIN DOWNLOAD,6,92.67,5160780,3,3,1
sess_04213,user_011,server_20,git,LOGIN READ_FILE PULL COMMIT PUSH LOGOUT,6,77.67,304121,0,0,0
sess_01791,user_073,server_20,server,LOGIN DB_READ HTTP_GET CACHE_READ LOGOUT HTTP_GET,6,96.83,312867,0,0,0
sess_02048,user_076,server_06,server,LOGIN HTTP_GET DB_READ LOGOUT CACHE_READ HTTP_GET,6,91.5,283900,0,0,0
sess_04055,user_027,server_06,git,LOGIN PULL COMMIT READ_FILE LOGOUT PUSH,6,88.33,320896,0,0,0
sess_03277,user_001,server_10,git,LOGIN PULL READ_FILE COMMIT LOGOUT PUSH,6,100.5,306301,0,0,0
sess_01670,user_009,server_02,git,LOGIN PULL READ_FILE COMMIT PULL LOGOUT PUSH,7,91.29,362359,0,0,0
sess_03239,user_024,server_18,git,LOGIN DOWNLOAD DOWNLOAD DELETE_REPO DOWNLOAD,5,88.8,15271657,0,0,1
sess_03207,user_009,server_19,git,LOGIN READ_FILE COMMIT PULL READ_FILE PUSH LOGOUT,7,97.0,325209,0,0,0
sess_04417,user_056,server_10,server,LOGIN DB_READ HTTP_GET HTTP_GET CACHE_READ LOGOUT,6,84.83,304623,0,0,0
sess_04027,user_004,server_12,server,LOGIN DB_READ HTTP_GET CACHE_WRITE HTTP_POST DB_WRITE LOGOUT,7,76.0,311111,0,0,0
sess_04143,user_015,server_06,git,LOGIN PUSH PULL READ_FILE LOGOUT COMMIT,6,86.83,314260,0,0,0
sess_02256,user_032,server_17,git,LOGIN PULL LOGOUT READ_FILE COMMIT PULL PUSH,7,95.29,362287,0,0,0
sess_04555,user_017,server_14,git,LOGIN PULL COMMIT READ_FILE PUSH PULL LOGOUT,7,97.71,314711,0,0,0
sess_01113,user_100,server_07,git,LOGIN COMMIT PULL READ_FILE CREATE_BRANCH PUSH LOGOUT,7,86.71,310511,0,0,0
sess_02750,user_087,server_14,git,LOGIN CREATE_BRANCH DELETE_REPO DOWNLOAD DOWNLOAD,5,88.2,9957735,0,0,1
sess_00322,user_029,server_07,git,LOGIN READ_FILE COMMIT PUSH CLONE READ_FILE LOGOUT,7,73.86,360351,0,0,0
sess_03939,user_087,server_09,git,LOGIN PULL READ_FILE CREATE_BRANCH COMMIT LOGOUT PUSH READ_FILE,8,91.12,331175,0,0,0
sess_03451,user_032,server_04,git,LOGIN PULL CREATE_BRANCH READ_FILE LOGOUT PUSH COMMIT,7,90.86,379154,0,0,0
sess_00243,user_055,server_01,git,LOGIN PULL COMMIT READ_FILE PULL PUSH LOGOUT,7,77.71,328710,0,0,0
sess_04780,user_096,server_09,git,LOGIN COMMIT PULL READ_FILE PUSH LOGOUT,6,83.0,269123,0,0,0
sess_01861,user_013,server_06,git,LOGIN CLONE LOGOUT COMMIT READ_FILE PUSH,6,108.67,290496,0,0,0
sess_03241,user_015,server_12,git,LOGIN PULL READ_FILE COMMIT LOGOUT PUSH,6,92.33,282407,0,0,0
sess_00467,user_025,server_15,server,LOGIN HTTP_GET HTTP_POST CACHE_WRITE DB_READ DB_WRITE LOGOUT,7,89.43,319051,0,0,0
sess_04975,user_031,server_06,git,LOGIN PULL PUSH READ_FILE COMMIT READ_FILE LOGOUT,7,74.29,368666,0,0,0
sess_00943,user_093,server_13,git,LOGIN PULL CREATE_BRANCH COMMIT READ_FILE LOGOUT PUSH,7,89.14,356812,0,0,0
sess_01713,user_008,server_09,git,LOGIN FAILED_LOGIN FAILED_LOGIN FAILED_LOGIN DOWNLOAD DELETE_REPO,6,103.5,4975908,3,3,1
sess_04492,user_094,server_18,server,LOGIN DB_READ HTTP_GET HTTP_GET CACHE_READ LOGOUT,6,70.33,266905,0,0,0
sess_03848,user_007,server_05,git,LOGIN CLONE COMMIT READ_FILE PUSH LOGOUT,6,98.5,293129,0,0,0
sess_01995,user_042,server_12,git,LOGIN COMMIT PULL READ_FILE PUSH LOGOUT,6,92.17,306003,0,0,0
sess_02011,user_099,server_15,git,LOGIN READ_FILE LOGOUT READ_FILE PULL COMMIT PUSH,7,89.71,327888,0,0,0
sess_03384,user_092,server_17,git,LOGIN COMMIT PULL PUSH LOGOUT READ_FILE,6,81.67,336817,0,0,0
sess_04707,user_007,server_17,server,LOGIN HTTP_GET DB_READ HTTP_POST CACHE_WRITE DB_WRITE LOGOUT,7,93.29,329291,0,0,0
sess_04047,user_024,server_09,server,LOGIN LOGOUT HTTP_GET CACHE_READ DB_READ HTTP_GET,6,88.33,248753,0,0,0
sess_03893,user_030,server_06,server,LOGIN HTTP_GET DB_READ CACHE_READ CACHE_WRITE LOGOUT HTTP_POST DB_WRITE,8,86.88,378501,0,0,0
sess_01044,user_050,server_05,git,LOGIN PULL PUSH READ_FILE COMMIT PULL LOGOUT,7,91.86,338766,0,0,0
sess_02544,user_016,server_10,server,LOGIN HTTP_GET DB_WRITE DB_READ LOGOUT CACHE_WRITE HTTP_POST CACHE_READ,8,108.62,397604,0,0,0
sess_01527,user_042,server_07,server,LOGIN DB_READ HTTP_GET CACHE_READ LOGOUT HTTP_GET,6,92.0,329472,0,0,0
sess_04694,user_075,server_16,server,LOGIN HTTP_GET DB_READ CACHE_READ HTTP_POST DB_WRITE CACHE_WRITE LOGOUT,8,90.38,363217,0,0,0
sess_00836,user_029,server_01,server,LOGIN DB_WRITE HTTP_GET DB_READ HTTP_POST LOGOUT CACHE_WRITE,7,87.86,348036,0,0,0
sess_02266,user_067,server_15,git,LOGIN READ_FILE PULL PULL COMMIT PUSH LOGOUT,7,73.14,412012,0,0,0
sess_03711,user_042,server_19,server,LOGIN HTTP_GET CACHE_READ HTTP_GET DB_READ LOGOUT,6,98.67,275964,0,0,0
sess_01775,user_080,server_02,server,LOGIN HTTP_GET DB_WRITE DB_READ HTTP_POST CACHE_WRITE LOGOUT,7,75.14,376461,0,0,0
sess_01122,user_097,server_19,git,LOGIN READ_FILE PULL PUSH COMMIT CREATE_BRANCH LOGOUT,7,93.29,357749,0,0,0
sess_02073,user_011,server_16,server,LOGIN HTTP_GET DB_READ LOGOUT HTTP_GET CACHE_READ,6,91.67,326559,0,0,0
sess_01980,user_039,server_03,server,LOGIN CACHE_READ HTTP_GET DB_READ HTTP_GET LOGOUT,6,101.33,297652,0,0,0
sess_02035,user_050,server_13,git,LOGIN CLONE READ_FILE LOGOUT PUSH COMMIT,6,80.0,290024,0,0,0
sess_04793,user_004,server_07,git,LOGIN PULL READ_FILE PUSH COMMIT LOGOUT,6,113.17,314454,0,0,0
sess_00705,user_019,server_03,server,LOGIN HTTP_GET HTTP_POST CACHE_WRITE DB_READ DB_WRITE LOGOUT,7,89.29,358466,0,0,0
sess_04648,user_022,server_12,git,LOGIN PULL COMMIT READ_FILE PULL PUSH READ_FILE LOGOUT,8,78.12,369534,0,0,0
sess_02559,user_005,server_10,server,LOGIN AUTH_FAILURE AUTH_FAILURE AUTH_FAILURE ERROR_500 HTTP_DELETE,6,222.67,293122,4,3,1
sess_00001,user_044,server_18,git,LOGIN READ_FILE PULL READ_FILE CREATE_BRANCH LOGOUT COMMIT PUSH,8,88.0,396753,0,0,0
sess_03405,user_100,server_07,server,LOGIN HTTP_GET CACHE_READ HTTP_GET LOGOUT DB_READ,6,104.67,267706,0,0,0
sess_01435,user_091,server_05,git,LOGIN PULL COMMIT LOGOUT READ_FILE CREATE_BRANCH PUSH,7,90.0,340385,0,0,0
sess_04229,user_007,server_20,git,LOGIN PULL READ_FILE PUSH CREATE_BRANCH COMMIT LOGOUT,7,72.0,321981,0,0,0
sess_01315,user_052,server_16,git,LOGIN PULL CREATE_BRANCH READ_FILE COMMIT LOGOUT PUSH,7,97.57,365720,0,0,0
sess_02647,user_042,server_06,git,LOGIN CLONE COMMIT READ_FILE PUSH LOGOUT,6,75.67,315139,0,0,0
sess_02865,user_008,server_14,server,LOGIN DB_READ HTTP_GET DB_WRITE LOGOUT HTTP_POST CACHE_WRITE,7,94.43,357512,0,0,0
sess_03483,user_042,server_01,git,LOGIN DOWNLOAD DOWNLOAD DELETE_REPO DOWNLOAD,5,82.2,14941127,0,0,1
sess_04312,user_034,server_03,git,LOGIN READ_FILE PULL PUSH CREATE_BRANCH COMMIT LOGOUT,7,107.57,333784,0,0,0
sess_01350,user_061,server_02,git,LOGIN CREATE_BRANCH READ_FILE PULL LOGOUT COMMIT PUSH,7,96.86,364859,0,0,0
sess_00102,user_100,server_19,server,LOGIN HTTP_GET DB_READ CACHE_WRITE DB_WRITE LOGOUT HTTP_POST,7,75.0,317400,0,0,0
sess_01018,user_068,server_06,git,LOGIN PULL CREATE_BRANCH READ_FILE COMMIT PUSH LOGOUT,7,92.0,362886,0,0,0
sess_00745,user_072,server_17,git,LOGIN PULL READ_FILE LOGOUT COMMIT PULL PUSH,7,101.86,338895,0,0,0
sess_03385,user_024,server_17,server,LOGIN HTTP_GET DB_WRITE ERROR_500 ERROR_500 ERROR_500,6,381.67,294546,3,0,1
sess_04502,user_025,server_19,server,LOGIN HTTP_GET HTTP_GET CACHE_READ DB_READ LOGOUT,6,77.67,275145,0,0,0
sess_03416,user_082,server_08,server,LOGIN CACHE_READ HTTP_GET DB_READ HTTP_GET LOGOUT,6,111.83,297154,0,0,0
sess_00040,user_042,server_11,git,LOGIN PULL COMMIT READ_FILE CREATE_BRANCH LOGOUT PUSH,7,96.43,419763,0,0,0
sess_03618,user_047,server_07,git,LOGIN COMMIT PULL READ_FILE PUSH LOGOUT,6,93.83,321413,0,0,0
sess_02711,user_025,server_07,server,LOGIN HTTP_GET DB_READ CACHE_READ LOGOUT HTTP_POST DB_WRITE CACHE_WRITE,8,92.62,398791,0,0,0
sess_02798,user_031,server_19,git,LOGIN CLONE READ_FILE COMMIT PUSH LOGOUT,6,88.0,321358,0,0,0
sess_03526,user_062,server_01,git,LOGIN PULL COMMIT READ_FILE LOGOUT PUSH PULL,7,96.0,347880,0,0,0
sess_01612,user_004,server_13,git,LOGIN PULL PUSH READ_FILE COMMIT PULL LOGOUT,7,94.0,383530,0,0,0
sess_04745,user_061,server_14,git,LOGIN PULL LOGOUT COMMIT READ_FILE CREATE_BRANCH PUSH,7,91.43,312391,0,0,0
sess_04282,user_003,server_01,git,LOGIN PULL PUSH READ_FILE LOGOUT COMMIT,6,66.83,300025,0,0,0
sess_03884,user_039,server_04,git,LOGIN PULL READ_FILE CREATE_BRANCH COMMIT LOGOUT PUSH,7,93.71,338687,0,0,0
sess_00181,user_020,server_15,git,LOGIN PULL COMMIT PUSH READ_FILE PULL LOGOUT,7,85.43,325438,0,0,0
sess_02811,user_048,server_20,server,LOGIN CACHE_READ HTTP_GET HTTP_GET DB_READ CACHE_READ LOGOUT,7,86.0,311824,0,0,0
sess_01537,user_027,server_13,server,LOGIN HTTP_GET HTTP_GET CACHE_READ DB_READ LOGOUT,6,84.67,294345,0,0,0
sess_04429,user_031,server_08,server,LOGIN CACHE_READ DB_READ HTTP_GET CACHE_READ LOGOUT HTTP_GET,7,77.0,294528,0,0,0
sess_04224,user_064,server_06,server,LOGIN HTTP_GET CACHE_READ DB_READ HTTP_GET LOGOUT,6,93.83,308134,0,0,0
sess_00159,user_074,server_16,git,LOGIN CREATE_BRANCH DOWNLOAD DELETE_REPO DOWNLOAD,5,73.8,9975113,0,0,1
sess_03994,user_072,server_20,server,LOGIN HTTP_GET CACHE_READ DB_READ DB_WRITE LOGOUT HTTP_POST,7,87.57,349950,0,0,0
sess_04441,user_068,server_19,git,LOGIN CREATE_BRANCH DOWNLOAD DOWNLOAD DELETE_REPO,5,84.8,9990180,0,0,1
sess_01766,user_078,server_08,server,LOGIN HTTP_GET DB_READ HTTP_GET CACHE_READ LOGOUT,6,71.5,272824,0,0,0
sess_02546,user_089,server_06,server,LOGIN HTTP_GET HTTP_GET HTTP_GET HTTP_GET ERROR_500 ERROR_500,7,256.71,322682,2,0,1
sess_03276,user_040,server_12,server,LOGIN HTTP_GET DB_READ HTTP_POST DB_WRITE CACHE_WRITE LOGOUT,7,82.29,300691,0,0,0
sess_00622,user_017,server_16,server,LOGIN CACHE_READ HTTP_GET HTTP_GET DB_READ LOGOUT,6,90.83,352364,0,0,0
sess_00099,user_031,server_01,server,LOGIN HTTP_GET CACHE_READ DB_READ HTTP_POST DB_WRITE LOGOUT,7,95.43,351746,0,0,0
sess_04095,user_056,server_11,git,LOGIN PUSH CLONE LOGOUT READ_FILE COMMIT,6,76.67,332662,0,0,0
sess_03020,user_017,server_06,server,LOGIN HTTP_GET HTTP_POST DB_READ CACHE_WRITE DB_WRITE LOGOUT,7,102.29,358073,0,0,0
sess_02591,user_081,server_15,server,LOGIN HTTP_GET CACHE_READ DB_READ DB_WRITE LOGOUT HTTP_POST,7,86.14,314742,0,0,0
sess_03037,user_004,server_13,git,LOGIN READ_FILE CLONE LOGOUT PUSH READ_FILE COMMIT,7,94.29,323961,0,0,0
sess_00009,user_090,server_18,git,LOGIN PULL READ_FILE CREATE_BRANCH PUSH LOGOUT COMMIT,7,86.14,390900,0,0,0
sess_02269,user_085,server_07,server,LOGIN HTTP_GET DB_READ HTTP_GET CACHE_READ LOGOUT,6,85.5,273181,0,0,0
sess_02282,user_009,server_06,server,LOGIN HTTP_GET DB_READ HTTP_POST DB_WRITE LOGOUT,6,82.0,318559,0,0,0
sess_02404,user_100,server_19,server,LOGIN HTTP_GET DB_READ DB_WRITE HTTP_POST CACHE_WRITE LOGOUT,7,98.29,336986,0,0,0
sess_04442,user_057,server_18,server,LOGIN HTTP_GET DB_READ DB_WRITE LOGOUT HTTP_POST,6,77.17,254975,0,0,0
sess_01299,user_009,server_03,git,LOGIN COMMIT PULL PUSH CREATE_BRANCH READ_FILE LOGOUT,7,82.57,342628,0,0,0
sess_03464,user_093,server_12,git,LOGIN READ_FILE PULL PUSH COMMIT LOGOUT,6,83.83,330625,0,0,0
sess_04922,user_060,server_20,git,LOGIN PULL READ_FILE READ_FILE PULL LOGOUT COMMIT PUSH,8,83.5,401419,0,0,0
sess_02472,user_017,server_05,git,LOGIN READ_FILE PUSH PULL CREATE_BRANCH LOGOUT COMMIT,7,92.43,387797,0,0,0
sess_03857,user_080,server_15,git,LOGIN PULL READ_FILE COMMIT LOGOUT PUSH,6,99.33,312050,0,0,0
sess_00260,user_013,server_01,server,LOGIN HTTP_GET HTTP_GET HTTP_GET HTTP_GET ERROR_500 ERROR_500,7,272.86,373625,2,0,1
sess_04450,user_039,server_12,server,LOGIN HTTP_GET DB_WRITE DB_READ LOGOUT HTTP_POST,6,97.0,306399,0,0,0
sess_00714,user_008,server_15,git,LOGIN CLONE READ_FILE COMMIT LOGOUT PUSH,6,87.17,322027,0,0,0
sess_04077,user_019,server_18,git,LOGIN CLONE COMMIT READ_FILE READ_FILE PUSH LOGOUT,7,92.14,290823,0,0,0
sess_02389,user_061,server_17,git,LOGIN PULL LOGOUT COMMIT READ_FILE PUSH,6,99.33,301398,0,0,0
sess_03551,user_087,server_18,server,LOGIN HTTP_GET DB_WRITE DB_READ HTTP_POST CACHE_READ LOGOUT,7,106.0,385197,0,0,0
sess_00902,user_010,server_09,git,LOGIN READ_FILE PUSH CLONE LOGOUT COMMIT,6,73.83,288493,0,0,0
sess_03200,user_015,server_04,git,LOGIN PULL READ_FILE PUSH COMMIT LOGOUT,6,88.0,275632,0,0,0
sess_04513,user_009,server_03,server,LOGIN HTTP_GET HTTP_POST DB_READ CACHE_WRITE DB_WRITE LOGOUT,7,103.14,358156,0,0,0
sess_04216,user_019,server_15,git,LOGIN CLONE READ_FILE PUSH COMMIT LOGOUT,6,86.67,288913,0,0,0
sess_01758,user_017,server_12,git,LOGIN PULL READ_FILE COMMIT PULL PUSH LOGOUT,7,85.57,327242,0,0,0
sess_03383,user_059,server_16,server,LOGIN HTTP_GET CACHE_READ DB_READ DB_WRITE HTTP_POST LOGOUT,7,83.29,364358,0,0,0
sess_04596,user_036,server_19,git,LOGIN CLONE READ_FILE PUSH LOGOUT COMMIT,6,95.5,337423,0,0,0
sess_03473,user_096,server_08,server,LOGIN HTTP_GET DB_READ DB_WRITE HTTP_POST LOGOUT,6,80.0,348843,0,0,0
sess_02275,user_033,server_10,server,LOGIN HTTP_GET HTTP_POST LOGOUT DB_READ DB_WRITE,6,62.67,314032,0,0,0
sess_02081,user_016,server_14,git,LOGIN READ_FILE READ_FILE PULL LOGOUT COMMIT PULL PUSH,8,91.62,414873,0,0,0
sess_00822,user_037,server_19,server,LOGIN HTTP_GET CACHE_READ LOGOUT DB_READ HTTP_GET,6,97.33,274243,0,0,0
sess_01252,user_086,server_07,server,LOGIN HTTP_GET LOGOUT HTTP_POST CACHE_WRITE DB_READ DB_WRITE,7,90.71,370263,0,0,0
sess_03995,user_095,server_06,git,LOGIN PULL READ_FILE LOGOUT COMMIT PUSH READ_FILE,7,101.57,381311,0,0,0
sess_04172,user_011,server_15,server,LOGIN HTTP_GET DB_WRITE DB_READ LOGOUT HTTP_POST,6,97.33,292683,0,0,0
sess_03079,user_047,server_08,server,LOGIN FILE_DOWNLOAD FILE_DOWNLOAD FILE_DOWNLOAD HTTP_DELETE,5,110.6,15054325,0,0,1
sess_00832,user_006,server_18,git,LOGIN PULL COMMIT READ_FILE LOGOUT PUSH,6,89.0,286915,0,0,0
sess_00033,user_100,server_07,server,LOGIN HTTP_GET DB_READ HTTP_POST DB_WRITE LOGOUT,6,77.67,269046,0,0,0
sess_01031,user_099,server_03,server,LOGIN CACHE_READ HTTP_GET HTTP_POST LOGOUT DB_READ DB_WRITE,7,78.86,356958,0,0,0
sess_01434,user_087,server_05,git,LOGIN PULL COMMIT PUSH READ_FILE LOGOUT,6,103.83,297312,0,0,0
sess_02050,user_028,server_15,git,LOGIN DOWNLOAD FAILED_LOGIN FAILED_LOGIN FAILED_LOGIN DELETE_REPO,6,96.17,5293617,3,3,1
sess_03757,user_018,server_16,git,LOGIN PUSH CLONE LOGOUT READ_FILE COMMIT,6,92.5,283112,0,0,0
sess_00691,user_027,server_03,git,LOGIN CREATE_BRANCH DELETE_REPO DOWNLOAD DOWNLOAD,5,94.0,10069932,0,0,1
sess_04004,user_071,server_10,git,LOGIN CLONE READ_FILE LOGOUT COMMIT PUSH,6,94.67,321192,0,0,0
sess_04534,user_045,server_01,server,LOGIN HTTP_GET DB_READ HTTP_POST DB_WRITE LOGOUT CACHE_WRITE,7,98.29,331681,0,0,0
sess_00507,user_034,server_05,git,LOGIN PULL READ_FILE COMMIT PUSH LOGOUT,6,97.17,328081,0,0,0
sess_03349,user_003,server_11,server,LOGIN HTTP_GET HTTP_POST DB_READ LOGOUT DB_WRITE CACHE_WRITE,7,101.57,371700,0,0,0
sess_03218,user_089,server_04,server,LOGIN FILE_DOWNLOAD FILE_DOWNLOAD FILE_DOWNLOAD HTTP_DELETE,5,89.8,14963055,0,0,1
sess_04661,user_024,server_12,server,LOGIN HTTP_GET CACHE_READ LOGOUT HTTP_GET DB_READ,6,107.33,339328,0,0,0
sess_02713,user_046,server_08,git,LOGIN CLONE PUSH READ_FILE READ_FILE COMMIT LOGOUT,7,90.71,305025,0,0,0
sess_02513,user_020,server_02,git,LOGIN CLONE COMMIT READ_FILE LOGOUT PUSH,6,69.83,313374,0,0,0
sess_03019,user_078,server_09,server,LOGIN HTTP_GET DB_READ HTTP_POST CACHE_WRITE LOGOUT DB_WRITE,7,100.0,348128,0,0,0
sess_00367,user_074,server_02,git,LOGIN DOWNLOAD DOWNLOAD DOWNLOAD DELETE_REPO,5,82.0,14872410,0,0,1
sess_03592,user_077,server_14,git,LOGIN FAILED_LOGIN FAILED_LOGIN FAILED_LOGIN DOWNLOAD DELETE_REPO,6,111.5,5074943,3,3,1
sess_04308,user_007,server_14,git,LOGIN CLONE READ_FILE COMMIT PUSH LOGOUT,6,91.67,269070,0,0,0
sess_01238,user_098,server_19,git,LOGIN PULL READ_FILE PUSH COMMIT PULL LOGOUT,7,88.0,360579,0,0,0
sess_01074,user_033,server_02,git,LOGIN PUSH CLONE COMMIT READ_FILE LOGOUT,6,77.33,322593,0,0,0
sess_03541,user_063,server_11,server,LOGIN HTTP_GET LOGOUT HTTP_GET DB_READ CACHE_READ,6,89.17,325723,0,0,0
sess_00473,user_030,server_04,server,LOGIN HTTP_GET HTTP_POST DB_READ DB_WRITE LOGOUT,6,80.67,302322,0,0,0
sess_01104,user_036,server_14,git,LOGIN FAILED_LOGIN FAILED_LOGIN DELETE_REPO FAILED_LOGIN DOWNLOAD,6,101.5,5232750,3,3,1
sess_00019,user_012,server_01,server,LOGIN HTTP_GET DB_READ LOGOUT CACHE_READ HTTP_GET,6,87.0,274029,0,0,0
sess_02178,user_071,server_16,server,LOGIN HTTP_GET ERROR_500 ERROR_500 ERROR_500 DB_WRITE,6,454.33,264214,3,0,1
sess_02854,user_021,server_05,server,LOGIN HTTP_GET CACHE_READ HTTP_GET LOGOUT DB_READ,6,98.17,337302,0,0,0
sess_00175,user_042,server_13,server,LOGIN HTTP_GET CACHE_READ LOGOUT HTTP_GET CACHE_READ DB_READ,7,98.14,313198,0,0,0
sess_03576,user_092,server_11,server,LOGIN DB_READ HTTP_GET HTTP_POST DB_WRITE LOGOUT,6,93.83,332119,0,0,0
sess_03963,user_007,server_10,git,LOGIN READ_FILE PULL LOGOUT COMMIT PUSH,6,82.17,331097,0,0,0
sess_03102,user_083,server_12,server,LOGIN HTTP_GET HTTP_GET DB_READ CACHE_READ LOGOUT,6,73.33,356174,0,0,0
sess_01004,user_070,server_19,server,LOGIN HTTP_GET DB_READ LOGOUT HTTP_GET CACHE_READ,6,82.0,296585,0,0,0
sess_03368,user_031,server_17,server,LOGIN CACHE_READ HTTP_GET DB_READ HTTP_GET LOGOUT CACHE_READ,7,81.86,314882,0,0,0
sess_01772,user_032,server_04,git,LOGIN DOWNLOAD CLONE PUSH DOWNLOAD DELETE_REPO,6,102.33,10087787,0,0,1
sess_03645,user_095,server_11,git,LOGIN CLONE READ_FILE COMMIT PUSH LOGOUT,6,79.83,283225,0,0,0
sess_00725,user_076,server_07,git,LOGIN PULL READ_FILE COMMIT LOGOUT PUSH,6,88.83,302560,0,0,0
sess_03069,user_010,server_02,server,LOGIN HTTP_GET DB_READ HTTP_POST LOGOUT DB_WRITE,6,90.17,334171,0,0,0
sess_01079,user_001,server_08,server,LOGIN HTTP_POST DB_READ HTTP_GET DB_WRITE LOGOUT,6,83.83,341068,0,0,0
sess_02291,user_004,server_16,git,LOGIN READ_FILE PULL PULL READ_FILE PUSH COMMIT LOGOUT,8,83.88,390088,0,0,0
sess_03691,user_081,server_10,git,LOGIN PULL COMMIT READ_FILE PUSH LOGOUT,6,73.67,307533,0,0,0
sess_04862,user_093,server_14,server,LOGIN DB_READ HTTP_GET HTTP_POST DB_WRITE CACHE_WRITE LOGOUT,7,96.57,370495,0,0,0
sess_01761,user_010,server_14,server,LOGIN CACHE_READ HTTP_GET HTTP_GET DB_READ LOGOUT CACHE_READ,7,93.14,373628,0,0,0
sess_04125,user_025,server_19,git,LOGIN PULL READ_FILE READ_FILE COMMIT PUSH LOGOUT,7,87.0,423002,0,0,0
sess_01536,user_002,server_13,git,LOGIN PULL READ_FILE PUSH COMMIT LOGOUT,6,98.67,298343,0,0,0
sess_04774,user_042,server_20,git,LOGIN PULL PUSH READ_FILE COMMIT PULL LOGOUT,7,96.71,339164,0,0,0
sess_02936,user_098,server_06,git,LOGIN CLONE COMMIT READ_FILE PUSH LOGOUT,6,83.0,278948,0,0,0
sess_04384,user_049,server_01,git,LOGIN LOGOUT PULL COMMIT READ_FILE PUSH,6,82.0,334915,0,0,0
sess_00635,user_038,server_07,server,LOGIN HTTP_GET CACHE_READ DB_READ HTTP_GET LOGOUT,6,99.33,297922,0,0,0
sess_04873,user_073,server_03,server,LOGIN HTTP_GET CACHE_READ HTTP_GET DB_READ LOGOUT,6,93.17,315787,0,0,0
sess_00349,user_023,server_05,server,LOGIN DB_READ HTTP_GET CACHE_READ LOGOUT HTTP_GET CACHE_READ,7,86.29,366317,0,0,0
sess_00643,user_014,server_20,server,LOGIN AUTH_FAILURE AUTH_FAILURE HTTP_DELETE AUTH_FAILURE ERROR_500,6,105.67,271368,4,3,1
sess_04484,user_044,server_18,server,LOGIN HTTP_GET CACHE_READ HTTP_GET LOGOUT CACHE_READ DB_READ,7,88.14,275322,0,0,0
sess_03644,user_042,server_06,server,LOGIN HTTP_GET DB_READ CACHE_WRITE HTTP_POST LOGOUT DB_WRITE,7,97.71,416630,0,0,0
sess_02540,user_081,server_20,git,LOGIN READ_FILE PULL CREATE_BRANCH LOGOUT COMMIT PUSH,7,73.86,334386,0,0,0
sess_02877,user_058,server_17,server,LOGIN HTTP_GET LOGOUT DB_WRITE DB_READ HTTP_POST,6,95.67,284580,0,0,0
sess_04967,user_036,server_03,server,LOGIN CACHE_WRITE HTTP_GET DB_READ HTTP_POST DB_WRITE LOGOUT,7,93.71,360978,0,0,0
sess_00394,user_080,server_05,git,LOGIN PULL COMMIT READ_FILE PUSH LOGOUT,6,84.17,303145,0,0,0
sess_03972,user_010,server_05,server,LOGIN HTTP_GET DB_WRITE DB_READ LOGOUT HTTP_POST,6,114.0,328680,0,0,0
sess_01845,user_025,server_12,server,LOGIN DB_READ HTTP_GET LOGOUT HTTP_POST DB_WRITE,6,90.0,291653,0,0,0
sess_03889,user_006,server_15,server,LOGIN HTTP_GET HTTP_POST DB_READ DB_WRITE LOGOUT,6,81.33,308150,0,0,0
sess_04175,user_008,server_05,server,LOGIN DB_READ HTTP_GET LOGOUT DB_WRITE HTTP_POST,6,103.17,305024,0,0,0
sess_00950,user_038,server_17,git,LOGIN READ_FILE PULL PUSH COMMIT LOGOUT,6,100.0,285898,0,0,0
sess_02148,user_072,server_20,server,LOGIN HTTP_GET LOGOUT CACHE_READ DB_READ HTTP_GET,6,91.67,291801,0,0,0
sess_00995,user_095,server_19,server,LOGIN HTTP_GET LOGOUT DB_READ DB_WRITE HTTP_POST,6,106.5,352632,0,0,0
sess_01856,user_011,server_15,server,LOGIN DB_READ HTTP_GET HTTP_POST DB_WRITE LOGOUT,6,87.83,318481,0,0,0
sess_02722,user_075,server_12,server,LOGIN HTTP_GET DB_READ CACHE_READ DB_WRITE HTTP_POST LOGOUT CACHE_WRITE,8,86.88,397580,0,0,0
sess_01759,user_045,server_05,git,LOGIN READ_FILE PULL PULL PUSH COMMIT LOGOUT,7,88.43,349181,0,0,0
sess_02878,user_051,server_11,git,LOGIN CLONE READ_FILE READ_FILE PUSH COMMIT LOGOUT,7,95.57,332701,0,0,0
sess_01567,user_088,server_16,git,LOGIN COMMIT PULL CREATE_BRANCH READ_FILE PUSH LOGOUT,7,86.71,362776,0,0,0
sess_01443,user_018,server_14,git,LOGIN PULL READ_FILE CREATE_BRANCH LOGOUT COMMIT PUSH,7,84.0,315393,0,0,0
sess_04547,user_063,server_09,git,LOGIN READ_FILE CLONE COMMIT PUSH LOGOUT,6,96.83,263784,0,0,0
sess_03339,user_034,server_09,server,LOGIN HTTP_GET DB_READ LOGOUT CACHE_READ HTTP_GET,6,74.0,308800,0,0,0
sess_04529,user_099,server_14,server,LOGIN HTTP_GET DB_READ HTTP_POST CACHE_WRITE LOGOUT DB_WRITE,7,83.29,338796,0,0,0
sess_04335,user_042,server_16,server,LOGIN DB_READ HTTP_GET HTTP_GET CACHE_READ LOGOUT,6,100.67,343315,0,0,0
sess_02909,user_077,server_03,server,LOGIN HTTP_GET CACHE_READ DB_READ HTTP_GET LOGOUT,6,85.0,274112,0,0,0
sess_04784,user_054,server_15,server,LOGIN HTTP_GET ERROR_500 ERROR_500 ERROR_500 DB_WRITE,6,432.17,299146,3,0,1
sess_01595,user_093,server_07,git,LOGIN CLONE DOWNLOAD DOWNLOAD PUSH DELETE_REPO,6,80.0,10195646,0,0,1
sess_04428,user_098,server_03,git,LOGIN PULL PUSH PULL READ_FILE COMMIT LOGOUT,7,117.0,357618,0,0,0
sess_02090,user_061,server_05,server,LOGIN HTTP_GET HTTP_POST DB_READ DB_WRITE CACHE_READ LOGOUT,7,89.0,360553,0,0,0
sess_00934,user_082,server_11,git,LOGIN CREATE_BRANCH DELETE_REPO DOWNLOAD DOWNLOAD,5,90.0,10172606,0,0,1
sess_01908,user_011,server_07,git,LOGIN PULL READ_FILE COMMIT PULL PUSH LOGOUT,7,81.57,392115,0,0,0
sess_03689,user_001,server_16,git,LOGIN PULL PUSH READ_FILE READ_FILE COMMIT CREATE_BRANCH LOGOUT,8,82.0,406956,0,0,0
sess_03703,user_052,server_04,server,LOGIN HTTP_GET HTTP_POST DB_READ CACHE_WRITE DB_WRITE LOGOUT,7,98.0,361745,0,0,0
sess_04621,user_095,server_16,server,LOGIN HTTP_GET CACHE_READ DB_READ HTTP_GET LOGOUT,6,101.0,284018,0,0,0
sess_02288,user_060,server_05,server,LOGIN HTTP_GET DB_READ CACHE_READ CACHE_WRITE HTTP_POST DB_WRITE LOGOUT,8,95.38,404400,0,0,0
sess_03488,user_018,server_20,server,LOGIN HTTP_GET CACHE_READ DB_READ HTTP_GET LOGOUT,6,98.17,265517,0,0,0
sess_01151,user_024,server_05,server,LOGIN HTTP_GET CACHE_READ HTTP_GET DB_READ CACHE_READ LOGOUT,7,85.57,362326,0,0,0
sess_03617,user_008,server_18,server,LOGIN DB_READ HTTP_GET HTTP_POST DB_WRITE LOGOUT CACHE_WRITE,7,107.29,378075,0,0,0
sess_00018,user_048,server_09,server,LOGIN HTTP_GET DB_READ HTTP_POST DB_WRITE LOGOUT,6,99.5,227061,0,0,0
sess_01859,user_008,server_10,git,LOGIN PULL CREATE_BRANCH READ_FILE READ_FILE PUSH LOGOUT COMMIT,8,99.38,458457,0,0,0
sess_03739,user_043,server_10,git,LOGIN PULL READ_FILE COMMIT PUSH LOGOUT,6,85.83,275916,0,0,0
sess_00493,user_093,server_19,server,LOGIN DB_READ HTTP_GET HTTP_POST DB_WRITE LOGOUT CACHE_WRITE,7,74.0,338430,0,0,0
sess_01278,user_078,server_19,git,LOGIN PULL READ_FILE COMMIT PUSH PULL LOGOUT,7,81.14,337387,0,0,0
sess_00565,user_078,server_13,server,LOGIN HTTP_GET DB_READ HTTP_POST CACHE_WRITE LOGOUT DB_WRITE,7,79.0,301117,0,0,0
sess_02188,user_063,server_02,server,LOGIN HTTP_GET DB_READ CACHE_READ HTTP_GET LOGOUT,6,87.5,309658,0,0,0
sess_04383,user_081,server_04,server,LOGIN DB_READ HTTP_GET LOGOUT DB_WRITE CACHE_READ HTTP_POST,7,91.0,338626,0,0,0
sess_01745,user_051,server_08,git,LOGIN CLONE READ_FILE COMMIT PUSH LOGOUT,6,93.83,275925,0,0,0
sess_01557,user_029,server_01,git,LOGIN CLONE READ_FILE COMMIT READ_FILE PUSH LOGOUT,7,80.0,353231,0,0,0
sess_03598,user_069,server_17,server,LOGIN HTTP_GET HTTP_GET HTTP_GET HTTP_GET ERROR_500 ERROR_500,7,232.29,334923,2,0,1
sess_02009,user_058,server_08,server,LOGIN CACHE_READ HTTP_GET DB_READ CACHE_READ LOGOUT HTTP_GET,7,83.71,398831,0,0,0
sess_03953,user_003,server_15,git,LOGIN CLONE READ_FILE COMMIT PUSH LOGOUT,6,82.33,297766,0,0,0
sess_00609,user_086,server_05,git,LOGIN READ_FILE PULL CREATE_BRANCH PUSH COMMIT READ_FILE LOGOUT,8,110.62,390286,0,0,0
sess_03965,user_050,server_05,server,LOGIN HTTP_GET DB_READ CACHE_READ HTTP_GET LOGOUT,6,97.67,304284,0,0,0
sess_01378,user_024,server_19,git,LOGIN DOWNLOAD CLONE PUSH DOWNLOAD DELETE_REPO,6,96.83,10065930,0,0,1
sess_03896,user_059,server_03,server,LOGIN HTTP_GET DB_READ HTTP_GET CACHE_READ LOGOUT,6,96.83,283336,0,0,0
sess_04974,user_048,server_14,git,LOGIN PULL PUSH READ_FILE PULL LOGOUT COMMIT,7,91.57,329460,0,0,0
sess_02241,user_100,server_01,server,LOGIN HTTP_GET DB_READ DB_WRITE CACHE_READ HTTP_POST LOGOUT,7,94.29,356332,0,0,0
sess_03998,user_027,server_02,server,LOGIN CACHE_READ HTTP_GET DB_READ HTTP_GET LOGOUT,6,106.17,285090,0,0,0
sess_01773,user_060,server_03,server,LOGIN HTTP_GET DB_READ HTTP_GET CACHE_READ LOGOUT,6,89.33,332779,0,0,0
sess_02623,user_038,server_19,git,LOGIN READ_FILE CLONE READ_FILE PUSH COMMIT LOGOUT,7,88.43,334166,0,0,0
sess_02744,user_088,server_06,git,LOGIN READ_FILE LOGOUT COMMIT CLONE READ_FILE PUSH,7,78.14,353269,0,0,0
sess_02124,user_023,server_06,git,LOGIN READ_FILE COMMIT PULL PUSH LOGOUT,6,90.67,330283,0,0,0
sess_00145,user_086,server_17,git,LOGIN COMMIT PULL READ_FILE LOGOUT PUSH,6,82.5,313258,0,0,0
sess_02328,user_020,server_18,git,LOGIN DELETE_REPO CREATE_BRANCH DOWNLOAD DOWNLOAD,5,92.0,10321981,0,0,1
sess_04752,user_038,server_05,git,LOGIN PULL READ_FILE COMMIT READ_FILE PULL PUSH LOGOUT,8,88.62,359671,0,0,0
sess_03597,user_030,server_01,server,LOGIN FILE_DOWNLOAD FILE_DOWNLOAD FILE_DOWNLOAD HTTP_DELETE,5,85.6,14990395,0,0,1
sess_04024,user_039,server_12,server,LOGIN HTTP_GET HTTP_POST DB_READ LOGOUT DB_WRITE,6,95.33,338578,0,0,0
sess_03100,user_003,server_09,git,LOGIN READ_FILE PUSH LOGOUT PULL COMMIT,6,88.67,269362,0,0,0
sess_00312,user_032,server_09,server,LOGIN DB_READ HTTP_GET CACHE_READ DB_WRITE LOGOUT HTTP_POST,7,93.29,353010,0,0,0
sess_03064,user_016,server_18,server,LOGIN CACHE_READ LOGOUT HTTP_GET DB_READ DB_WRITE HTTP_POST,7,102.57,343925,0,0,0
sess_04233,user_040,server_04,git,LOGIN PULL READ_FILE CREATE_BRANCH LOGOUT COMMIT PUSH,7,82.57,442132,0,0,0
sess_04449,user_019,server_12,server,LOGIN HTTP_GET DB_READ LOGOUT HTTP_GET CACHE_READ,6,89.0,309918,0,0,0
sess_01554,user_032,server_05,git,LOGIN PULL PUSH READ_FILE LOGOUT CREATE_BRANCH COMMIT,7,100.43,325142,0,0,0
sess_04906,user_072,server_16,server,LOGIN CACHE_READ CACHE_READ HTTP_GET HTTP_GET DB_READ LOGOUT,7,102.71,424360,0,0,0
sess_04122,user_056,server_11,git,LOGIN PULL LOGOUT READ_FILE PUSH COMMIT READ_FILE,7,83.71,327816,0,0,0
sess_02358,user_090,server_14,git,LOGIN PULL COMMIT READ_FILE LOGOUT PUSH,6,82.67,311946,0,0,0
sess_01748,user_080,server_12,server,LOGIN HTTP_GET ERROR_500 ERROR_500 ERROR_500 DB_WRITE,6,396.67,274159,3,0,1
sess_04406,user_047,server_20,git,LOGIN PULL CREATE_BRANCH READ_FILE COMMIT PUSH LOGOUT,7,78.14,329164,0,0,0
sess_02934,user_061,server_07,server,LOGIN DB_READ HTTP_GET HTTP_POST DB_WRITE CACHE_WRITE LOGOUT,7,93.57,365729,0,0,0
sess_04736,user_016,server_19,server,LOGIN HTTP_GET LOGOUT CACHE_READ DB_READ HTTP_GET,6,71.83,359084,0,0,0
sess_04598,user_014,server_10,git,LOGIN PULL READ_FILE COMMIT CREATE_BRANCH LOGOUT PUSH,7,94.14,398576,0,0,0
sess_02792,user_037,server_15,git,LOGIN PULL COMMIT PULL READ_FILE PUSH LOGOUT,7,96.29,387995,0,0,0
sess_04646,user_050,server_03,git,LOGIN READ_FILE READ_FILE CREATE_BRANCH PULL PUSH LOGOUT COMMIT,8,93.75,414484,0,0,0
sess_04151,user_088,server_04,git,LOGIN PULL CREATE_BRANCH READ_FILE COMMIT LOGOUT PUSH,7,101.71,314176,0,0,0
sess_00337,user_053,server_04,git,LOGIN DOWNLOAD DOWNLOAD DELETE_REPO DOWNLOAD,5,75.8,15172998,0,0,1
sess_03281,user_037,server_20,git,LOGIN READ_FILE CLONE COMMIT LOGOUT PUSH,6,89.5,316297,0,0,0
sess_00611,user_067,server_05,git,LOGIN PULL READ_FILE PUSH COMMIT PULL LOGOUT,7,87.71,338081,0,0,0
sess_01339,user_017,server_06,git,LOGIN CLONE COMMIT READ_FILE PUSH LOGOUT,6,85.17,333006,0,0,0
sess_01260,user_072,server_01,git,LOGIN PULL LOGOUT READ_FILE PUSH COMMIT PULL,7,92.57,329932,0,0,0
sess_03607,user_065,server_01,git,LOGIN CLONE COMMIT READ_FILE PUSH LOGOUT,6,93.67,349792,0,0,0
sess_04165,user_081,server_18,git,LOGIN PULL READ_FILE PUSH COMMIT LOGOUT READ_FILE,7,79.86,344050,0,0,0
sess_01390,user_040,server_09,git,LOGIN CLONE DOWNLOAD DELETE_REPO DOWNLOAD PUSH,6,98.17,10424731,0,0,1
sess_04289,user_029,server_20,server,LOGIN DB_READ HTTP_GET HTTP_GET CACHE_READ CACHE_READ LOGOUT,7,105.71,377348,0,0,0
sess_01239,user_024,server_19,server,LOGIN HTTP_GET DB_WRITE DB_READ HTTP_POST CACHE_WRITE LOGOUT,7,87.29,380415,0,0,0
sess_02285,user_021,server_06,server,LOGIN HTTP_GET ERROR_500 ERROR_500 ERROR_500 DB_WRITE,6,344.83,263056,3,0,1
sess_01404,user_004,server_01,git,LOGIN READ_FILE CLONE COMMIT READ_FILE PUSH LOGOUT,7,97.71,371199,0,0,0
sess_04751,user_015,server_11,server,LOGIN HTTP_GET CACHE_READ DB_READ HTTP_GET LOGOUT,6,89.33,293664,0,0,0
sess_01503,user_036,server_15,git,LOGIN DOWNLOAD DELETE_REPO DOWNLOAD DOWNLOAD,5,78.2,15119586,0,0,1
sess_02566,user_087,server_19,server,LOGIN HTTP_GET HTTP_GET HTTP_GET HTTP_GET ERROR_500 ERROR_500,7,270.43,332915,2,0,1
sess_03170,user_048,server_17,git,LOGIN PULL READ_FILE COMMIT LOGOUT PUSH,6,77.0,303050,0,0,0
sess_03846,user_028,server_01,git,LOGIN PULL COMMIT READ_FILE PULL LOGOUT PUSH,7,106.86,320579,0,0,0
sess_01479,user_004,server_11,server,LOGIN HTTP_GET HTTP_POST DB_READ CACHE_READ DB_WRITE LOGOUT,7,99.29,295568,0,0,0
sess_03666,user_022,server_17,git,LOGIN PULL PUSH PULL READ_FILE COMMIT LOGOUT,7,88.0,394531,0,0,0
sess_01186,user_043,server_05,server,LOGIN HTTP_GET DB_WRITE DB_READ HTTP_POST CACHE_WRITE LOGOUT,7,88.29,361311,0,0,0
sess_01822,user_044,server_03,server,LOGIN HTTP_GET ERROR_500 ERROR_500 ERROR_500 DB_WRITE,6,380.17,336395,3,0,1
sess_01133,user_069,server_06,git,LOGIN PULL COMMIT READ_FILE CREATE_BRANCH PUSH LOGOUT,7,100.86,293832,0,0,0
sess_00499,user_067,server_09,server,LOGIN HTTP_GET HTTP_POST DB_READ DB_WRITE LOGOUT,6,71.83,315838,0,0,0
sess_00727,user_018,server_07,git,LOGIN PULL READ_FILE COMMIT PUSH CREATE_BRANCH LOGOUT,7,85.86,374710,0,0,0
sess_03296,user_060,server_02,server,LOGIN HTTP_GET DB_WRITE DB_READ HTTP_POST CACHE_WRITE LOGOUT,7,78.0,349035,0,0,0
sess_03724,user_021,server_05,git,LOGIN PULL PUSH COMMIT READ_FILE LOGOUT,6,74.17,300825,0,0,0
sess_01934,user_075,server_02,git,LOGIN READ_FILE PULL COMMIT PUSH LOGOUT,6,86.0,276708,0,0,0
sess_03197,user_071,server_20,server,LOGIN HTTP_GET DB_READ LOGOUT HTTP_GET CACHE_READ,6,74.5,283747,0,0,0
sess_03912,user_054,server_11,git,LOGIN PULL CREATE_BRANCH READ_FILE PUSH COMMIT LOGOUT,7,96.43,296374,0,0,0
sess_04516,user_094,server_12,git,LOGIN PULL PUSH READ_FILE COMMIT LOGOUT,6,97.83,334368,0,0,0
sess_02557,user_010,server_04,git,LOGIN PULL READ_FILE PUSH COMMIT PULL LOGOUT,7,103.86,364483,0,0,0
sess_02478,user_074,server_09,server,LOGIN HTTP_GET LOGOUT HTTP_GET CACHE_READ DB_READ,6,94.67,269642,0,0,0
sess_03014,user_065,server_12,git,LOGIN PULL COMMIT PUSH READ_FILE CREATE_BRANCH LOGOUT,7,89.29,313726,0,0,0
sess_03061,user_039,server_07,git,LOGIN PULL LOGOUT READ_FILE PULL COMMIT PUSH,7,100.14,276749,0,0,0
sess_04162,user_053,server_18,server,LOGIN HTTP_GET DB_READ CACHE_WRITE HTTP_POST DB_WRITE LOGOUT,7,97.43,306998,0,0,0
sess_03859,user_078,server_14,git,LOGIN COMMIT PULL READ_FILE LOGOUT PUSH PULL,7,90.29,339801,0,0,0
sess_03022,user_055,server_15,git,LOGIN PULL CREATE_BRANCH READ_FILE PUSH COMMIT LOGOUT,7,72.0,377761,0,0,0
sess_01027,user_023,server_04,git,LOGIN READ_FILE PULL CREATE_BRANCH LOGOUT COMMIT PUSH,7,89.86,394285,0,0,0
sess_02571,user_073,server_18,server,LOGIN HTTP_GET ERROR_500 ERROR_500 ERROR_500 DB_WRITE,6,393.83,327734,3,0,1
sess_00380,user_034,server_08,git,LOGIN READ_FILE PULL COMMIT LOGOUT PULL PUSH,7,99.57,333043,0,0,0
sess_03970,user_027,server_05,git,LOGIN PULL READ_FILE COMMIT PULL LOGOUT PUSH,7,83.43,364790,0,0,0
sess_03436,user_094,server_02,git,LOGIN CLONE READ_FILE PUSH LOGOUT READ_FILE COMMIT,7,91.57,413154,0,0,0
sess_04446,user_039,server_06,git,LOGIN CLONE READ_FILE READ_FILE COMMIT PUSH LOGOUT,7,86.29,373800,0,0,0
sess_04604,user_088,server_16,git,LOGIN CLONE READ_FILE PUSH LOGOUT COMMIT,6,71.67,293411,0,0,0
sess_01788,user_013,server_14,server,LOGIN CACHE_READ HTTP_GET HTTP_GET CACHE_READ DB_READ LOGOUT,7,80.14,322396,0,0,0
sess_04544,user_057,server_05,server,LOGIN HTTP_GET HTTP_POST DB_READ CACHE_WRITE DB_WRITE LOGOUT,7,84.14,296080,0,0,0
sess_04364,user_080,server_10,server,LOGIN CACHE_READ HTTP_GET HTTP_GET DB_READ CACHE_READ LOGOUT,7,85.29,331051,0,0,0
sess_03459,user_051,server_05,git,LOGIN PULL COMMIT PUSH READ_FILE CREATE_BRANCH LOGOUT,7,92.86,350191,0,0,0
sess_03557,user_019,server_16,git,LOGIN PULL READ_FILE PULL PUSH COMMIT LOGOUT,7,91.0,332369,0,0,0
sess_01373,user_032,server_10,git,LOGIN PULL COMMIT CREATE_BRANCH LOGOUT READ_FILE PUSH,7,81.14,385402,0,0,0
sess_00514,user_013,server_07,server,LOGIN FILE_DOWNLOAD FILE_DOWNLOAD FILE_DOWNLOAD HTTP_DELETE,5,76.6,14952626,0,0,1
sess_04763,user_067,server_10,git,LOGIN PULL PULL COMMIT READ_FILE PUSH LOGOUT,7,85.0,361743,0,0,0
sess_04197,user_046,server_07,git,LOGIN CREATE_BRANCH DELETE_REPO DOWNLOAD DOWNLOAD,5,90.4,10078412,0,0,1
sess_02289,user_093,server_06,server,LOGIN FILE_DOWNLOAD FILE_DOWNLOAD HTTP_DELETE FILE_DOWNLOAD,5,98.8,14966416,0,0,1
sess_03633,user_099,server_17,server,LOGIN DB_READ HTTP_GET LOGOUT DB_WRITE HTTP_POST,6,84.0,325768,0,0,0
sess_01187,user_030,server_20,git,LOGIN DOWNLOAD DOWNLOAD DOWNLOAD DELETE_REPO,5,72.8,15143282,0,0,1
sess_04021,user_050,server_01,git,LOGIN CLONE COMMIT READ_FILE PUSH LOGOUT,6,77.33,273507,0,0,0
sess_03148,user_001,server_02,git,LOGIN CREATE_BRANCH DELETE_REPO DOWNLOAD DOWNLOAD,5,94.6,10031165,0,0,1
sess_04764,user_079,server_07,git,LOGIN PULL READ_FILE PULL COMMIT PUSH LOGOUT,7,92.86,292083,0,0,0
sess_00742,user_055,server_16,git,LOGIN READ_FILE COMMIT PULL READ_FILE PUSH LOGOUT,7,86.29,422951,0,0,0
sess_04617,user_092,server_05,server,LOGIN HTTP_GET HTTP_GET CACHE_READ LOGOUT DB_READ,6,91.0,319487,0,0,0
sess_02454,user_063,server_14,git,LOGIN PULL LOGOUT READ_FILE COMMIT PULL PUSH,7,71.14,371221,0,0,0
sess_04173,user_005,server_03,git,LOGIN FAILED_LOGIN FAILED_LOGIN FAILED_LOGIN DOWNLOAD DELETE_REPO,6,85.5,5159446,3,3,1
sess_00219,user_059,server_08,server,LOGIN HTTP_GET DB_READ LOGOUT HTTP_GET CACHE_READ,6,77.67,273482,0,0,0
sess_00736,user_063,server_14,server,LOGIN HTTP_GET HTTP_GET DB_READ LOGOUT CACHE_READ,6,75.5,323281,0,0,0
sess_00834,user_007,server_05,git,LOGIN CREATE_BRANCH PULL PUSH COMMIT READ_FILE LOGOUT,7,95.57,311043,0,0,0
sess_01137,user_015,server_13,server,LOGIN HTTP_GET DB_READ HTTP_GET CACHE_READ LOGOUT,6,93.83,311571,0,0,0
sess_01659,user_091,server_08,server,LOGIN HTTP_GET CACHE_READ DB_READ HTTP_GET LOGOUT,6,85.0,269711,0,0,0
sess_00806,user_070,server_15,git,LOGIN COMMIT PUSH READ_FILE PULL LOGOUT,6,76.0,311156,0,0,0
sess_00239,user_057,server_19,git,LOGIN READ_FILE CLONE READ_FILE COMMIT PUSH LOGOUT,7,90.57,374140,0,0,0
sess_01003,user_091,server_03,server,LOGIN ERROR_500 HTTP_GET HTTP_GET HTTP_GET ERROR_500 HTTP_GET,7,241.71,372460,2,0,1
sess_00734,user_044,server_19,server,LOGIN DB_READ HTTP_GET CACHE_READ HTTP_POST DB_WRITE LOGOUT CACHE_WRITE,8,101.25,423752,0,0,0
sess_04609,user_048,server_02,git,LOGIN PULL COMMIT READ_FILE LOGOUT PUSH,6,90.33,280780,0,0,0
sess_00427,user_004,server_11,server,LOGIN DB_READ HTTP_GET LOGOUT CACHE_READ HTTP_GET,6,83.5,273115,0,0,0
sess_04127,user_012,server_16,git,LOGIN CLONE READ_FILE COMMIT LOGOUT PUSH,6,90.5,300489,0,0,0
sess_02561,user_097,server_02,server,LOGIN HTTP_GET DB_READ CACHE_READ CACHE_READ HTTP_GET LOGOUT,7,90.0,396069,0,0,0
sess_00051,user_017,server_05,server,LOGIN HTTP_GET CACHE_READ HTTP_GET CACHE_READ DB_READ LOGOUT,7,90.0,333172,0,0,0
sess_02945,user_096,server_11,git,LOGIN READ_FILE CLONE PUSH LOGOUT COMMIT,6,81.67,341853,0,0,0
sess_00799,user_051,server_11,git,LOGIN READ_FILE CLONE COMMIT LOGOUT PUSH,6,90.17,278265,0,0,0
sess_02019,user_077,server_11,git,LOGIN CLONE COMMIT READ_FILE READ_FILE PUSH LOGOUT,7,90.57,325829,0,0,0
sess_02265,user_085,server_03,server,LOGIN HTTP_GET CACHE_READ DB_READ HTTP_GET LOGOUT,6,78.0,253475,0,0,0
sess_03973,user_094,server_19,server,LOGIN HTTP_GET DB_WRITE HTTP_POST DB_READ LOGOUT,6,90.17,296360,0,0,0
sess_02132,user_060,server_20,git,LOGIN CLONE COMMIT READ_FILE LOGOUT PUSH,6,93.33,277854,0,0,0
sess_04615,user_078,server_20,git,LOGIN PULL READ_FILE READ_FILE LOGOUT PUSH COMMIT,7,77.29,326862,0,0,0
sess_01160,user_027,server_18,server,LOGIN HTTP_GET CACHE_READ DB_READ HTTP_GET LOGOUT,6,73.5,261027,0,0,0
sess_00866,user_074,server_08,git,LOGIN PULL COMMIT PULL READ_FILE READ_FILE LOGOUT PUSH,8,88.0,417265,0,0,0
sess_03885,user_021,server_03,git,LOGIN PULL CREATE_BRANCH COMMIT READ_FILE PUSH LOGOUT,7,88.0,331820,0,0,0
sess_00752,user_009,server_09,server,LOGIN HTTP_GET DB_READ HTTP_POST DB_WRITE CACHE_WRITE LOGOUT,7,105.57,336867,0,0,0
sess_04241,user_085,server_05,git,LOGIN PULL READ_FILE COMMIT PULL PUSH LOGOUT,7,76.43,315996,0,0,0
sess_03871,user_096,server_06,git,LOGIN PULL READ_FILE READ_FILE CREATE_BRANCH PUSH COMMIT LOGOUT,8,100.0,383642,0,0,0
sess_01780,user_076,server_10,server,LOGIN HTTP_GET HTTP_GET CACHE_READ LOGOUT DB_READ,6,91.83,255965,0,0,0
sess_03946,user_040,server_18,git,LOGIN READ_FILE LOGOUT CLONE COMMIT PUSH,6,90.5,269096,0,0,0
sess_02913,user_084,server_08,server,LOGIN HTTP_GET DB_READ CACHE_READ CACHE_READ HTTP_GET LOGOUT,7,82.57,361328,0,0,0
sess_02314,user_060,server_09,git,LOGIN FAILED_LOGIN FAILED_LOGIN DELETE_REPO FAILED_LOGIN DOWNLOAD,6,95.17,5326090,3,3,1
sess_00820,user_081,server_20,server,LOGIN HTTP_GET HTTP_GET CACHE_READ DB_READ LOGOUT,6,85.67,342409,0,0,0
sess_04503,user_023,server_02,server,LOGIN CACHE_READ HTTP_GET DB_WRITE DB_READ HTTP_POST CACHE_WRITE LOGOUT,8,79.12,425311,0,0,0
sess_01529,user_057,server_14,server,LOGIN DB_READ HTTP_GET HTTP_POST DB_WRITE LOGOUT,6,83.33,290642,0,0,0
sess_03133,user_073,server_14,git,LOGIN PULL COMMIT READ_FILE PUSH LOGOUT,6,99.0,312107,0,0,0
sess_00954,user_090,server_20,git,LOGIN PULL READ_FILE PUSH COMMIT READ_FILE CREATE_BRANCH LOGOUT,8,93.0,390295,0,0,0
sess_03222,user_029,server_18,server,LOGIN DB_READ HTTP_GET CACHE_WRITE HTTP_POST DB_WRITE LOGOUT,7,94.43,342468,0,0,0
sess_04550,user_074,server_14,git,LOGIN PULL READ_FILE READ_FILE COMMIT PUSH LOGOUT,7,71.29,375659,0,0,0
sess_03065,user_002,server_07,git,LOGIN READ_FILE PULL COMMIT PUSH LOGOUT,6,97.67,310130,0,0,0
sess_04155,user_041,server_20,git,LOGIN PULL PUSH READ_FILE LOGOUT COMMIT PULL,7,81.57,336213,0,0,0
sess_04264,user_096,server_14,git,LOGIN COMMIT PULL READ_FILE READ_FILE PUSH PULL LOGOUT,8,85.38,354063,0,0,0
sess_01426,user_061,server_15,git,LOGIN FAILED_LOGIN FAILED_LOGIN FAILED_LOGIN DELETE_REPO DOWNLOAD,6,104.17,5299685,3,3,1
sess_04979,user_069,server_03,server,LOGIN HTTP_GET CACHE_WRITE DB_READ HTTP_POST DB_WRITE LOGOUT,7,89.71,306717,0,0,0
sess_01687,user_009,server_18,server,LOGIN HTTP_GET LOGOUT DB_READ HTTP_GET CACHE_READ,6,78.67,350714,0,0,0
sess_04893,user_099,server_16,git,LOGIN COMMIT PULL READ_FILE PULL LOGOUT PUSH,7,85.71,379402,0,0,0
sess_03787,user_093,server_05,server,LOGIN HTTP_GET HTTP_GET DB_READ CACHE_READ LOGOUT,6,79.83,271154,0,0,0
sess_03457,user_057,server_05,server,LOGIN FILE_DOWNLOAD FILE_DOWNLOAD FILE_DOWNLOAD HTTP_DELETE,5,107.2,15439790,0,0,1
sess_02134,user_013,server_07,server,LOGIN DB_READ CACHE_READ HTTP_GET HTTP_GET LOGOUT,6,82.67,237757,0,0,0
sess_02996,user_070,server_10,git,LOGIN PULL LOGOUT CREATE_BRANCH PUSH READ_FILE COMMIT,7,93.14,365791,0,0,0
sess_02112,user_067,server_11,git,LOGIN CLONE PUSH READ_FILE COMMIT LOGOUT,6,88.67,258313,0,0,0
sess_02856,user_042,server_01,server,LOGIN HTTP_GET DB_READ HTTP_POST CACHE_WRITE LOGOUT DB_WRITE,7,79.29,303841,0,0,0
sess_03282,user_043,server_05,server,LOGIN HTTP_GET HTTP_GET DB_READ CACHE_READ LOGOUT,6,93.17,289873,0,0,0
sess_01162,user_056,server_10,git,LOGIN PULL LOGOUT READ_FILE COMMIT PULL PUSH,7,88.14,372008,0,0,0
sess_03174,user_046,server_18,git,LOGIN PULL READ_FILE COMMIT PUSH LOGOUT PULL,7,99.0,345835,0,0,0
sess_04835,user_075,server_13,git,LOGIN CLONE READ_FILE COMMIT PUSH LOGOUT,6,103.5,318805,0,0,0
sess_02277,user_063,server_19,git,LOGIN COMMIT PULL READ_FILE PUSH LOGOUT,6,80.17,347671,0,0,0
sess_04722,user_058,server_04,git,LOGIN PULL PUSH READ_FILE COMMIT LOGOUT,6,75.67,332658,0,0,0
sess_01427,user_007,server_12,git,LOGIN COMMIT CLONE READ_FILE PUSH LOGOUT,6,78.17,278255,0,0,0
sess_00163,user_029,server_07,server,LOGIN HTTP_GET CACHE_READ DB_READ HTTP_GET LOGOUT,6,98.83,288817,0,0,0
sess_02121,user_022,server_04,git,LOGIN CLONE READ_FILE COMMIT LOGOUT PUSH,6,79.5,287941,0,0,0
sess_02435,user_054,server_20,git,LOGIN PULL READ_FILE COMMIT PULL LOGOUT PUSH,7,95.14,361302,0,0,0
sess_00430,user_067,server_02,server,LOGIN HTTP_GET CACHE_READ DB_READ CACHE_READ HTTP_GET LOGOUT,7,77.29,334180,0,0,0
sess_03047,user_087,server_05,server,LOGIN HTTP_GET CACHE_WRITE DB_READ HTTP_POST DB_WRITE LOGOUT,7,89.57,309227,0,0,0
sess_00134,user_065,server_18,server,LOGIN DB_READ CACHE_READ HTTP_GET LOGOUT HTTP_GET,6,101.83,299703,0,0,0
sess_03498,user_060,server_11,git,LOGIN READ_FILE PULL READ_FILE PULL COMMIT LOGOUT PUSH,8,88.0,355231,0,0,0
sess_02960,user_032,server_05,server,LOGIN HTTP_GET DB_WRITE DB_READ HTTP_POST LOGOUT,6,76.17,273633,0,0,0
sess_03780,user_092,server_17,git,LOGIN PUSH PULL CREATE_BRANCH COMMIT READ_FILE LOGOUT,7,86.43,369312,0,0,0
sess_00749,user_091,server_10,server,LOGIN HTTP_GET HTTP_GET DB_READ LOGOUT CACHE_READ,6,100.0,278122,0,0,0
sess_03249,user_045,server_04,git,LOGIN READ_FILE PULL PUSH LOGOUT COMMIT PULL,7,103.29,399231,0,0,0
sess_02895,user_016,server_01,server,LOGIN HTTP_GET CACHE_READ CACHE_READ HTTP_GET LOGOUT DB_READ,7,93.0,379954,0,0,0
sess_04983,user_064,server_06,git,LOGIN PULL READ_FILE PUSH COMMIT LOGOUT,6,82.83,296653,0,0,0
sess_03659,user_041,server_01,server,LOGIN HTTP_GET CACHE_READ HTTP_POST DB_READ LOGOUT DB_WRITE CACHE_WRITE,8,69.62,464879,0,0,0
sess_02760,user_034,server_04,server,LOGIN HTTP_GET DB_READ CACHE_WRITE HTTP_POST DB_WRITE LOGOUT,7,87.43,373123,0,0,0
sess_02720,user_069,server_20,git,LOGIN PUSH PULL READ_FILE COMMIT LOGOUT,6,89.17,302922,0,0,0
sess_01541,user_001,server_12,git,LOGIN READ_FILE CLONE COMMIT PUSH LOGOUT,6,101.5,259154,0,0,0
sess_03215,user_024,server_09,server,LOGIN HTTP_GET CACHE_READ HTTP_GET LOGOUT DB_READ,6,97.17,307592,0,0,0
sess_01323,user_006,server_01,server,LOGIN HTTP_GET CACHE_READ DB_READ LOGOUT HTTP_GET,6,82.33,327914,0,0,0
sess_00406,user_065,server_08,server,LOGIN HTTP_GET CACHE_READ DB_READ HTTP_GET LOGOUT,6,98.33,296546,0,0,0
sess_03978,user_043,server_03,git,LOGIN READ_FILE PULL READ_FILE COMMIT PUSH LOGOUT,7,90.57,366832,0,0,0
sess_02016,user_062,server_02,server,LOGIN CACHE_READ DB_WRITE HTTP_GET DB_READ LOGOUT HTTP_POST,7,94.43,338065,0,0,0
sess_00765,user_073,server_10,git,LOGIN PULL READ_FILE READ_FILE COMMIT PULL PUSH LOGOUT,8,79.38,396358,0,0,0
sess_02415,user_077,server_13,git,LOGIN READ_FILE READ_FILE PULL LOGOUT PUSH COMMIT,7,99.29,310598,0,0,0
sess_02145,user_052,server_08,git,LOGIN READ_FILE CLONE READ_FILE PUSH COMMIT LOGOUT,7,90.86,337739,0,0,0
sess_00338,user_036,server_15,server,LOGIN HTTP_GET CACHE_READ HTTP_GET DB_READ LOGOUT,6,81.0,334816,0,0,0
sess_02380,user_032,server_15,git,LOGIN CLONE COMMIT READ_FILE PUSH LOGOUT,6,92.33,292434,0,0,0
sess_00002,user_090,server_11,git,LOGIN READ_FILE PULL CREATE_BRANCH COMMIT PUSH LOGOUT,7,90.57,377327,0,0,0
sess_02905,user_065,server_14,git,LOGIN PULL LOGOUT READ_FILE COMMIT PULL PUSH,7,95.29,377829,0,0,0
sess_00070,user_075,server_17,server,LOGIN HTTP_GET ERROR_500 ERROR_500 ERROR_500 DB_WRITE,6,352.5,292567,3,0,1
sess_03514,user_098,server_02,git,LOGIN PULL PULL READ_FILE COMMIT PUSH LOGOUT,7,103.71,334903,0,0,0
sess_03590,user_046,server_12,server,LOGIN HTTP_GET CACHE_READ HTTP_GET LOGOUT DB_READ,6,94.83,344110,0,0,0
sess_00435,user_045,server_11,server,LOGIN HTTP_GET HTTP_GET DB_READ CACHE_READ LOGOUT,6,93.83,280388,0,0,0
sess_02403,user_086,server_15,git,LOGIN PULL PUSH READ_FILE COMMIT LOGOUT,6,73.33,301835,0,0,0
sess_03169,user_016,server_10,server,LOGIN HTTP_GET DB_READ HTTP_GET LOGOUT CACHE_READ CACHE_READ,7,96.57,354320,0,0,0
sess_00413,user_037,server_03,server,LOGIN HTTP_GET LOGOUT CACHE_READ DB_READ HTTP_GET,6,82.33,293219,0,0,0
sess_03595,user_054,server_02,server,LOGIN DB_WRITE HTTP_GET DB_READ HTTP_POST LOGOUT,6,85.5,331391,0,0,0
sess_00105,user_071,server_05,server,LOGIN HTTP_GET HTTP_GET ERROR_500 HTTP_GET HTTP_GET ERROR_500,7,263.43,337464,2,0,1
sess_03165,user_014,server_12,server,LOGIN HTTP_GET HTTP_POST DB_READ DB_WRITE CACHE_WRITE LOGOUT,7,103.43,324729,0,0,0
sess_01352,user_052,server_18,git,LOGIN CLONE DOWNLOAD PUSH DOWNLOAD DELETE_REPO,6,79.83,10226697,0,0,1
sess_04040,user_004,server_12,server,LOGIN AUTH_FAILURE AUTH_FAILURE AUTH_FAILURE ERROR_500 HTTP_DELETE,6,175.17,298093,4,3,1
sess_01799,user_056,server_03,git,LOGIN PULL READ_FILE COMMIT PUSH CREATE_BRANCH LOGOUT,7,96.14,335952,0,0,0
sess_02582,user_029,server_04,server,LOGIN HTTP_GET DB_READ CACHE_READ HTTP_GET LOGOUT,6,80.17,285806,0,0,0
sess_02267,user_086,server_06,server,LOGIN DB_READ HTTP_GET HTTP_POST LOGOUT CACHE_READ CACHE_WRITE DB_WRITE,8,89.12,396326,0,0,0
sess_00429,user_099,server_02,server,LOGIN HTTP_GET CACHE_READ DB_READ HTTP_GET LOGOUT CACHE_READ,7,82.14,371478,0,0,0
sess_02039,user_084,server_10,git,LOGIN PULL READ_FILE PUSH LOGOUT COMMIT,6,97.33,334392,0,0,0
sess_00513,user_006,server_15,git,LOGIN PULL PUSH LOGOUT READ_FILE COMMIT PULL,7,97.43,376355,0,0,0
sess_04177,user_072,server_20,git,LOGIN CLONE DOWNLOAD DELETE_REPO DOWNLOAD PUSH,6,86.83,9990597,0,0,1
sess_01498,user_041,server_03,git,LOGIN PULL PULL READ_FILE COMMIT PUSH LOGOUT,7,92.86,328856,0,0,0
sess_03072,user_010,server_10,git,LOGIN PULL COMMIT READ_FILE LOGOUT PUSH,6,88.33,299743,0,0,0
sess_01619,user_051,server_07,server,LOGIN AUTH_FAILURE AUTH_FAILURE ERROR_500 HTTP_DELETE AUTH_FAILURE,6,213.33,238743,4,3,1
sess_01101,user_072,server_06,server,LOGIN HTTP_GET DB_READ DB_WRITE HTTP_POST CACHE_WRITE LOGOUT,7,101.43,412681,0,0,0
sess_03175,user_006,server_12,server,LOGIN HTTP_GET HTTP_POST DB_READ DB_WRITE CACHE_WRITE CACHE_READ LOGOUT,8,89.38,328663,0,0,0
sess_03254,user_016,server_11,git,LOGIN PULL READ_FILE PUSH COMMIT LOGOUT,6,101.17,303788,0,0,0
sess_02521,user_002,server_19,git,LOGIN READ_FILE PULL PULL COMMIT PUSH LOGOUT,7,75.14,313184,0,0,0
sess_02768,user_085,server_19,server,LOGIN HTTP_GET DB_READ CACHE_READ HTTP_GET LOGOUT,6,80.0,336582,0,0,0
sess_03835,user_001,server_08,server,LOGIN HTTP_GET HTTP_POST LOGOUT DB_READ CACHE_WRITE DB_WRITE,7,89.71,315818,0,0,0
sess_01131,user_002,server_20,server,LOGIN HTTP_GET LOGOUT DB_READ DB_WRITE HTTP_POST,6,87.17,283073,0,0,0
sess_04056,user_057,server_11,git,LOGIN FAILED_LOGIN FAILED_LOGIN DOWNLOAD FAILED_LOGIN DELETE_REPO,6,93.0,5146401,3,3,1
sess_02063,user_091,server_05,git,LOGIN PULL READ_FILE LOGOUT PUSH COMMIT CREATE_BRANCH,7,85.0,357822,0,0,0
sess_01719,user_047,server_04,server,LOGIN HTTP_GET HTTP_GET HTTP_GET ERROR_500 HTTP_GET ERROR_500,7,289.57,335497,2,0,1
sess_01617,user_052,server_18,git,LOGIN PULL READ_FILE READ_FILE COMMIT LOGOUT PUSH,7,83.29,332880,0,0,0
sess_02940,user_066,server_08,git,LOGIN CLONE READ_FILE COMMIT PUSH LOGOUT,6,91.67,276636,0,0,0
sess_01770,user_026,server_11,server,LOGIN HTTP_GET DB_WRITE DB_READ LOGOUT HTTP_POST,6,87.83,327061,0,0,0
sess_02520,user_023,server_12,server,LOGIN HTTP_GET DB_READ LOGOUT HTTP_GET CACHE_READ,6,99.17,295698,0,0,0
sess_02793,user_094,server_14,server,LOGIN AUTH_FAILURE ERROR_500 AUTH_FAILURE AUTH_FAILURE HTTP_DELETE,6,157.83,235680,4,3,1
sess_03201,user_051,server_15,git,LOGIN PULL READ_FILE COMMIT PULL LOGOUT PUSH,7,84.86,402330,0,0,0
sess_00036,user_060,server_10,server,LOGIN HTTP_GET HTTP_POST DB_READ DB_WRITE LOGOUT CACHE_WRITE,7,96.86,397262,0,0,0
sess_00796,user_088,server_15,server,LOGIN HTTP_GET HTTP_GET DB_READ LOGOUT CACHE_READ,6,100.83,276289,0,0,0
sess_04957,user_086,server_12,server,LOGIN CACHE_READ LOGOUT HTTP_GET CACHE_READ HTTP_GET DB_READ,7,81.71,364421,0,0,0
sess_00437,user_051,server_07,server,LOGIN CACHE_READ HTTP_GET DB_READ HTTP_GET LOGOUT,6,88.83,259792,0,0,0
sess_04958,user_050,server_19,git,LOGIN PULL READ_FILE COMMIT LOGOUT PULL PUSH,7,75.0,325996,0,0,0
sess_02332,user_041,server_13,server,LOGIN HTTP_GET ERROR_500 ERROR_500 ERROR_500 DB_WRITE,6,506.17,345772,3,0,1
sess_01193,user_059,server_10,git,LOGIN READ_FILE PULL PUSH READ_FILE COMMIT LOGOUT PULL,8,99.5,448756,0,0,0
sess_01183,user_048,server_12,git,LOGIN PULL READ_FILE READ_FILE PUSH COMMIT PULL LOGOUT,8,86.62,411225,0,0,0
sess_00596,user_036,server_01,server,LOGIN CACHE_READ HTTP_GET DB_READ LOGOUT HTTP_GET,6,91.33,303370,0,0,0
sess_02264,user_043,server_13,server,LOGIN HTTP_GET HTTP_POST DB_READ CACHE_WRITE LOGOUT DB_WRITE,7,64.43,350135,0,0,0
sess_01968,user_052,server_05,git,LOGIN PULL READ_FILE READ_FILE COMMIT CREATE_BRANCH PUSH LOGOUT,8,78.5,385654,0,0,0
sess_01496,user_016,server_20,git,LOGIN READ_FILE PULL COMMIT PULL PUSH LOGOUT,7,90.29,382340,0,0,0
sess_04424,user_050,server_16,git,LOGIN PULL READ_FILE PUSH COMMIT READ_FILE LOGOUT,7,88.43,373202,0,0,0
sess_03621,user_076,server_03,server,LOGIN HTTP_GET ERROR_500 ERROR_500 ERROR_500 DB_WRITE,6,337.83,296261,3,0,1
sess_01565,user_037,server_10,git,LOGIN PULL READ_FILE PULL COMMIT LOGOUT PUSH,7,96.71,387606,0,0,0
sess_04115,user_071,server_12,git,LOGIN PULL CREATE_BRANCH PUSH READ_FILE LOGOUT COMMIT,7,78.0,342724,0,0,0
sess_01008,user_063,server_01,server,LOGIN HTTP_GET DB_READ HTTP_GET CACHE_READ LOGOUT,6,80.0,329043,0,0,0
sess_01897,user_076,server_19,server,LOGIN FILE_DOWNLOAD FILE_DOWNLOAD FILE_DOWNLOAD HTTP_DELETE,5,84.8,15379677,0,0,1
sess_01823,user_048,server_13,git,LOGIN PUSH PULL READ_FILE COMMIT LOGOUT,6,98.0,311809,0,0,0
sess_01367,user_055,server_19,git,LOGIN CLONE READ_FILE COMMIT LOGOUT PUSH,6,96.67,247777,0,0,0
sess_04976,user_087,server_02,server,LOGIN DB_READ HTTP_GET HTTP_POST DB_WRITE LOGOUT,6,84.17,232669,0,0,0
sess_04510,user_033,server_14,server,LOGIN HTTP_GET DB_READ HTTP_POST LOGOUT DB_WRITE,6,83.0,270644,0,0,0
sess_00309,user_078,server_16,server,LOGIN HTTP_GET CACHE_READ HTTP_GET LOGOUT DB_READ,6,94.5,266546,0,0,0
sess_02246,user_085,server_07,server,LOGIN DB_READ HTTP_GET LOGOUT HTTP_GET CACHE_READ,6,78.67,285837,0,0,0
sess_03245,user_061,server_07,git,LOGIN PULL READ_FILE COMMIT LOGOUT PUSH,6,80.0,297401,0,0,0
sess_04940,user_006,server_17,git,LOGIN CLONE COMMIT READ_FILE PUSH LOGOUT,6,72.83,297531,0,0,0
sess_04964,user_081,server_06,server,LOGIN HTTP_GET DB_READ HTTP_POST CACHE_READ CACHE_WRITE DB_WRITE LOGOUT,8,82.12,416258,0,0,0
sess_01550,user_028,server_20,git,LOGIN DOWNLOAD CREATE_BRANCH DOWNLOAD DELETE_REPO,5,92.2,10150846,0,0,1
sess_03774,user_047,server_11,git,LOGIN CLONE READ_FILE COMMIT PUSH LOGOUT,6,82.83,300414,0,0,0
sess_04670,user_077,server_09,git,LOGIN PULL READ_FILE PULL LOGOUT COMMIT PUSH,7,87.71,322106,0,0,0
sess_00787,user_093,server_15,git,LOGIN PULL READ_FILE PULL PUSH COMMIT LOGOUT,7,95.29,401874,0,0,0
sess_02047,user_065,server_20,git,LOGIN READ_FILE PULL READ_FILE LOGOUT PULL COMMIT PUSH,8,88.88,423312,0,0,0
sess_02602,user_083,server_07,server,LOGIN HTTP_GET HTTP_GET CACHE_READ DB_READ LOGOUT,6,78.67,251070,0,0,0
sess_01330,user_046,server_02,server,LOGIN HTTP_GET CACHE_READ HTTP_GET DB_READ LOGOUT,6,85.33,258077,0,0,0
sess_02045,user_062,server_01,git,LOGIN PULL PULL COMMIT READ_FILE PUSH LOGOUT,7,81.0,292982,0,0,0
sess_01073,user_036,server_09,git,LOGIN PULL COMMIT PUSH LOGOUT READ_FILE PULL,7,88.86,369689,0,0,0
sess_03925,user_016,server_06,git,LOGIN PULL READ_FILE COMMIT CREATE_BRANCH PUSH LOGOUT,7,92.57,328373,0,0,0
sess_01925,user_015,server_04,git,LOGIN READ_FILE READ_FILE LOGOUT COMMIT PULL CREATE_BRANCH PUSH,8,75.5,393256,0,0,0
sess_00979,user_085,server_20,git,LOGIN PULL READ_FILE PUSH COMMIT LOGOUT PULL READ_FILE,8,98.5,347297,0,0,0
sess_03587,user_025,server_06,server,LOGIN DB_READ HTTP_GET LOGOUT HTTP_GET CACHE_READ,6,94.67,327607,0,0,0
sess_04121,user_083,server_20,git,LOGIN READ_FILE CLONE COMMIT PUSH LOGOUT,6,83.33,289651,0,0,0
sess_00673,user_032,server_14,git,LOGIN READ_FILE PULL READ_FILE LOGOUT PUSH COMMIT,7,78.29,317387,0,0,0
sess_02430,user_030,server_08,git,LOGIN READ_FILE PUSH PULL READ_FILE COMMIT LOGOUT,7,101.43,316924,0,0,0
sess_01413,user_048,server_05,server,LOGIN HTTP_GET DB_READ CACHE_WRITE HTTP_POST DB_WRITE LOGOUT,7,79.0,356913,0,0,0
sess_02563,user_075,server_12,server,LOGIN DB_READ DB_WRITE HTTP_GET CACHE_WRITE HTTP_POST LOGOUT,7,100.43,382197,0,0,0
sess_01873,user_009,server_19,git,LOGIN READ_FILE PULL LOGOUT PUSH COMMIT PULL,7,97.29,322869,0,0,0
sess_03622,user_009,server_12,git,LOGIN PULL LOGOUT PUSH READ_FILE COMMIT PULL,7,93.71,362009,0,0,0
sess_03967,user_050,server_19,server,LOGIN ERROR_500 HTTP_GET HTTP_GET HTTP_GET ERROR_500 HTTP_GET,7,209.86,293038,2,0,1
sess_04160,user_067,server_10,git,LOGIN DOWNLOAD CLONE DOWNLOAD DELETE_REPO PUSH,6,93.5,10133842,0,0,1
sess_02299,user_093,server_11,server,LOGIN HTTP_GET DB_READ DB_WRITE LOGOUT HTTP_POST,6,83.67,283698,0,0,0
sess_02437,user_048,server_04,git,LOGIN DOWNLOAD DOWNLOAD DOWNLOAD DELETE_REPO,5,67.8,14916420,0,0,1
sess_01985,user_092,server_16,server,LOGIN HTTP_GET DB_READ HTTP_POST DB_WRITE LOGOUT,6,75.0,283912,0,0,0
sess_02066,user_081,server_06,git,LOGIN PULL COMMIT READ_FILE PULL LOGOUT PUSH,7,86.71,381739,0,0,0
sess_01271,user_100,server_20,server,LOGIN AUTH_FAILURE AUTH_FAILURE HTTP_DELETE AUTH_FAILURE ERROR_500,6,218.5,244184,4,3,1
sess_01205,user_013,server_15,server,LOGIN HTTP_GET HTTP_GET DB_READ CACHE_READ LOGOUT,6,99.5,332992,0,0,0
sess_04190,user_027,server_09,server,LOGIN HTTP_GET CACHE_READ DB_READ HTTP_GET LOGOUT,6,100.5,259398,0,0,0
sess_01893,user_011,server_11,git,LOGIN READ_FILE READ_FILE PULL LOGOUT COMMIT PUSH,7,73.86,358649,0,0,0
sess_02155,user_070,server_12,git,LOGIN CLONE READ_FILE PUSH LOGOUT COMMIT,6,99.5,314539,0,0,0
sess_04247,user_097,server_18,server,LOGIN CACHE_READ HTTP_GET HTTP_GET LOGOUT DB_READ,6,94.5,282395,0,0,0
sess_04852,user_083,server_17,server,LOGIN DB_READ HTTP_GET HTTP_GET CACHE_READ CACHE_READ LOGOUT,7,89.0,367015,0,0,0
sess_03717,user_037,server_13,git,LOGIN CREATE_BRANCH DOWNLOAD DELETE_REPO DOWNLOAD,5,87.0,9820725,0,0,1
sess_02797,user_083,server_18,server,LOGIN HTTP_GET HTTP_GET LOGOUT CACHE_READ DB_READ,6,101.83,313246,0,0,0
sess_04853,user_083,server_10,git,LOGIN COMMIT READ_FILE PUSH CLONE LOGOUT,6,105.83,259004,0,0,0
sess_01729,user_089,server_16,git,LOGIN PULL COMMIT LOGOUT READ_FILE PUSH,6,96.83,305013,0,0,0
sess_02101,user_031,server_17,server,LOGIN HTTP_GET HTTP_GET CACHE_READ DB_READ LOGOUT,6,87.83,322932,0,0,0
sess_04345,user_055,server_04,server,LOGIN HTTP_GET HTTP_POST CACHE_WRITE DB_READ LOGOUT DB_WRITE,7,82.57,337793,0,0,0
sess_00996,user_077,server_07,git,LOGIN PULL COMMIT READ_FILE PUSH LOGOUT PULL,7,82.86,371380,0,0,0
sess_02726,user_085,server_07,server,LOGIN LOGOUT HTTP_GET HTTP_GET CACHE_READ DB_READ,6,102.0,350993,0,0,0
sess_00808,user_014,server_03,server,LOGIN HTTP_GET DB_READ CACHE_WRITE LOGOUT HTTP_POST DB_WRITE,7,95.0,297257,0,0,0
sess_04891,user_048,server_16,server,LOGIN HTTP_GET HTTP_GET CACHE_READ DB_READ LOGOUT,6,87.5,288239,0,0,0
sess_04566,user_059,server_03,git,LOGIN PULL PUSH READ_FILE CREATE_BRANCH COMMIT LOGOUT,7,90.14,352481,0,0,0
sess_01702,user_010,server_01,server,LOGIN HTTP_GET DB_WRITE DB_READ LOGOUT HTTP_POST,6,91.5,298658,0,0,0
sess_04068,user_027,server_01,git,LOGIN PULL PUSH READ_FILE READ_FILE COMMIT LOGOUT,7,76.29,318617,0,0,0
sess_01034,user_064,server_07,server,LOGIN HTTP_GET DB_WRITE DB_READ HTTP_POST LOGOUT CACHE_WRITE,7,76.57,352591,0,0,0
sess_03833,user_017,server_10,git,LOGIN PULL COMMIT READ_FILE LOGOUT PUSH,6,82.33,291166,0,0,0
sess_00932,user_075,server_11,server,LOGIN HTTP_GET DB_READ HTTP_GET LOGOUT CACHE_READ,6,96.67,244901,0,0,0
sess_04980,user_022,server_10,server,LOGIN DB_READ HTTP_GET CACHE_READ HTTP_GET LOGOUT,6,84.0,296022,0,0,0
sess_02377,user_066,server_09,git,LOGIN CLONE READ_FILE COMMIT PUSH LOGOUT,6,84.33,283259,0,0,0
sess_01384,user_068,server_13,server,LOGIN HTTP_GET CACHE_READ DB_READ HTTP_GET LOGOUT,6,99.83,326276,0,0,0
sess_04746,user_016,server_06,server,LOGIN HTTP_GET LOGOUT HTTP_GET DB_READ CACHE_READ,6,77.67,302865,0,0,0
sess_04445,user_018,server_10,git,LOGIN PULL READ_FILE READ_FILE PUSH LOGOUT COMMIT,7,90.0,336479,0,0,0
sess_02786,user_005,server_12,git,LOGIN PULL PULL READ_FILE COMMIT LOGOUT PUSH,7,78.29,328151,0,0,0
sess_03423,user_014,server_04,git,LOGIN PULL LOGOUT READ_FILE COMMIT PUSH,6,90.67,354643,0,0,0
sess_02836,user_067,server_19,git,LOGIN PULL COMMIT READ_FILE PUSH LOGOUT,6,59.0,276327,0,0,0
sess_04831,user_010,server_08,server,LOGIN HTTP_GET ERROR_500 ERROR_500 ERROR_500 DB_WRITE,6,388.33,296719,3,0,1
sess_03561,user_043,server_15,git,LOGIN READ_FILE LOGOUT PUSH PULL COMMIT,6,94.17,294717,0,0,0
sess_01126,user_018,server_08,git,LOGIN CLONE READ_FILE PUSH COMMIT LOGOUT,6,78.0,285949,0,0,0
sess_03851,user_008,server_16,server,LOGIN HTTP_GET HTTP_POST DB_READ LOGOUT DB_WRITE,6,94.83,333035,0,0,0
sess_01662,user_058,server_15,git,LOGIN PULL COMMIT READ_FILE PUSH LOGOUT,6,114.17,212352,0,0,0
sess_04001,user_030,server_07,server,LOGIN HTTP_GET HTTP_GET CACHE_READ LOGOUT CACHE_READ DB_READ,7,80.14,334767,0,0,0
sess_00541,user_100,server_05,git,LOGIN READ_FILE CLONE COMMIT PUSH LOGOUT,6,86.33,290522,0,0,0
sess_01056,user_054,server_02,server,LOGIN HTTP_GET HTTP_GET CACHE_READ DB_READ LOGOUT,6,91.17,266752,0,0,0
sess_03684,user_092,server_08,server,LOGIN HTTP_GET DB_WRITE DB_READ LOGOUT HTTP_POST,6,81.83,315861,0,0,0
sess_04689,user_033,server_16,git,LOGIN CLONE COMMIT READ_FILE PUSH LOGOUT,6,74.0,253971,0,0,0
sess_02500,user_072,server_17,git,LOGIN PULL READ_FILE PULL COMMIT LOGOUT PUSH,7,87.0,352370,0,0,0
sess_01899,user_063,server_14,server,LOGIN HTTP_GET DB_READ HTTP_GET LOGOUT CACHE_READ,6,92.0,301759,0,0,0
sess_02062,user_059,server_20,server,LOGIN HTTP_GET DB_WRITE HTTP_POST DB_READ LOGOUT CACHE_WRITE,7,74.71,354792,0,0,0
sess_01140,user_024,server_05,server,LOGIN DB_READ HTTP_GET DB_WRITE HTTP_POST CACHE_WRITE LOGOUT,7,100.57,378172,0,0,0
sess_02070,user_043,server_10,git,LOGIN READ_FILE CLONE COMMIT READ_FILE LOGOUT PUSH,7,94.57,325529,0,0,0
sess_02803,user_014,server_14,server,LOGIN CACHE_READ HTTP_GET DB_READ LOGOUT CACHE_READ HTTP_GET,7,105.57,384082,0,0,0
sess_00662,user_051,server_03,git,LOGIN PULL READ_FILE CREATE_BRANCH COMMIT LOGOUT PUSH,7,105.14,299048,0,0,0
sess_01689,user_012,server_07,server,LOGIN HTTP_GET LOGOUT CACHE_READ HTTP_GET DB_READ,6,91.0,262644,0,0,0
sess_00484,user_085,server_15,server,LOGIN HTTP_GET HTTP_GET DB_READ LOGOUT CACHE_READ,6,96.67,373989,0,0,0
sess_02189,user_081,server_07,git,LOGIN READ_FILE CLONE COMMIT LOGOUT PUSH,6,92.83,285131,0,0,0
sess_00060,user_098,server_19,server,LOGIN HTTP_GET HTTP_GET DB_READ CACHE_READ LOGOUT,6,83.0,302537,0,0,0
sess_03084,user_050,server_19,git,LOGIN PULL READ_FILE LOGOUT COMMIT PULL PUSH,7,85.29,374589,0,0,0
sess_04263,user_046,server_13,git,LOGIN PULL READ_FILE COMMIT READ_FILE PUSH LOGOUT,7,94.43,330892,0,0,0
sess_04210,user_085,server_01,git,LOGIN CLONE READ_FILE COMMIT LOGOUT PUSH,6,88.17,256619,0,0,0
sess_00729,user_085,server_19,server,LOGIN HTTP_GET LOGOUT DB_READ DB_WRITE HTTP_POST CACHE_WRITE,7,98.86,352189,0,0,0
sess_02151,user_067,server_12,git,LOGIN PULL READ_FILE READ_FILE COMMIT CREATE_BRANCH LOGOUT PUSH,8,88.62,351630,0,0,0
sess_03847,user_021,server_05,server,LOGIN AUTH_FAILURE AUTH_FAILURE AUTH_FAILURE ERROR_500 HTTP_DELETE,6,158.17,318957,4,3,1
sess_02071,user_052,server_07,git,LOGIN PULL COMMIT READ_FILE PULL LOGOUT PUSH,7,88.43,308905,0,0,0
sess_03138,user_095,server_07,server,LOGIN HTTP_GET CACHE_READ CACHE_WRITE HTTP_POST DB_READ DB_WRITE LOGOUT,8,93.62,413331,0,0,0
sess_00489,user_073,server_04,git,LOGIN PULL CREATE_BRANCH PUSH READ_FILE COMMIT LOGOUT,7,85.71,378778,0,0,0
sess_04910,user_006,server_08,git,LOGIN LOGOUT READ_FILE PUSH PULL READ_FILE COMMIT PULL,8,95.75,379756,0,0,0
sess_00295,user_026,server_10,git,LOGIN DOWNLOAD DELETE_REPO DOWNLOAD DOWNLOAD,5,84.4,15148455,0,0,1
sess_02109,user_035,server_04,server,LOGIN HTTP_GET DB_READ DB_WRITE LOGOUT HTTP_POST,6,103.33,275523,0,0,0
sess_04235,user_048,server_08,server,LOGIN HTTP_GET LOGOUT HTTP_GET CACHE_READ DB_READ,6,89.67,316414,0,0,0
sess_03227,user_014,server_07,git,LOGIN COMMIT READ_FILE PULL CREATE_BRANCH READ_FILE PUSH LOGOUT,8,85.12,360249,0,0,0
sess_01381,user_048,server_02,server,LOGIN DB_WRITE HTTP_GET DB_READ CACHE_READ LOGOUT HTTP_POST,7,89.14,324528,0,0,0
sess_04521,user_095,server_01,server,LOGIN CACHE_READ HTTP_GET CACHE_READ HTTP_GET DB_READ LOGOUT,7,87.86,416842,0,0,0
sess_01460,user_082,server_03,git,LOGIN DELETE_REPO DOWNLOAD CREATE_BRANCH DOWNLOAD,5,106.8,9976453,0,0,1
sess_01032,user_020,server_11,server,LOGIN HTTP_GET DB_READ LOGOUT CACHE_READ HTTP_GET,6,86.67,320425,0,0,0
sess_01012,user_097,server_13,git,LOGIN PULL LOGOUT READ_FILE COMMIT PUSH,6,93.17,273515,0,0,0
sess_03253,user_098,server_11,git,LOGIN READ_FILE CREATE_BRANCH PULL COMMIT LOGOUT PUSH,7,80.43,268119,0,0,0
sess_01466,user_028,server_16,git,LOGIN PULL READ_FILE COMMIT READ_FILE PUSH PULL LOGOUT,8,87.62,409686,0,0,0
sess_03392,user_079,server_05,server,LOGIN HTTP_GET DB_READ CACHE_READ CACHE_READ HTTP_GET LOGOUT,7,101.86,340707,0,0,0
sess_04924,user_068,server_19,server,LOGIN DB_READ HTTP_GET LOGOUT HTTP_GET CACHE_READ,6,81.0,329488,0,0,0
sess_04411,user_097,server_15,git,LOGIN PULL READ_FILE PUSH COMMIT LOGOUT,6,84.33,356894,0,0,0
sess_03328,user_017,server_12,git,LOGIN CLONE READ_FILE PUSH COMMIT READ_FILE LOGOUT,7,73.0,353871,0,0,0
sess_03639,user_018,server_19,server,LOGIN HTTP_GET DB_READ DB_WRITE HTTP_POST LOGOUT CACHE_WRITE,7,75.43,376634,0,0,0
sess_00356,user_069,server_17,git,LOGIN READ_FILE PULL PUSH COMMIT CREATE_BRANCH LOGOUT,7,77.57,362180,0,0,0
sess_01123,user_058,server_06,server,LOGIN HTTP_GET DB_READ LOGOUT CACHE_READ HTTP_POST DB_WRITE CACHE_WRITE,8,88.38,383229,0,0,0
sess_01832,user_008,server_09,server,LOGIN HTTP_GET CACHE_READ HTTP_GET DB_READ LOGOUT,6,83.83,287485,0,0,0
sess_02179,user_019,server_14,git,LOGIN READ_FILE LOGOUT PULL COMMIT PULL PUSH,7,95.57,388011,0,0,0
sess_04357,user_065,server_15,server,LOGIN AUTH_FAILURE AUTH_FAILURE AUTH_FAILURE ERROR_500 HTTP_DELETE,6,173.83,274947,4,3,1
sess_02817,user_076,server_08,server,LOGIN HTTP_GET CACHE_READ HTTP_GET CACHE_READ DB_READ LOGOUT,7,95.0,363499,0,0,0
sess_02842,user_010,server_13,server,LOGIN HTTP_GET DB_READ HTTP_POST DB_WRITE LOGOUT,6,93.83,257112,0,0,0
sess_00331,user_094,server_18,server,LOGIN AUTH_FAILURE AUTH_FAILURE AUTH_FAILURE HTTP_DELETE ERROR_500,6,172.5,235102,4,3,1
sess_04854,user_010,server_02,git,LOGIN READ_FILE PULL PUSH CREATE_BRANCH COMMIT LOGOUT,7,79.57,309793,0,0,0
sess_02641,user_077,server_05,git,LOGIN READ_FILE PULL PULL COMMIT PUSH LOGOUT,7,64.86,355426,0,0,0
sess_03248,user_093,server_14,server,LOGIN FILE_DOWNLOAD FILE_DOWNLOAD FILE_DOWNLOAD HTTP_DELETE,5,99.2,15316393,0,0,1
sess_04353,user_036,server_09,git,LOGIN READ_FILE PULL LOGOUT READ_FILE CREATE_BRANCH COMMIT PUSH,8,88.62,433980,0,0,0
sess_04225,user_016,server_10,git,LOGIN PULL PULL READ_FILE READ_FILE LOGOUT COMMIT PUSH,8,90.62,390044,0,0,0
sess_02583,user_040,server_14,git,LOGIN READ_FILE COMMIT PULL PULL PUSH LOGOUT,7,94.57,345844,0,0,0
sess_01663,user_093,server_08,server,LOGIN AUTH_FAILURE AUTH_FAILURE ERROR_500 AUTH_FAILURE HTTP_DELETE,6,210.33,248218,4,3,1
sess_03562,user_035,server_06,git,LOGIN PULL PUSH READ_FILE COMMIT LOGOUT,6,106.33,344690,0,0,0
sess_03379,user_069,server_08,git,LOGIN DOWNLOAD DOWNLOAD DOWNLOAD DELETE_REPO,5,87.0,14703936,0,0,1
sess_00794,user_076,server_19,server,LOGIN ERROR_500 ERROR_500 HTTP_GET DB_WRITE ERROR_500,6,372.83,258310,3,0,1
sess_03406,user_014,server_20,server,LOGIN HTTP_GET DB_READ HTTP_POST CACHE_WRITE LOGOUT DB_WRITE,7,78.43,331436,0,0,0
sess_01436,user_044,server_19,server,LOGIN HTTP_GET DB_READ HTTP_GET LOGOUT CACHE_READ,6,93.17,256982,0,0,0
sess_01674,user_076,server_01,server,LOGIN HTTP_GET DB_READ LOGOUT DB_WRITE CACHE_WRITE HTTP_POST,7,105.0,345618,0,0,0
sess_00630,user_055,server_07,git,LOGIN PULL READ_FILE CREATE_BRANCH LOGOUT COMMIT PUSH,7,83.57,354947,0,0,0
sess_03864,user_017,server_07,git,LOGIN READ_FILE READ_FILE CLONE PUSH COMMIT LOGOUT,7,82.29,394601,0,0,0
sess_02330,user_034,server_15,server,LOGIN HTTP_GET CACHE_READ CACHE_READ HTTP_GET LOGOUT DB_READ,7,86.86,331743,0,0,0
sess_02114,user_036,server_16,git,LOGIN CREATE_BRANCH DELETE_REPO DOWNLOAD DOWNLOAD,5,80.8,10140638,0,0,1
sess_04859,user_072,server_01,server,LOGIN HTTP_GET DB_READ CACHE_READ HTTP_GET LOGOUT CACHE_READ,7,75.43,336610,0,0,0
sess_00478,user_081,server_15,server,LOGIN LOGOUT CACHE_READ HTTP_GET HTTP_GET DB_READ,6,99.5,291488,0,0,0
sess_03407,user_003,server_07,git,LOGIN PULL PUSH COMMIT READ_FILE PULL LOGOUT,7,85.57,344279,0,0,0
sess_03605,user_067,server_01,server,LOGIN HTTP_GET DB_READ CACHE_READ HTTP_GET LOGOUT,6,85.17,268604,0,0,0
sess_04018,user_016,server_03,git,LOGIN READ_FILE PULL COMMIT PUSH PULL LOGOUT,7,87.0,358131,0,0,0
sess_00697,user_060,server_06,git,LOGIN PULL READ_FILE READ_FILE LOGOUT COMMIT PUSH,7,93.86,338318,0,0,0
sess_03955,user_082,server_07,server,LOGIN HTTP_GET HTTP_POST DB_READ DB_WRITE LOGOUT,6,69.33,326652,0,0,0
sess_02041,user_061,server_05,server,LOGIN HTTP_GET HTTP_POST DB_READ DB_WRITE LOGOUT,6,100.0,301613,0,0,0
sess_03958,user_010,server_03,server,LOGIN HTTP_GET CACHE_READ DB_READ HTTP_GET CACHE_READ LOGOUT,7,91.71,329402,0,0,0
sess_02333,user_067,server_17,server,LOGIN HTTP_GET HTTP_POST CACHE_READ DB_READ CACHE_WRITE DB_WRITE LOGOUT,8,94.62,418347,0,0,0
sess_00856,user_003,server_14,server,LOGIN FILE_DOWNLOAD FILE_DOWNLOAD FILE_DOWNLOAD HTTP_DELETE,5,76.6,15209634,0,0,1
sess_01005,user_057,server_13,git,LOGIN READ_FILE READ_FILE LOGOUT CLONE PUSH COMMIT,7,97.57,341493,0,0,0
sess_03352,user_012,server_04,server,LOGIN HTTP_GET DB_WRITE LOGOUT DB_READ CACHE_WRITE HTTP_POST,7,86.14,316496,0,0,0
sess_04618,user_008,server_13,git,LOGIN PULL PUSH READ_FILE LOGOUT COMMIT,6,104.33,289955,0,0,0
sess_04904,user_007,server_20,server,LOGIN CACHE_READ HTTP_GET CACHE_READ DB_READ HTTP_GET LOGOUT,7,78.14,382493,0,0,0
sess_02402,user_013,server_16,server,LOGIN HTTP_POST HTTP_GET DB_READ DB_WRITE LOGOUT CACHE_WRITE,7,102.43,339523,0,0,0
sess_00827,user_098,server_02,server,LOGIN HTTP_GET DB_READ CACHE_READ HTTP_POST CACHE_WRITE DB_WRITE LOGOUT,8,86.5,378641,0,0,0
sess_02947,user_026,server_11,server,LOGIN HTTP_GET DB_READ DB_WRITE HTTP_POST LOGOUT,6,98.0,332364,0,0,0
sess_02375,user_013,server_08,git,LOGIN CLONE READ_FILE COMMIT PUSH LOGOUT,6,92.5,299921,0,0,0
sess_02369,user_072,server_10,git,LOGIN COMMIT CLONE READ_FILE PUSH LOGOUT,6,80.83,267833,0,0,0
sess_03381,user_031,server_04,server,LOGIN HTTP_GET HTTP_GET CACHE_READ DB_READ LOGOUT,6,84.67,297879,0,0,0
sess_03378,user_063,server_01,git,LOGIN CLONE DOWNLOAD DELETE_REPO DOWNLOAD PUSH,6,96.67,10081864,0,0,1
sess_02372,user_085,server_14,git,LOGIN PUSH CLONE COMMIT READ_FILE LOGOUT,6,82.17,402496,0,0,0
sess_02963,user_060,server_12,git,LOGIN CREATE_BRANCH PULL COMMIT READ_FILE PUSH LOGOUT READ_FILE,8,88.0,376246,0,0,0
sess_04501,user_006,server_15,server,LOGIN DB_WRITE HTTP_GET DB_READ LOGOUT HTTP_POST CACHE_WRITE,7,105.0,327190,0,0,0
sess_00928,user_046,server_06,server,LOGIN HTTP_GET HTTP_GET DB_READ CACHE_READ LOGOUT,6,84.17,314607,0,0,0
sess_01336,user_034,server_07,git,LOGIN DELETE_REPO CREATE_BRANCH DOWNLOAD DOWNLOAD,5,90.4,10087015,0,0,1
sess_04838,user_028,server_02,git,LOGIN CLONE DOWNLOAD DOWNLOAD DELETE_REPO PUSH,6,83.17,10207143,0,0,1
sess_01191,user_048,server_02,git,LOGIN PULL READ_FILE PULL COMMIT PUSH LOGOUT,7,85.57,345196,0,0,0
sess_03507,user_038,server_08,server,LOGIN DB_READ HTTP_GET HTTP_GET CACHE_READ LOGOUT,6,95.17,297816,0,0,0
sess_02753,user_097,server_12,server,LOGIN CACHE_READ HTTP_GET DB_READ HTTP_GET LOGOUT,6,86.83,295079,0,0,0
sess_01727,user_062,server_11,server,LOGIN FILE_DOWNLOAD HTTP_DELETE FILE_DOWNLOAD FILE_DOWNLOAD,5,87.0,15005137,0,0,1
sess_03448,user_012,server_15,git,LOGIN PULL COMMIT READ_FILE PUSH LOGOUT,6,98.5,274486,0,0,0
sess_03568,user_002,server_14,server,LOGIN HTTP_GET CACHE_READ HTTP_POST DB_READ DB_WRITE LOGOUT,7,102.71,376528,0,0,0
sess_00724,user_061,server_15,git,LOGIN CLONE COMMIT READ_FILE PUSH LOGOUT,6,105.33,319412,0,0,0
sess_03945,user_029,server_07,server,LOGIN HTTP_GET CACHE_READ CACHE_READ DB_READ LOGOUT HTTP_GET,7,97.57,343568,0,0,0
sess_00676,user_047,server_04,git,LOGIN READ_FILE CREATE_BRANCH PULL PUSH COMMIT LOGOUT READ_FILE,8,87.0,414470,0,0,0
sess_01338,user_099,server_09,git,LOGIN DOWNLOAD DOWNLOAD DOWNLOAD DELETE_REPO,5,83.8,14912348,0,0,1
sess_01918,user_065,server_11,server,LOGIN HTTP_GET DB_READ CACHE_WRITE HTTP_POST CACHE_READ DB_WRITE LOGOUT,8,80.5,371693,0,0,0
sess_01249,user_027,server_13,server,LOGIN DB_READ HTTP_GET HTTP_POST DB_WRITE LOGOUT,6,88.0,305488,0,0,0
sess_02249,user_091,server_08,server,LOGIN HTTP_GET DB_READ HTTP_POST CACHE_WRITE LOGOUT DB_WRITE,7,82.86,309358,0,0,0
sess_01499,user_033,server_11,server,LOGIN HTTP_GET HTTP_GET LOGOUT DB_READ CACHE_READ CACHE_READ,7,89.71,365990,0,0,0
sess_00916,user_017,server_02,git,LOGIN READ_FILE CLONE READ_FILE COMMIT PUSH LOGOUT,7,102.29,415507,0,0,0
sess_01691,user_014,server_10,server,LOGIN HTTP_GET DB_READ CACHE_READ HTTP_GET LOGOUT,6,92.33,280520,0,0,0
sess_00342,user_011,server_03,server,LOGIN HTTP_GET DB_READ DB_WRITE HTTP_POST LOGOUT,6,95.33,311010,0,0,0
sess_02379,user_060,server_14,git,LOGIN CLONE READ_FILE READ_FILE LOGOUT COMMIT PUSH,7,92.57,345778,0,0,0
sess_01138,user_040,server_08,git,LOGIN READ_FILE PULL COMMIT PUSH LOGOUT,6,88.17,268906,0,0,0
sess_01902,user_074,server_07,git,LOGIN PUSH PULL READ_FILE COMMIT LOGOUT,6,75.33,274122,0,0,0
sess_02248,user_093,server_20,server,LOGIN DB_READ HTTP_GET HTTP_POST CACHE_WRITE DB_WRITE LOGOUT,7,97.0,315459,0,0,0
sess_01963,user_085,server_17,server,LOGIN HTTP_GET HTTP_GET DB_READ CACHE_READ LOGOUT,6,91.17,300439,0,0,0
sess_00936,user_007,server_15,server,LOGIN HTTP_GET DB_READ HTTP_GET CACHE_READ LOGOUT,6,96.67,322764,0,0,0
sess_03362,user_023,server_13,git,LOGIN READ_FILE PULL PULL COMMIT LOGOUT PUSH,7,91.71,371553,0,0,0
sess_00015,user_049,server_14,server,LOGIN HTTP_GET CACHE_WRITE DB_READ DB_WRITE HTTP_POST LOGOUT,7,102.0,312064,0,0,0
sess_04215,user_054,server_10,server,LOGIN HTTP_GET HTTP_GET CACHE_READ LOGOUT DB_READ,6,93.33,337683,0,0,0
sess_03446,user_051,server_11,server,LOGIN CACHE_READ DB_READ HTTP_GET HTTP_POST DB_WRITE LOGOUT,7,84.71,333533,0,0,0
sess_02991,user_083,server_18,server,LOGIN DB_READ HTTP_GET DB_WRITE LOGOUT HTTP_POST,6,79.33,303581,0,0,0
sess_03463,user_060,server_16,git,LOGIN PULL READ_FILE READ_FILE COMMIT PUSH LOGOUT,7,89.29,324817,0,0,0
sess_01751,user_039,server_14,git,LOGIN CLONE READ_FILE LOGOUT COMMIT PUSH,6,81.83,338411,0,0,0
sess_04034,user_032,server_18,server,LOGIN HTTP_GET DB_READ HTTP_POST CACHE_WRITE DB_WRITE LOGOUT,7,97.57,311796,0,0,0
sess_03094,user_026,server_10,server,LOGIN HTTP_GET HTTP_GET DB_READ LOGOUT CACHE_READ,6,87.5,364096,0,0,0
sess_04651,user_091,server_14,server,LOGIN HTTP_GET DB_READ DB_WRITE LOGOUT HTTP_POST,6,102.0,310777,0,0,0
sess_01582,user_091,server_06,git,LOGIN READ_FILE COMMIT PULL READ_FILE PUSH LOGOUT,7,85.29,276015,0,0,0
sess_04520,user_097,server_10,server,LOGIN DB_WRITE HTTP_GET HTTP_POST DB_READ LOGOUT,6,91.17,294525,0,0,0
sess_04698,user_064,server_13,git,LOGIN PULL COMMIT PULL READ_FILE READ_FILE LOGOUT PUSH,8,101.12,430647,0,0,0
sess_03667,user_099,server_04,git,LOGIN PULL COMMIT PUSH PULL READ_FILE LOGOUT,7,96.57,297956,0,0,0
sess_03155,user_052,server_20,git,LOGIN READ_FILE PULL PULL COMMIT LOGOUT PUSH,7,90.14,318453,0,0,0
sess_04901,user_055,server_04,server,LOGIN HTTP_GET HTTP_GET DB_READ CACHE_READ LOGOUT,6,85.33,286377,0,0,0
sess_00684,user_066,server_17,server,LOGIN HTTP_GET DB_READ HTTP_POST DB_WRITE CACHE_WRITE LOGOUT,7,82.86,357340,0,0,0
sess_02589,user_033,server_03,git,LOGIN DOWNLOAD DOWNLOAD DOWNLOAD DELETE_REPO,5,112.8,14951172,0,0,1
sess_04130,user_060,server_06,git,LOGIN PULL COMMIT PUSH READ_FILE LOGOUT,6,99.67,287412,0,0,0
sess_01119,user_084,server_12,server,LOGIN DB_READ HTTP_GET LOGOUT DB_WRITE HTTP_POST,6,82.17,295250,0,0,0
sess_00135,user_069,server_12,server,LOGIN HTTP_GET DB_READ CACHE_WRITE DB_WRITE LOGOUT HTTP_POST,7,71.29,352698,0,0,0
sess_01147,user_092,server_16,git,LOGIN PULL READ_FILE READ_FILE PULL COMMIT LOGOUT PUSH,8,91.88,413678,0,0,0
sess_03059,user_008,server_03,git,LOGIN PULL READ_FILE PUSH COMMIT LOGOUT,6,103.33,240492,0,0,0
sess_02626,user_060,server_18,git,LOGIN FAILED_LOGIN FAILED_LOGIN FAILED_LOGIN DOWNLOAD DELETE_REPO,6,98.33,5274306,3,3,1
sess_04201,user_072,server_14,git,LOGIN READ_FILE PULL PUSH CREATE_BRANCH LOGOUT COMMIT,7,80.57,314476,0,0,0
sess_03114,user_046,server_10,git,LOGIN PULL READ_FILE COMMIT PUSH LOGOUT,6,92.67,290318,0,0,0
sess_04823,user_076,server_20,server,LOGIN HTTP_GET LOGOUT DB_WRITE DB_READ HTTP_POST,6,73.33,323510,0,0,0
sess_02156,user_036,server_19,git,LOGIN PULL COMMIT READ_FILE PULL READ_FILE PUSH LOGOUT,8,86.88,421994,0,0,0
sess_04052,user_097,server_19,server,LOGIN HTTP_GET DB_READ LOGOUT HTTP_POST DB_WRITE,6,83.83,313165,0,0,0
sess_04123,user_082,server_17,git,LOGIN PULL PUSH READ_FILE COMMIT PULL LOGOUT,7,86.71,368004,0,0,0
sess_00721,user_041,server_05,git,LOGIN PULL CREATE_BRANCH READ_FILE PUSH COMMIT LOGOUT,7,99.43,335846,0,0,0
sess_03632,user_019,server_18,git,LOGIN READ_FILE PULL PUSH LOGOUT COMMIT,6,86.83,302009,0,0,0
sess_00232,user_044,server_03,git,LOGIN PULL READ_FILE COMMIT PULL PUSH LOGOUT,7,87.71,350278,0,0,0
sess_03743,user_072,server_08,git,LOGIN CLONE READ_FILE LOGOUT COMMIT PUSH,6,100.17,281677,0,0,0
sess_02042,user_072,server_12,git,LOGIN READ_FILE PULL COMMIT LOGOUT PULL PUSH,7,84.43,337993,0,0,0
sess_04265,user_037,server_03,server,LOGIN HTTP_GET HTTP_POST DB_WRITE CACHE_WRITE LOGOUT DB_READ,7,85.71,347457,0,0,0
sess_02600,user_018,server_16,server,LOGIN DB_WRITE HTTP_GET DB_READ CACHE_WRITE LOGOUT HTTP_POST,7,81.71,316270,0,0,0
sess_02447,user_081,server_18,server,LOGIN HTTP_GET HTTP_POST DB_READ DB_WRITE CACHE_WRITE LOGOUT,7,88.29,312787,0,0,0
sess_00171,user_055,server_19,server,LOGIN HTTP_GET DB_READ HTTP_POST CACHE_WRITE DB_WRITE LOGOUT,7,101.14,381501,0,0,0
sess_02422,user_065,server_12,git,LOGIN CLONE READ_FILE COMMIT PUSH LOGOUT,6,96.83,330253,0,0,0
sess_00903,user_049,server_08,git,LOGIN CLONE PUSH COMMIT READ_FILE LOGOUT,6,82.33,307533,0,0,0
sess_01882,user_044,server_10,server,LOGIN HTTP_GET HTTP_GET HTTP_GET ERROR_500 HTTP_GET ERROR_500,7,294.14,358510,2,0,1
sess_00810,user_040,server_12,git,LOGIN CLONE READ_FILE COMMIT PUSH LOGOUT,6,85.83,346279,0,0,0
sess_00782,user_020,server_03,server,LOGIN HTTP_GET LOGOUT DB_READ DB_WRITE HTTP_POST CACHE_WRITE,7,87.57,314317,0,0,0
sess_00797,user_006,server_07,server,LOGIN HTTP_GET CACHE_WRITE DB_READ HTTP_POST DB_WRITE LOGOUT,7,91.14,311766,0,0,0
sess_02195,user_041,server_13,server,LOGIN HTTP_GET CACHE_READ LOGOUT DB_READ DB_WRITE HTTP_POST,7,69.29,320570,0,0,0
sess_04254,user_050,server_06,server,LOGIN LOGOUT HTTP_GET HTTP_POST DB_WRITE DB_READ,6,89.33,300263,0,0,0
sess_04286,user_003,server_01,server,LOGIN HTTP_GET ERROR_500 ERROR_500 DB_WRITE ERROR_500,6,448.5,334743,3,0,1
sess_00218,user_093,server_15,server,LOGIN HTTP_GET CACHE_READ DB_READ LOGOUT HTTP_GET,6,88.33,337843,0,0,0
sess_01826,user_071,server_09,server,LOGIN AUTH_FAILURE AUTH_FAILURE AUTH_FAILURE ERROR_500 HTTP_DELETE,6,226.83,235236,4,3,1
sess_00360,user_056,server_03,git,LOGIN PULL READ_FILE PUSH READ_FILE COMMIT LOGOUT PULL,8,91.0,343506,0,0,0
sess_00990,user_082,server_02,server,LOGIN CACHE_READ LOGOUT HTTP_GET DB_READ HTTP_GET,6,97.17,294826,0,0,0
sess_01610,user_091,server_04,server,LOGIN HTTP_GET HTTP_GET HTTP_GET HTTP_GET ERROR_500 ERROR_500,7,223.14,363548,2,0,1
sess_02307,user_055,server_09,git,LOGIN PULL PUSH READ_FILE COMMIT CREATE_BRANCH LOGOUT,7,81.43,358364,0,0,0
sess_00080,user_006,server_06,server,LOGIN CACHE_READ HTTP_GET LOGOUT DB_READ HTTP_GET,6,63.33,335635,0,0,0
sess_04927,user_034,server_06,git,LOGIN READ_FILE PULL READ_FILE COMMIT PUSH LOGOUT,7,95.86,380200,0,0,0
sess_01790,user_068,server_20,server,LOGIN HTTP_GET CACHE_READ DB_READ HTTP_GET LOGOUT,6,102.83,287193,0,0,0
sess_01520,user_097,server_01,git,LOGIN READ_FILE CLONE PUSH COMMIT LOGOUT,6,105.0,320289,0,0,0
sess_02617,user_015,server_18,git,LOGIN PULL COMMIT READ_FILE LOGOUT PUSH,6,109.0,238077,0,0,0
sess_03738,user_014,server_08,git,LOGIN PULL READ_FILE LOGOUT CREATE_BRANCH READ_FILE COMMIT PUSH,8,95.0,420292,0,0,0
sess_01455,user_036,server_01,server,LOGIN DB_READ HTTP_GET LOGOUT DB_WRITE HTTP_POST CACHE_WRITE,7,81.0,395771,0,0,0
sess_02653,user_022,server_04,git,LOGIN COMMIT PULL CREATE_BRANCH READ_FILE PUSH LOGOUT,7,89.57,346550,0,0,0
sess_01068,user_044,server_12,git,LOGIN CLONE READ_FILE COMMIT PUSH LOGOUT,6,107.33,280053,0,0,0
sess_04810,user_050,server_06,git,LOGIN PULL READ_FILE PUSH PULL COMMIT READ_FILE LOGOUT,8,78.88,348814,0,0,0
sess_01309,user_056,server_08,git,LOGIN CLONE PUSH DOWNLOAD DOWNLOAD DELETE_REPO,6,84.33,10062143,0,0,1
sess_03363,user_075,server_04,git,LOGIN COMMIT PULL READ_FILE READ_FILE LOGOUT PULL PUSH,8,95.62,406358,0,0,0
sess_00975,user_063,server_11,server,LOGIN HTTP_GET DB_READ CACHE_READ HTTP_POST DB_WRITE CACHE_WRITE LOGOUT,8,101.0,406514,0,0,0
sess_02296,user_013,server_17,git,LOGIN PULL COMMIT READ_FILE PUSH LOGOUT,6,90.5,276952,0,0,0
sess_03732,user_079,server_12,git,LOGIN PULL COMMIT READ_FILE PULL READ_FILE LOGOUT PUSH,8,92.88,430822,0,0,0
sess_02280,user_019,server_02,git,LOGIN READ_FILE PULL READ_FILE CREATE_BRANCH PUSH COMMIT LOGOUT,8,80.5,384097,0,0,0
sess_04779,user_010,server_06,server,LOGIN HTTP_GET DB_READ HTTP_POST LOGOUT DB_WRITE CACHE_WRITE,7,88.0,386364,0,0,0
sess_02385,user_068,server_05,server,LOGIN CACHE_READ HTTP_GET DB_READ CACHE_READ HTTP_GET LOGOUT,7,83.29,332422,0,0,0
sess_00225,user_080,server_03,git,LOGIN READ_FILE PULL PUSH COMMIT LOGOUT,6,101.17,276518,0,0,0
sess_02702,user_033,server_04,git,LOGIN PULL LOGOUT COMMIT READ_FILE PUSH,6,93.33,326944,0,0,0
sess_02373,user_078,server_07,git,LOGIN PULL READ_FILE PULL COMMIT LOGOUT PUSH,7,93.86,390353,0,0,0
sess_02729,user_044,server_14,server,LOGIN ERROR_500 HTTP_GET ERROR_500 ERROR_500 DB_WRITE,6,391.33,304955,3,0,1
sess_02639,user_022,server_11,git,LOGIN READ_FILE PUSH PULL LOGOUT COMMIT PULL,7,92.0,346870,0,0,0
sess_01013,user_097,server_17,server,LOGIN HTTP_GET CACHE_READ DB_READ HTTP_GET LOGOUT,6,88.33,264859,0,0,0
sess_02861,user_082,server_19,server,LOGIN CACHE_READ HTTP_GET DB_READ LOGOUT DB_WRITE HTTP_POST,7,92.86,340003,0,0,0
sess_00901,user_034,server_14,server,LOGIN HTTP_GET LOGOUT DB_READ CACHE_READ HTTP_GET CACHE_READ,7,89.29,335083,0,0,0
sess_01134,user_067,server_02,server,LOGIN HTTP_GET DB_READ HTTP_GET CACHE_READ LOGOUT,6,83.83,302469,0,0,0
sess_02989,user_041,server_14,git,LOGIN PULL LOGOUT READ_FILE COMMIT PUSH,6,92.67,318276,0,0,0
sess_05000,user_001,server_19,git,LOGIN READ_FILE CLONE COMMIT PUSH LOGOUT,6,113.5,240944,0,0,0
sess_01668,user_058,server_19,server,LOGIN HTTP_GET CACHE_READ HTTP_GET CACHE_READ LOGOUT DB_READ,7,90.43,292096,0,0,0
sess_02816,user_031,server_18,git,LOGIN READ_FILE PULL PUSH COMMIT PULL LOGOUT,7,81.14,366110,0,0,0
sess_01965,user_022,server_03,git,LOGIN CLONE DOWNLOAD DOWNLOAD DELETE_REPO PUSH,6,98.83,9982530,0,0,1
sess_02427,user_002,server_15,server,LOGIN CACHE_READ HTTP_GET CACHE_READ LOGOUT HTTP_GET DB_READ,7,99.29,312447,0,0,0
sess_03740,user_077,server_13,git,LOGIN PULL READ_FILE COMMIT LOGOUT CREATE_BRANCH READ_FILE PUSH,8,95.38,387768,0,0,0
sess_00538,user_046,server_15,git,LOGIN PULL READ_FILE CREATE_BRANCH COMMIT PUSH LOGOUT,7,83.71,289202,0,0,0
sess_04412,user_084,server_07,git,LOGIN FAILED_LOGIN DOWNLOAD FAILED_LOGIN FAILED_LOGIN DELETE_REPO,6,106.33,5304989,3,3,1
sess_04301,user_005,server_09,git,LOGIN PULL PUSH READ_FILE CREATE_BRANCH COMMIT LOGOUT,7,95.14,331843,0,0,0
sess_04645,user_058,server_18,git,LOGIN PULL COMMIT READ_FILE PUSH LOGOUT PULL,7,90.57,344812,0,0,0
sess_04676,user_004,server_09,git,LOGIN PULL PUSH READ_FILE LOGOUT COMMIT,6,114.5,299246,0,0,0
sess_00850,user_082,server_08,git,LOGIN READ_FILE PULL COMMIT PULL LOGOUT PUSH,7,88.71,327911,0,0,0
sess_01320,user_094,server_13,git,LOGIN DOWNLOAD DELETE_REPO DOWNLOAD DOWNLOAD,5,87.2,15246977,0,0,1
sess_02487,user_010,server_01,server,LOGIN HTTP_POST DB_READ HTTP_GET LOGOUT CACHE_WRITE DB_WRITE,7,87.14,339518,0,0,0
sess_04493,user_023,server_02,server,LOGIN HTTP_GET CACHE_READ CACHE_READ HTTP_GET DB_READ LOGOUT,7,99.0,322589,0,0,0
sess_03824,user_007,server_10,server,LOGIN HTTP_GET HTTP_GET CACHE_READ CACHE_READ LOGOUT DB_READ,7,83.86,350893,0,0,0
sess_03902,user_025,server_04,server,LOGIN HTTP_GET DB_READ HTTP_POST DB_WRITE LOGOUT CACHE_WRITE,7,80.0,347390,0,0,0
sess_01302,user_046,server_16,git,LOGIN READ_FILE PULL CREATE_BRANCH PUSH COMMIT LOGOUT,7,84.71,304368,0,0,0
sess_04277,user_025,server_09,git,LOGIN DOWNLOAD DOWNLOAD DOWNLOAD DELETE_REPO,5,85.0,14957330,0,0,1
sess_03596,user_052,server_12,server,LOGIN HTTP_GET DB_READ CACHE_READ LOGOUT DB_WRITE HTTP_POST,7,87.57,312621,0,0,0
sess_03530,user_085,server_11,git,LOGIN READ_FILE PULL COMMIT LOGOUT PUSH,6,84.5,346881,0,0,0
sess_00738,user_072,server_17,git,LOGIN PULL PUSH READ_FILE CREATE_BRANCH COMMIT READ_FILE LOGOUT,8,89.38,397918,0,0,0
sess_03556,user_078,server_12,git,LOGIN PULL CREATE_BRANCH COMMIT READ_FILE PUSH LOGOUT,7,100.71,369623,0,0,0
sess_03897,user_033,server_18,server,LOGIN HTTP_GET DB_READ HTTP_GET CACHE_READ LOGOUT,6,86.17,265338,0,0,0
sess_01948,user_065,server_16,server,LOGIN HTTP_GET ERROR_500 ERROR_500 ERROR_500 DB_WRITE,6,341.5,297589,3,0,1
sess_02621,user_031,server_01,git,LOGIN CLONE READ_FILE COMMIT PUSH LOGOUT,6,90.33,346394,0,0,0
sess_00750,user_080,server_18,git,LOGIN PULL PUSH READ_FILE LOGOUT COMMIT,6,85.67,315975,0,0,0
sess_00444,user_041,server_06,server,LOGIN HTTP_GET LOGOUT HTTP_GET DB_READ CACHE_READ,6,92.0,305784,0,0,0
sess_01665,user_004,server_04,server,LOGIN HTTP_GET HTTP_POST CACHE_READ CACHE_WRITE DB_READ DB_WRITE LOGOUT,8,84.25,412290,0,0,0
sess_03589,user_087,server_05,git,LOGIN CLONE READ_FILE COMMIT READ_FILE PUSH LOGOUT,7,65.57,353458,0,0,0
sess_01188,user_014,server_06,server,LOGIN HTTP_GET DB_READ DB_WRITE CACHE_READ LOGOUT HTTP_POST,7,89.71,365299,0,0,0
sess_00530,user_057,server_03,server,LOGIN LOGOUT DB_READ HTTP_GET HTTP_POST CACHE_WRITE DB_WRITE,7,92.14,333525,0,0,0
sess_02238,user_056,server_03,git,LOGIN DOWNLOAD DOWNLOAD DELETE_REPO DOWNLOAD,5,82.6,15091552,0,0,1
sess_01544,user_001,server_02,git,LOGIN PULL PULL READ_FILE PUSH COMMIT LOGOUT,7,84.14,313353,0,0,0
sess_02032,user_078,server_04,git,LOGIN CREATE_BRANCH DELETE_REPO DOWNLOAD DOWNLOAD,5,82.4,10150519,0,0,1
sess_04088,user_018,server_16,git,LOGIN PULL READ_FILE CREATE_BRANCH COMMIT READ_FILE LOGOUT PUSH,8,72.12,452757,0,0,0
sess_02699,user_084,server_02,git,LOGIN LOGOUT PULL READ_FILE PUSH COMMIT PULL,7,80.57,309640,0,0,0
sess_00708,user_076,server_11,server,LOGIN AUTH_FAILURE AUTH_FAILURE ERROR_500 AUTH_FAILURE HTTP_DELETE,6,127.5,250074,4,3,1
sess_01176,user_070,server_18,server,LOGIN HTTP_GET CACHE_READ CACHE_READ LOGOUT HTTP_GET DB_READ,7,87.71,348540,0,0,0
sess_02268,user_086,server_18,git,LOGIN CLONE READ_FILE COMMIT PUSH LOGOUT,6,94.33,293291,0,0,0
sess_03836,user_028,server_12,git,LOGIN READ_FILE READ_FILE COMMIT LOGOUT PULL PUSH PULL,8,106.25,390143,0,0,0
sess_01125,user_066,server_10,git,LOGIN PULL PUSH READ_FILE COMMIT LOGOUT,6,83.5,306309,0,0,0
sess_02392,user_092,server_05,git,LOGIN PULL READ_FILE CREATE_BRANCH PUSH COMMIT LOGOUT,7,91.43,380273,0,0,0
sess_00178,user_029,server_20,git,LOGIN PUSH CLONE READ_FILE COMMIT LOGOUT,6,87.33,280374,0,0,0
sess_03969,user_021,server_14,git,LOGIN CLONE DOWNLOAD DOWNLOAD DELETE_REPO PUSH,6,86.83,10349045,0,0,1
sess_01235,user_052,server_16,git,LOGIN DOWNLOAD DOWNLOAD DOWNLOAD DELETE_REPO,5,102.6,15197146,0,0,1
sess_00911,user_003,server_05,server,LOGIN DB_READ HTTP_GET HTTP_GET CACHE_READ CACHE_READ LOGOUT,7,94.29,408243,0,0,0
sess_03798,user_013,server_18,server,LOGIN HTTP_GET DB_READ LOGOUT HTTP_GET CACHE_READ,6,88.67,308348,0,0,0
sess_00654,user_061,server_14,server,LOGIN HTTP_GET HTTP_GET CACHE_READ DB_READ LOGOUT,6,87.33,291273,0,0,0
sess_03694,user_068,server_17,git,LOGIN CLONE READ_FILE COMMIT LOGOUT PUSH,6,106.33,294476,0,0,0
sess_03582,user_019,server_16,server,LOGIN HTTP_GET CACHE_READ CACHE_READ DB_READ LOGOUT HTTP_GET,7,87.57,395279,0,0,0
sess_03285,user_061,server_01,server,LOGIN DB_READ CACHE_WRITE HTTP_GET HTTP_POST LOGOUT DB_WRITE,7,95.57,370617,0,0,0
sess_00503,user_036,server_16,server,LOGIN CACHE_WRITE DB_READ HTTP_GET HTTP_POST LOGOUT DB_WRITE,7,86.57,360421,0,0,0
sess_02450,user_034,server_11,server,LOGIN HTTP_GET CACHE_READ DB_READ HTTP_GET LOGOUT CACHE_READ,7,107.57,388115,0,0,0
sess_02187,user_023,server_20,git,LOGIN DOWNLOAD CLONE DOWNLOAD DELETE_REPO PUSH,6,92.0,10208194,0,0,1
sess_00702,user_100,server_09,server,LOGIN HTTP_GET CACHE_READ CACHE_READ HTTP_GET LOGOUT DB_READ,7,95.57,348710,0,0,0
sess_03522,user_087,server_17,git,LOGIN READ_FILE PULL COMMIT LOGOUT PUSH,6,72.0,276922,0,0,0
sess_03733,user_079,server_10,git,LOGIN PULL COMMIT LOGOUT READ_FILE CREATE_BRANCH PUSH,7,90.57,340424,0,0,0
sess_02512,user_088,server_10,git,LOGIN PULL READ_FILE PUSH PULL COMMIT LOGOUT,7,108.0,366354,0,0,0
sess_00008,user_029,server_20,server,LOGIN AUTH_FAILURE AUTH_FAILURE HTTP_DELETE ERROR_500 AUTH_FAILURE,6,208.17,271273,4,3,1
sess_02355,user_065,server_05,git,LOGIN PULL COMMIT READ_FILE PUSH LOGOUT,6,89.67,331493,0,0,0
sess_02864,user_032,server_05,server,LOGIN HTTP_GET DB_WRITE HTTP_POST DB_READ LOGOUT CACHE_WRITE,7,88.14,335124,0,0,0
sess_04973,user_080,server_19,git,LOGIN PULL CREATE_BRANCH READ_FILE COMMIT PUSH LOGOUT,7,92.14,357228,0,0,0
sess_02098,user_032,server_04,server,LOGIN HTTP_GET DB_READ LOGOUT DB_WRITE HTTP_POST CACHE_WRITE,7,97.71,359403,0,0,0
sess_02574,user_011,server_12,server,LOGIN HTTP_GET HTTP_GET HTTP_GET ERROR_500 HTTP_GET ERROR_500,7,305.86,363108,2,0,1
sess_00287,user_051,server_20,server,LOGIN HTTP_GET DB_READ HTTP_GET CACHE_READ LOGOUT,6,88.83,268999,0,0,0
sess_01728,user_061,server_11,git,LOGIN PULL READ_FILE COMMIT PULL PUSH LOGOUT,7,89.86,348552,0,0,0
sess_00398,user_024,server_03,server,LOGIN HTTP_GET LOGOUT HTTP_GET DB_READ CACHE_READ,6,85.67,284095,0,0,0
sess_03599,user_040,server_20,git,LOGIN PULL PUSH PULL READ_FILE COMMIT LOGOUT,7,90.57,316350,0,0,0
sess_00266,user_063,server_11,server,LOGIN HTTP_GET HTTP_GET DB_READ LOGOUT CACHE_READ,6,81.67,321391,0,0,0
sess_00909,user_080,server_07,git,LOGIN PULL COMMIT PULL READ_FILE PUSH LOGOUT,7,94.43,366317,0,0,0
sess_02038,user_029,server_01,server,LOGIN HTTP_GET DB_WRITE LOGOUT DB_READ HTTP_POST CACHE_WRITE,7,97.29,361338,0,0,0
sess_01452,user_026,server_12,git,LOGIN FAILED_LOGIN FAILED_LOGIN FAILED_LOGIN DOWNLOAD DELETE_REPO,6,102.67,5330408,3,3,1
sess_03966,user_091,server_13,git,LOGIN CLONE PUSH READ_FILE COMMIT LOGOUT,6,87.67,332033,0,0,0
sess_01209,user_100,server_15,server,LOGIN HTTP_GET DB_READ HTTP_GET CACHE_READ LOGOUT,6,94.0,316127,0,0,0
sess_03845,user_052,server_17,server,LOGIN HTTP_GET CACHE_READ HTTP_GET DB_READ LOGOUT,6,81.0,296055,0,0,0
sess_04898,user_070,server_09,server,LOGIN HTTP_GET DB_READ CACHE_READ HTTP_GET LOGOUT,6,87.17,248756,0,0,0
sess_00960,user_046,server_15,server,LOGIN AUTH_FAILURE AUTH_FAILURE ERROR_500 AUTH_FAILURE HTTP_DELETE,6,128.67,248158,4,3,1
sess_04081,user_049,server_04,git,LOGIN PULL READ_FILE COMMIT PULL LOGOUT PUSH,7,91.14,422467,0,0,0
sess_03726,user_005,server_01,server,LOGIN DB_READ HTTP_GET LOGOUT DB_WRITE HTTP_POST,6,81.17,281160,0,0,0
sess_00845,user_065,server_14,server,LOGIN DB_READ HTTP_GET HTTP_POST CACHE_WRITE DB_WRITE LOGOUT,7,91.43,306783,0,0,0
sess_03593,user_056,server_16,server,LOGIN DB_WRITE DB_READ HTTP_GET LOGOUT HTTP_POST,6,103.67,297932,0,0,0
sess_00475,user_033,server_07,server,LOGIN HTTP_GET CACHE_READ DB_READ HTTP_GET LOGOUT,6,75.33,332363,0,0,0
sess_02068,user_017,server_07,git,LOGIN CLONE READ_FILE COMMIT PUSH LOGOUT,6,94.83,286500,0,0,0
sess_02390,user_091,server_13,server,LOGIN DB_READ HTTP_GET HTTP_POST DB_WRITE CACHE_WRITE LOGOUT,7,93.86,395105,0,0,0
sess_03477,user_022,server_15,git,LOGIN CREATE_BRANCH DOWNLOAD DELETE_REPO DOWNLOAD,5,92.0,10155533,0,0,1
sess_04515,user_099,server_20,git,LOGIN CREATE_BRANCH DELETE_REPO DOWNLOAD DOWNLOAD,5,81.2,10084215,0,0,1
sess_04070,user_048,server_02,server,LOGIN AUTH_FAILURE AUTH_FAILURE AUTH_FAILURE HTTP_DELETE ERROR_500,6,229.5,257606,4,3,1
sess_01024,user_053,server_20,git,LOGIN PULL CREATE_BRANCH READ_FILE COMMIT PUSH LOGOUT,7,79.29,298689,0,0,0
sess_01196,user_038,server_05,git,LOGIN DOWNLOAD CREATE_BRANCH DELETE_REPO DOWNLOAD,5,96.2,9991318,0,0,1
sess_01148,user_092,server_08,server,LOGIN HTTP_GET DB_READ DB_WRITE HTTP_POST LOGOUT CACHE_WRITE,7,105.57,321312,0,0,0
sess_01548,user_010,server_20,server,LOGIN HTTP_GET CACHE_READ LOGOUT DB_READ HTTP_GET,6,77.33,254883,0,0,0
sess_01504,user_070,server_08,git,LOGIN PULL PUSH LOGOUT READ_FILE COMMIT PULL READ_FILE,8,99.0,446268,0,0,0
sess_01022,user_020,server_10,git,LOGIN CLONE READ_FILE LOGOUT COMMIT PUSH,6,93.17,291470,0,0,0
sess_03476,user_024,server_11,git,LOGIN PULL PUSH READ_FILE CREATE_BRANCH COMMIT LOGOUT,7,82.71,409271,0,0,0
sess_03265,user_055,server_04,server,LOGIN HTTP_GET DB_READ DB_WRITE HTTP_POST LOGOUT,6,81.5,300836,0,0,0
sess_03350,user_042,server_12,git,LOGIN COMMIT PULL PULL READ_FILE PUSH LOGOUT,7,94.29,366165,0,0,0
sess_01754,user_013,server_20,server,LOGIN HTTP_GET LOGOUT DB_WRITE DB_READ HTTP_POST,6,84.17,278030,0,0,0
sess_01540,user_007,server_08,git,LOGIN PULL READ_FILE PULL PUSH COMMIT LOGOUT,7,83.14,298538,0,0,0
sess_04076,user_029,server_07,git,LOGIN CLONE READ_FILE READ_FILE LOGOUT COMMIT PUSH,7,83.14,366058,0,0,0
sess_04889,user_060,server_15,server,LOGIN HTTP_GET HTTP_GET CACHE_READ LOGOUT DB_READ,6,73.83,291763,0,0,0
sess_02099,user_064,server_06,git,LOGIN PULL READ_FILE CREATE_BRANCH LOGOUT PUSH COMMIT,7,81.0,392866,0,0,0
sess_01049,user_033,server_20,server,LOGIN HTTP_GET LOGOUT CACHE_READ HTTP_GET DB_READ,6,85.67,261569,0,0,0
sess_01053,user_053,server_01,server,LOGIN HTTP_GET DB_READ CACHE_READ HTTP_GET LOGOUT,6,79.67,274466,0,0,0
sess_01442,user_031,server_11,git,LOGIN COMMIT PULL PULL READ_FILE PUSH LOGOUT,7,80.29,380505,0,0,0
sess_00203,user_084,server_08,server,LOGIN HTTP_GET DB_WRITE DB_READ HTTP_POST LOGOUT,6,70.0,301060,0,0,0
sess_04525,user_016,server_01,server,LOGIN HTTP_GET HTTP_GET HTTP_GET HTTP_GET ERROR_500 ERROR_500,7,271.0,336554,2,0,1
sess_02029,user_011,server_17,server,LOGIN CACHE_READ HTTP_GET HTTP_GET DB_READ LOGOUT,6,98.33,292103,0,0,0
sess_04947,user_009,server_16,git,LOGIN PULL COMMIT READ_FILE PUSH LOGOUT,6,110.17,262245,0,0,0
sess_02297,user_053,server_13,git,LOGIN PULL COMMIT READ_FILE PUSH LOGOUT,6,88.17,279240,0,0,0
sess_03235,user_009,server_19,git,LOGIN PULL READ_FILE CREATE_BRANCH COMMIT LOGOUT PUSH,7,89.71,350966,0,0,0
sess_01898,user_049,server_04,git,LOGIN CLONE READ_FILE COMMIT PUSH LOGOUT,6,82.83,345249,0,0,0
sess_01082,user_076,server_16,git,LOGIN PULL COMMIT READ_FILE PULL PUSH LOGOUT,7,99.0,372975,0,0,0
sess_03677,user_026,server_10,git,LOGIN PULL LOGOUT READ_FILE PUSH COMMIT,6,81.0,307555,0,0,0
sess_01564,user_047,server_07,git,LOGIN PULL COMMIT READ_FILE READ_FILE PULL LOGOUT PUSH,8,86.5,390312,0,0,0
sess_04360,user_079,server_20,git,LOGIN PULL LOGOUT READ_FILE COMMIT PULL PUSH,7,83.57,327411,0,0,0
sess_03086,user_008,server_02,server,LOGIN HTTP_GET DB_READ DB_WRITE HTTP_POST LOGOUT,6,102.83,328581,0,0,0
sess_04881,user_063,server_11,git,LOGIN READ_FILE CLONE PUSH READ_FILE COMMIT LOGOUT,7,77.29,337404,0,0,0
sess_00205,user_065,server_18,git,LOGIN CREATE_BRANCH COMMIT PULL PUSH READ_FILE LOGOUT,7,95.29,359492,0,0,0
sess_04262,user_002,server_13,git,LOGIN PULL READ_FILE COMMIT PUSH LOGOUT,6,77.0,300345,0,0,0
sess_00257,user_065,server_07,git,LOGIN PULL COMMIT LOGOUT READ_FILE READ_FILE PUSH,7,77.43,319289,0,0,0
sess_04023,user_034,server_17,git,LOGIN READ_FILE PULL COMMIT CREATE_BRANCH PUSH LOGOUT,7,88.71,390026,0,0,0
sess_02329,user_017,server_09,server,LOGIN HTTP_GET CACHE_READ HTTP_GET DB_READ LOGOUT,6,96.33,308176,0,0,0
sess_00574,user_093,server_12,git,LOGIN READ_FILE PULL PULL LOGOUT COMMIT PUSH,7,84.43,324275,0,0,0
sess_04356,user_005,server_18,git,LOGIN CLONE COMMIT READ_FILE PUSH LOGOUT,6,97.83,279506,0,0,0
sess_00353,user_038,server_20,git,LOGIN COMMIT PULL LOGOUT READ_FILE PUSH,6,93.83,284901,0,0,0
sess_01135,user_048,server_12,git,LOGIN PULL READ_FILE COMMIT PULL LOGOUT PUSH,7,99.14,370602,0,0,0
sess_00706,user_022,server_19,git,LOGIN PULL LOGOUT READ_FILE PULL READ_FILE PUSH COMMIT,8,90.5,408646,0,0,0
sess_02955,user_055,server_10,git,LOGIN PULL READ_FILE LOGOUT CREATE_BRANCH PUSH COMMIT,7,77.86,308104,0,0,0
sess_04715,user_077,server_01,server,LOGIN HTTP_GET DB_WRITE DB_READ HTTP_POST LOGOUT CACHE_WRITE,7,69.0,363905,0,0,0
sess_02536,user_052,server_10,server,LOGIN HTTP_GET HTTP_GET CACHE_READ LOGOUT DB_READ,6,79.33,319820,0,0,0
sess_00071,user_079,server_06,server,LOGIN HTTP_GET CACHE_READ LOGOUT DB_READ HTTP_POST DB_WRITE,7,70.57,370077,0,0,0
sess_04046,user_082,server_09,server,LOGIN HTTP_GET HTTP_GET HTTP_GET HTTP_GET ERROR_500 ERROR_500,7,235.86,352986,2,0,1
sess_01233,user_069,server_16,server,LOGIN HTTP_GET DB_WRITE DB_READ HTTP_POST LOGOUT,6,85.17,320408,0,0,0
sess_02456,user_008,server_09,git,LOGIN CLONE READ_FILE PUSH READ_FILE LOGOUT COMMIT,7,96.71,352860,0,0,0
sess_04725,user_093,server_20,server,LOGIN HTTP_GET CACHE_READ LOGOUT HTTP_GET DB_READ,6,85.17,298911,0,0,0
sess_00451,user_013,server_07,git,LOGIN PULL READ_FILE COMMIT PUSH LOGOUT,6,93.67,252456,0,0,0
sess_03360,user_011,server_07,git,LOGIN READ_FILE PULL LOGOUT READ_FILE PUSH COMMIT,7,69.86,320189,0,0,0
sess_02952,user_058,server_02,server,LOGIN CACHE_READ HTTP_GET DB_READ LOGOUT HTTP_GET,6,89.17,275247,0,0,0
sess_00153,user_051,server_02,git,LOGIN READ_FILE PUSH PULL COMMIT LOGOUT,6,100.0,281610,0,0,0
sess_04766,user_002,server_09,git,LOGIN PULL CREATE_BRANCH READ_FILE PUSH COMMIT LOGOUT,7,77.86,398028,0,0,0
sess_00591,user_006,server_19,server,LOGIN HTTP_GET DB_READ HTTP_GET CACHE_READ LOGOUT,6,82.17,354741,0,0,0
sess_03929,user_032,server_11,git,LOGIN COMMIT CLONE READ_FILE LOGOUT PUSH,6,90.67,265311,0,0,0
sess_04403,user_034,server_17,server,LOGIN HTTP_GET CACHE_READ LOGOUT HTTP_GET DB_READ,6,92.17,311781,0,0,0
sess_03922,user_064,server_13,git,LOGIN PULL PUSH READ_FILE CREATE_BRANCH COMMIT LOGOUT,7,74.0,387976,0,0,0
sess_01924,user_092,server_06,server,LOGIN HTTP_POST HTTP_GET DB_WRITE DB_READ LOGOUT CACHE_WRITE,7,80.71,357614,0,0,0
sess_01437,user_044,server_06,git,LOGIN PULL READ_FILE COMMIT READ_FILE LOGOUT PULL PUSH,8,83.5,427491,0,0,0
sess_02667,user_012,server_13,server,LOGIN CACHE_READ CACHE_READ HTTP_GET HTTP_GET DB_READ LOGOUT,7,85.71,410364,0,0,0
sess_04696,user_034,server_05,git,LOGIN PULL READ_FILE COMMIT PUSH LOGOUT,6,100.17,295713,0,0,0
sess_03647,user_063,server_08,server,LOGIN HTTP_GET HTTP_GET CACHE_READ DB_READ LOGOUT,6,89.67,327232,0,0,0
sess_00876,user_097,server_03,server,LOGIN HTTP_GET DB_WRITE ERROR_500 ERROR_500 ERROR_500,6,322.17,306759,3,0,1
sess_02605,user_063,server_17,server,LOGIN CACHE_READ DB_READ HTTP_GET HTTP_GET LOGOUT CACHE_READ,7,87.43,353862,0,0,0
sess_01060,user_070,server_03,git,LOGIN CLONE READ_FILE COMMIT PUSH LOGOUT,6,75.67,294108,0,0,0
sess_04093,user_049,server_10,git,LOGIN PULL READ_FILE CREATE_BRANCH COMMIT LOGOUT PUSH,7,81.57,313339,0,0,0
sess_01628,user_033,server_07,git,LOGIN PULL LOGOUT READ_FILE READ_FILE CREATE_BRANCH PUSH COMMIT,8,97.38,408686,0,0,0
sess_04628,user_098,server_20,server,LOGIN HTTP_GET CACHE_WRITE DB_WRITE CACHE_READ DB_READ HTTP_POST LOGOUT,8,87.25,397846,0,0,0
sess_01099,user_051,server_14,server,LOGIN HTTP_GET DB_READ HTTP_POST DB_WRITE LOGOUT,6,91.17,320349,0,0,0
sess_00923,user_095,server_12,git,LOGIN CLONE COMMIT LOGOUT READ_FILE READ_FILE PUSH,7,99.43,396592,0,0,0
sess_04292,user_032,server_16,server,LOGIN HTTP_GET DB_WRITE DB_READ HTTP_POST LOGOUT,6,82.33,277062,0,0,0
sess_04714,user_032,server_03,git,LOGIN LOGOUT PULL READ_FILE PUSH COMMIT,6,93.67,305370,0,0,0
sess_00896,user_042,server_13,git,LOGIN PULL READ_FILE COMMIT CREATE_BRANCH PUSH LOGOUT,7,107.0,361844,0,0,0
sess_02968,user_033,server_19,server,LOGIN HTTP_GET CACHE_READ HTTP_GET LOGOUT DB_READ,6,101.83,292803,0,0,0
sess_01684,user_074,server_06,server,LOGIN HTTP_GET DB_READ LOGOUT CACHE_READ HTTP_GET,6,103.17,280703,0,0,0
sess_01973,user_028,server_20,server,LOGIN DB_READ HTTP_GET CACHE_READ DB_WRITE HTTP_POST LOGOUT,7,74.29,415736,0,0,0
sess_03196,user_056,server_13,git,LOGIN FAILED_LOGIN DELETE_REPO FAILED_LOGIN FAILED_LOGIN DOWNLOAD,6,108.33,5213948,3,3,1
sess_03790,user_067,server_20,git,LOGIN CLONE PUSH READ_FILE COMMIT LOGOUT,6,100.83,325930,0,0,0
sess_02183,user_063,server_09,server,LOGIN HTTP_GET DB_WRITE DB_READ LOGOUT HTTP_POST,6,101.83,283586,0,0,0
sess_02712,user_017,server_08,server,LOGIN DB_READ HTTP_GET LOGOUT HTTP_POST DB_WRITE CACHE_WRITE,7,102.43,310282,0,0,0
sess_03569,user_068,server_15,server,LOGIN CACHE_READ HTTP_GET DB_READ HTTP_GET LOGOUT,6,76.67,312447,0,0,0
sess_01407,user_065,server_09,server,LOGIN HTTP_GET CACHE_READ DB_READ HTTP_POST DB_WRITE LOGOUT CACHE_WRITE,8,72.38,461796,0,0,0
sess_03128,user_035,server_04,git,LOGIN COMMIT CLONE READ_FILE PUSH LOGOUT,6,88.17,320709,0,0,0
sess_03999,user_041,server_02,server,LOGIN HTTP_GET LOGOUT DB_READ HTTP_POST DB_WRITE CACHE_WRITE CACHE_READ,8,93.5,385406,0,0,0
sess_03776,user_090,server_09,git,LOGIN CLONE COMMIT LOGOUT READ_FILE PUSH,6,76.17,276029,0,0,0
sess_02650,user_016,server_11,git,LOGIN READ_FILE CLONE COMMIT LOGOUT PUSH,6,81.83,278864,0,0,0
sess_03236,user_090,server_15,server,LOGIN HTTP_GET HTTP_GET CACHE_READ DB_READ LOGOUT,6,108.5,292142,0,0,0
sess_00853,user_027,server_15,server,LOGIN DB_READ HTTP_GET HTTP_GET LOGOUT CACHE_READ,6,84.67,298128,0,0,0
sess_00800,user_032,server_05,server,LOGIN HTTP_GET DB_READ LOGOUT CACHE_WRITE DB_WRITE HTTP_POST,7,104.29,351232,0,0,0
sess_02126,user_010,server_18,server,LOGIN CACHE_READ CACHE_READ HTTP_GET HTTP_GET LOGOUT DB_READ,7,101.57,322123,0,0,0
sess_01534,user_039,server_13,git,LOGIN CLONE READ_FILE COMMIT PUSH LOGOUT,6,102.67,315775,0,0,0
sess_01473,user_036,server_07,git,LOGIN READ_FILE PULL COMMIT LOGOUT PULL PUSH,7,76.29,365681,0,0,0
sess_03005,user_043,server_01,git,LOGIN READ_FILE LOGOUT CLONE COMMIT READ_FILE PUSH,7,89.14,327580,0,0,0
sess_02077,user_059,server_18,server,LOGIN HTTP_GET CACHE_WRITE DB_READ HTTP_POST DB_WRITE LOGOUT,7,77.0,395252,0,0,0
sess_01555,user_071,server_09,git,LOGIN PULL READ_FILE CREATE_BRANCH COMMIT PUSH LOGOUT,7,100.14,369292,0,0,0
sess_01792,user_078,server_02,git,LOGIN PULL READ_FILE LOGOUT PUSH COMMIT,6,95.83,323686,0,0,0
sess_02822,user_089,server_11,server,LOGIN DB_READ HTTP_GET HTTP_GET CACHE_READ LOGOUT,6,112.17,300341,0,0,0
sess_03080,user_048,server_02,server,LOGIN HTTP_GET CACHE_READ DB_READ LOGOUT HTTP_GET,6,108.83,301927,0,0,0
sess_02638,user_088,server_17,server,LOGIN HTTP_GET HTTP_GET CACHE_READ LOGOUT DB_READ,6,85.17,352677,0,0,0
sess_04572,user_032,server_11,git,LOGIN COMMIT READ_FILE PULL LOGOUT PUSH,6,98.17,295465,0,0,0
sess_02417,user_078,server_20,git,LOGIN CLONE DOWNLOAD PUSH DOWNLOAD DELETE_REPO,6,97.83,10197118,0,0,1
sess_03670,user_069,server_14,git,LOGIN READ_FILE COMMIT PULL PUSH LOGOUT,6,80.17,284423,0,0,0
sess_00642,user_055,server_04,server,LOGIN HTTP_GET HTTP_POST DB_READ DB_WRITE LOGOUT,6,82.17,326202,0,0,0
sess_01935,user_037,server_19,server,LOGIN HTTP_GET DB_READ HTTP_GET LOGOUT CACHE_READ,6,79.17,289909,0,0,0
sess_04268,user_089,server_07,server,LOGIN HTTP_GET DB_READ DB_WRITE HTTP_POST LOGOUT CACHE_WRITE,7,88.43,305755,0,0,0
sess_02922,user_096,server_11,server,LOGIN HTTP_GET CACHE_READ CACHE_READ HTTP_GET DB_READ LOGOUT,7,100.57,337388,0,0,0
sess_02776,user_026,server_17,git,LOGIN PULL COMMIT READ_FILE PUSH LOGOUT,6,79.33,272664,0,0,0
sess_01851,user_032,server_14,server,LOGIN HTTP_GET DB_READ HTTP_POST DB_WRITE LOGOUT CACHE_READ,7,96.43,390842,0,0,0
sess_02516,user_087,server_10,server,LOGIN HTTP_GET HTTP_GET LOGOUT DB_READ CACHE_READ,6,81.5,292960,0,0,0
sess_02421,user_005,server_18,server,LOGIN HTTP_GET DB_READ HTTP_POST DB_WRITE LOGOUT,6,72.83,306028,0,0,0
sess_02338,user_018,server_11,server,LOGIN HTTP_GET DB_READ CACHE_READ CACHE_READ LOGOUT HTTP_GET,7,96.86,322925,0,0,0
sess_01213,user_024,server_18,server,LOGIN HTTP_GET DB_WRITE DB_READ LOGOUT HTTP_POST CACHE_WRITE,7,92.57,361301,0,0,0
sess_04594,user_055,server_09,git,LOGIN PULL PUSH READ_FILE CREATE_BRANCH LOGOUT COMMIT,7,87.86,339843,0,0,0
sess_01703,user_052,server_06,server,LOGIN DB_READ HTTP_GET CACHE_READ HTTP_GET LOGOUT,6,88.0,329119,0,0,0
sess_04961,user_048,server_10,git,LOGIN DOWNLOAD CREATE_BRANCH DOWNLOAD DELETE_REPO,5,75.6,10136833,0,0,1
sess_00550,user_006,server_06,server,LOGIN HTTP_GET CACHE_READ HTTP_GET LOGOUT DB_READ,6,98.0,270162,0,0,0
sess_00470,user_012,server_08,server,LOGIN DB_READ HTTP_GET CACHE_READ HTTP_POST LOGOUT DB_WRITE CACHE_WRITE,8,106.88,439839,0,0,0
sess_01277,user_038,server_16,server,LOGIN HTTP_GET HTTP_GET DB_READ LOGOUT CACHE_READ,6,93.17,240873,0,0,0
sess_02772,user_092,server_07,server,LOGIN HTTP_GET CACHE_READ DB_READ HTTP_GET LOGOUT,6,100.5,314831,0,0,0
sess_04043,user_093,server_01,git,LOGIN CREATE_BRANCH DELETE_REPO DOWNLOAD DOWNLOAD,5,104.8,10223127,0,0,1
sess_03940,user_045,server_04,server,LOGIN HTTP_GET DB_READ HTTP_GET CACHE_READ LOGOUT CACHE_READ,7,89.57,357276,0,0,0
sess_00994,user_039,server_02,server,LOGIN DB_READ HTTP_GET CACHE_READ HTTP_GET CACHE_READ LOGOUT,7,100.86,344340,0,0,0
sess_02294,user_084,server_06,server,LOGIN HTTP_GET DB_WRITE HTTP_POST DB_READ CACHE_WRITE LOGOUT,7,80.14,317189,0,0,0
sess_02894,user_048,server_17,git,LOGIN PULL READ_FILE COMMIT READ_FILE PUSH LOGOUT,7,91.71,307550,0,0,0
sess_02807,user_070,server_04,server,LOGIN HTTP_GET CACHE_WRITE DB_READ DB_WRITE LOGOUT HTTP_POST,7,74.71,321324,0,0,0
sess_02153,user_064,server_05,git,LOGIN PULL READ_FILE COMMIT PUSH LOGOUT,6,86.17,301092,0,0,0
sess_03275,user_091,server_16,git,LOGIN PULL PULL READ_FILE PUSH COMMIT LOGOUT,7,91.57,394187,0,0,0
sess_03026,user_066,server_18,git,LOGIN READ_FILE PULL LOGOUT READ_FILE CREATE_BRANCH COMMIT PUSH,8,74.25,394488,0,0,0
sess_03025,user_001,server_18,git,LOGIN PUSH CLONE COMMIT READ_FILE LOGOUT,6,91.5,318549,0,0,0
sess_03466,user_026,server_19,git,LOGIN PULL COMMIT LOGOUT READ_FILE PUSH PULL,7,102.71,343639,0,0,0
sess_00317,user_060,server_02,git,LOGIN CREATE_BRANCH DELETE_REPO DOWNLOAD DOWNLOAD,5,97.4,10193491,0,0,1
sess_02103,user_041,server_15,git,LOGIN PULL READ_FILE READ_FILE PUSH LOGOUT COMMIT,7,88.29,346915,0,0,0
sess_04395,user_091,server_17,server,LOGIN HTTP_GET HTTP_GET CACHE_READ DB_READ LOGOUT,6,100.5,347171,0,0,0
sess_03421,user_005,server_16,git,LOGIN PULL READ_FILE LOGOUT COMMIT PUSH,6,90.0,296912,0,0,0
sess_00343,user_062,server_18,git,LOGIN PULL COMMIT PULL READ_FILE LOGOUT PUSH,7,74.29,330895,0,0,0
sess_00892,user_036,server_13,git,LOGIN PULL READ_FILE COMMIT CREATE_BRANCH PUSH LOGOUT,7,80.14,353599,0,0,0
sess_00575,user_067,server_17,git,LOGIN READ_FILE CLONE PUSH LOGOUT COMMIT,6,98.5,310599,0,0,0
sess_00048,user_047,server_09,git,LOGIN READ_FILE CLONE COMMIT PUSH LOGOUT READ_FILE,7,93.71,318129,0,0,0
sess_00762,user_065,server_03,git,LOGIN PULL READ_FILE COMMIT PUSH PULL LOGOUT,7,88.71,420391,0,0,0
sess_01021,user_010,server_08,server,LOGIN HTTP_GET DB_READ DB_WRITE HTTP_POST LOGOUT,6,80.17,314848,0,0,0
sess_03921,user_016,server_08,server,LOGIN HTTP_GET CACHE_READ DB_READ DB_WRITE LOGOUT HTTP_POST CACHE_WRITE,8,98.25,412932,0,0,0
sess_03991,user_084,server_19,git,LOGIN DOWNLOAD DOWNLOAD DOWNLOAD DELETE_REPO,5,84.4,15163117,0,0,1
sess_01903,user_018,server_10,git,LOGIN PULL READ_FILE CREATE_BRANCH COMMIT PUSH LOGOUT,7,84.43,346344,0,0,0
sess_02387,user_043,server_11,server,LOGIN HTTP_GET CACHE_READ DB_READ HTTP_POST DB_WRITE LOGOUT,7,92.43,314531,0,0,0
sess_03300,user_074,server_20,git,LOGIN CLONE PUSH READ_FILE COMMIT LOGOUT,6,80.17,266955,0,0,0
sess_04567,user_100,server_05,server,LOGIN HTTP_GET LOGOUT HTTP_GET DB_READ CACHE_READ,6,74.5,311388,0,0,0
sess_03613,user_068,server_08,git,LOGIN READ_FILE PULL PUSH LOGOUT COMMIT,6,94.33,260917,0,0,0
sess_02000,user_073,server_13,server,LOGIN AUTH_FAILURE AUTH_FAILURE HTTP_DELETE AUTH_FAILURE ERROR_500,6,196.33,240807,4,3,1
sess_02214,user_066,server_15,server,LOGIN HTTP_GET DB_WRITE DB_READ HTTP_POST CACHE_WRITE LOGOUT,7,99.0,343309,0,0,0
sess_00841,user_019,server_10,server,LOGIN HTTP_GET HTTP_GET DB_READ LOGOUT CACHE_READ,6,76.83,309615,0,0,0
sess_02190,user_097,server_09,server,LOGIN DB_READ HTTP_GET HTTP_GET LOGOUT CACHE_READ CACHE_READ,7,82.71,327405,0,0,0
sess_03213,user_067,server_08,git,LOGIN PULL READ_FILE COMMIT LOGOUT PULL PUSH,7,87.29,416552,0,0,0
sess_03872,user_019,server_02,git,LOGIN CREATE_BRANCH PULL COMMIT READ_FILE PUSH LOGOUT,7,74.71,310016,0,0,0
sess_04192,user_041,server_02,git,LOGIN PULL READ_FILE COMMIT PUSH LOGOUT,6,82.33,267769,0,0,0
sess_02470,user_094,server_11,server,LOGIN HTTP_POST HTTP_GET DB_READ CACHE_WRITE DB_WRITE LOGOUT,7,82.71,274861,0,0,0
sess_00865,user_002,server_13,git,LOGIN PULL COMMIT PUSH READ_FILE CREATE_BRANCH LOGOUT,7,94.0,398889,0,0,0
sess_02899,user_077,server_13,git,LOGIN COMMIT PULL READ_FILE PUSH LOGOUT,6,99.33,325111,0,0,0
sess_00167,user_008,server_05,server,LOGIN HTTP_GET HTTP_GET ERROR_500 HTTP_GET HTTP_GET ERROR_500,7,246.86,341558,2,0,1
sess_01802,user_035,server_15,server,LOGIN FILE_DOWNLOAD FILE_DOWNLOAD FILE_DOWNLOAD HTTP_DELETE,5,91.4,14997097,0,0,1
sess_00608,user_021,server_03,server,LOGIN HTTP_GET ERROR_500 ERROR_500 DB_WRITE ERROR_500,6,490.0,313761,3,0,1
sess_02567,user_028,server_17,server,LOGIN HTTP_POST HTTP_GET DB_READ DB_WRITE LOGOUT,6,105.33,296057,0,0,0
sess_03039,user_081,server_06,git,LOGIN PULL READ_FILE READ_FILE CREATE_BRANCH PUSH LOGOUT COMMIT,8,97.5,345744,0,0,0
sess_03552,user_071,server_10,git,LOGIN PULL COMMIT PULL READ_FILE PUSH LOGOUT,7,91.29,314076,0,0,0
sess_01223,user_091,server_13,git,LOGIN PULL READ_FILE PULL LOGOUT COMMIT PUSH,7,85.71,380787,0,0,0
sess_01957,user_093,server_13,git,LOGIN CLONE READ_FILE COMMIT PUSH LOGOUT,6,92.33,269843,0,0,0
sess_01533,user_096,server_10,server,LOGIN HTTP_GET DB_READ DB_WRITE HTTP_POST CACHE_WRITE LOGOUT,7,83.86,325152,0,0,0
sess_03266,user_021,server_20,git,LOGIN CREATE_BRANCH DELETE_REPO DOWNLOAD DOWNLOAD,5,101.4,10279040,0,0,1
sess_01425,user_041,server_08,git,LOGIN COMMIT PULL READ_FILE PUSH PULL LOGOUT,7,94.43,385617,0,0,0
sess_03418,user_036,server_19,server,LOGIN DB_READ HTTP_GET CACHE_READ HTTP_GET LOGOUT,6,98.67,288282,0,0,0
sess_02135,user_037,server_01,server,LOGIN DB_READ HTTP_GET CACHE_READ HTTP_POST DB_WRITE LOGOUT,7,85.71,323061,0,0,0
sess_02352,user_065,server_20,server,LOGIN DB_WRITE HTTP_GET DB_READ CACHE_READ HTTP_POST CACHE_WRITE LOGOUT,8,89.0,402158,0,0,0
sess_01396,user_072,server_16,server,LOGIN HTTP_GET CACHE_READ LOGOUT HTTP_GET DB_READ,6,74.5,296951,0,0,0
sess_04212,user_054,server_07,server,LOGIN HTTP_GET HTTP_POST DB_READ CACHE_WRITE DB_WRITE LOGOUT,7,89.86,324180,0,0,0
sess_02616,user_045,server_11,server,LOGIN HTTP_GET DB_READ LOGOUT HTTP_GET CACHE_READ,6,86.5,279272,0,0,0
sess_00919,user_021,server_15,git,LOGIN PULL LOGOUT PUSH READ_FILE CREATE_BRANCH COMMIT,7,92.29,388405,0,0,0
sess_02075,user_033,server_09,git,LOGIN PULL COMMIT READ_FILE PUSH LOGOUT,6,83.0,339792,0,0,0
sess_01062,user_092,server_10,server,LOGIN HTTP_POST HTTP_GET DB_WRITE DB_READ CACHE_WRITE LOGOUT,7,98.43,311405,0,0,0
sess_03690,user_048,server_11,server,LOGIN FILE_DOWNLOAD FILE_DOWNLOAD FILE_DOWNLOAD HTTP_DELETE,5,82.4,15074800,0,0,1
sess_00334,user_083,server_15,git,LOGIN CLONE COMMIT READ_FILE PUSH LOGOUT,6,88.33,302606,0,0,0
sess_03097,user_088,server_16,server,LOGIN HTTP_GET HTTP_GET CACHE_READ DB_READ LOGOUT,6,80.33,312824,0,0,0
sess_00319,user_061,server_05,git,LOGIN COMMIT CLONE READ_FILE READ_FILE PUSH LOGOUT,7,78.29,360454,0,0,0
sess_02034,user_002,server_11,server,LOGIN HTTP_GET LOGOUT DB_READ DB_WRITE HTTP_POST,6,93.67,307622,0,0,0
sess_02136,user_015,server_01,server,LOGIN HTTP_GET DB_READ DB_WRITE LOGOUT HTTP_POST,6,101.83,302697,0,0,0
sess_03907,user_038,server_12,server,LOGIN HTTP_GET HTTP_POST DB_READ CACHE_WRITE LOGOUT DB_WRITE,7,89.86,286824,0,0,0
sess_03782,user_050,server_19,git,LOGIN PULL COMMIT READ_FILE READ_FILE PUSH LOGOUT,7,91.0,354773,0,0,0
sess_00774,user_002,server_19,git,LOGIN CLONE PUSH DOWNLOAD DOWNLOAD DELETE_REPO,6,84.17,10474193,0,0,1
sess_04466,user_045,server_20,git,LOGIN PULL READ_FILE PUSH COMMIT LOGOUT,6,93.33,283529,0,0,0
sess_02057,user_040,server_06,server,LOGIN CACHE_READ HTTP_GET DB_READ HTTP_GET LOGOUT,6,92.83,311845,0,0,0
sess_02983,user_045,server_20,git,LOGIN CREATE_BRANCH PULL COMMIT READ_FILE LOGOUT PUSH,7,78.57,377624,0,0,0
sess_00835,user_029,server_17,server,LOGIN HTTP_GET DB_READ CACHE_READ HTTP_GET LOGOUT,6,70.0,309562,0,0,0
sess_04995,user_027,server_16,server,LOGIN HTTP_GET DB_READ CACHE_READ HTTP_GET LOGOUT,6,100.17,319623,0,0,0
sess_04926,user_014,server_09,git,LOGIN CLONE READ_FILE LOGOUT COMMIT PUSH,6,83.33,322291,0,0,0
sess_02446,user_100,server_07,server,LOGIN HTTP_GET HTTP_GET HTTP_GET ERROR_500 HTTP_GET ERROR_500,7,221.86,325698,2,0,1
sess_03023,user_051,server_02,server,LOGIN HTTP_GET DB_READ LOGOUT HTTP_GET CACHE_READ,6,77.67,337779,0,0,0
sess_01876,user_085,server_01,git,LOGIN CREATE_BRANCH DELETE_REPO DOWNLOAD DOWNLOAD,5,80.0,10351983,0,0,1
sess_00226,user_067,server_16,server,LOGIN HTTP_GET DB_READ HTTP_POST DB_WRITE LOGOUT,6,98.17,271172,0,0,0
sess_02283,user_087,server_02,git,LOGIN COMMIT PULL PUSH READ_FILE PULL LOGOUT,7,76.57,365196,0,0,0
sess_03920,user_082,server_17,server,LOGIN HTTP_GET LOGOUT CACHE_READ HTTP_GET DB_READ,6,85.83,276890,0,0,0
sess_00604,user_092,server_15,server,LOGIN HTTP_GET DB_READ CACHE_READ HTTP_GET LOGOUT,6,97.0,266592,0,0,0
sess_02493,user_075,server_04,git,LOGIN FAILED_LOGIN FAILED_LOGIN FAILED_LOGIN DOWNLOAD DELETE_REPO,6,91.5,5142904,3,3,1
sess_00436,user_002,server_08,git,LOGIN COMMIT READ_FILE LOGOUT PULL PULL PUSH,7,85.0,337644,0,0,0
sess_02624,user_059,server_19,git,LOGIN DELETE_REPO DOWNLOAD DOWNLOAD DOWNLOAD,5,96.0,14963287,0,0,1
sess_04538,user_008,server_03,git,LOGIN PULL COMMIT READ_FILE PUSH LOGOUT,6,90.67,299915,0,0,0
sess_02890,user_058,server_19,server,LOGIN HTTP_GET DB_READ HTTP_GET CACHE_READ LOGOUT,6,82.33,279874,0,0,0
sess_04074,user_091,server_10,server,LOGIN ERROR_500 HTTP_GET ERROR_500 ERROR_500 DB_WRITE,6,393.5,283327,3,0,1
sess_03604,user_019,server_05,server,LOGIN HTTP_GET HTTP_POST DB_READ DB_WRITE LOGOUT,6,102.33,311726,0,0,0
sess_03267,user_028,server_12,server,LOGIN HTTP_GET DB_READ LOGOUT CACHE_WRITE DB_WRITE HTTP_POST,7,85.29,287179,0,0,0
sess_03712,user_032,server_02,git,LOGIN PULL READ_FILE PUSH COMMIT CREATE_BRANCH LOGOUT,7,84.43,305549,0,0,0
sess_01806,user_097,server_16,server,LOGIN CACHE_READ HTTP_GET LOGOUT HTTP_GET CACHE_READ DB_READ,7,80.71,286188,0,0,0
sess_00212,user_020,server_11,git,LOGIN CREATE_BRANCH PULL READ_FILE READ_FILE PUSH COMMIT LOGOUT,8,69.25,446064,0,0,0
sess_04691,user_066,server_05,git,LOGIN PULL CREATE_BRANCH READ_FILE PUSH LOGOUT COMMIT,7,93.29,292621,0,0,0
sess_02388,user_074,server_06,git,LOGIN READ_FILE LOGOUT PULL PUSH COMMIT,6,89.5,337319,0,0,0
sess_02676,user_055,server_17,git,LOGIN COMMIT CLONE PUSH LOGOUT READ_FILE,6,97.17,262452,0,0,0
sess_00488,user_020,server_07,git,LOGIN PULL LOGOUT READ_FILE COMMIT PUSH PULL,7,77.14,399116,0,0,0
sess_03203,user_009,server_01,server,LOGIN HTTP_GET DB_READ LOGOUT HTTP_POST DB_WRITE,6,86.83,295615,0,0,0
sess_01984,user_024,server_18,server,LOGIN HTTP_GET HTTP_POST DB_READ DB_WRITE LOGOUT,6,90.0,314701,0,0,0
sess_00450,user_069,server_01,git,LOGIN PULL COMMIT READ_FILE PUSH CREATE_BRANCH LOGOUT,7,88.71,307419,0,0,0
sess_02376,user_011,server_13,git,LOGIN PULL PUSH COMMIT READ_FILE LOGOUT,6,94.0,283848,0,0,0
sess_02335,user_019,server_20,server,LOGIN CACHE_READ HTTP_GET DB_READ HTTP_GET LOGOUT,6,80.5,297054,0,0,0
sess_01388,user_042,server_14,git,LOGIN PUSH CLONE READ_FILE COMMIT LOGOUT,6,89.17,352950,0,0,0
sess_01229,user_008,server_13,server,LOGIN HTTP_GET DB_WRITE HTTP_POST DB_READ LOGOUT,6,98.33,291196,0,0,0
sess_01658,user_042,server_10,server,LOGIN DB_READ HTTP_POST HTTP_GET CACHE_WRITE DB_WRITE LOGOUT,7,97.43,404291,0,0,0
sess_00961,user_009,server_02,server,LOGIN HTTP_GET LOGOUT CACHE_READ HTTP_GET CACHE_READ DB_READ,7,97.71,342378,0,0,0
sess_01106,user_012,server_15,git,LOGIN CLONE PUSH READ_FILE COMMIT LOGOUT,6,98.5,290696,0,0,0
sess_03935,user_009,server_14,server,LOGIN ERROR_500 HTTP_GET ERROR_500 DB_WRITE ERROR_500,6,477.0,272585,3,0,1
sess_00851,user_091,server_03,server,LOGIN HTTP_GET DB_READ DB_WRITE LOGOUT HTTP_POST,6,84.67,289927,0,0,0
sess_02362,user_041,server_01,git,LOGIN PULL READ_FILE COMMIT LOGOUT PULL PUSH,7,90.57,354058,0,0,0
sess_00474,user_067,server_17,server,LOGIN HTTP_GET DB_WRITE HTTP_POST CACHE_READ DB_READ LOGOUT,7,70.71,396360,0,0,0
sess_04612,user_074,server_13,git,LOGIN PULL COMMIT READ_FILE PUSH PULL READ_FILE LOGOUT,8,93.62,419895,0,0,0
sess_03087,user_034,server_19,git,LOGIN READ_FILE PULL COMMIT PUSH LOGOUT,6,100.17,333607,0,0,0
sess_00680,user_095,server_16,server,LOGIN LOGOUT HTTP_GET CACHE_READ DB_READ HTTP_GET,6,89.33,264273,0,0,0
sess_02891,user_024,server_13,git,LOGIN PULL LOGOUT READ_FILE COMMIT READ_FILE PUSH PULL,8,89.62,404627,0,0,0
sess_02474,user_054,server_05,git,LOGIN CLONE READ_FILE PUSH COMMIT LOGOUT,6,91.67,275711,0,0,0
sess_00076,user_012,server_06,git,LOGIN READ_FILE CLONE COMMIT PUSH LOGOUT,6,93.83,329890,0,0,0
sess_03190,user_043,server_04,git,LOGIN PULL LOGOUT READ_FILE COMMIT PUSH PULL,7,74.43,285404,0,0,0
sess_04687,user_071,server_04,git,LOGIN COMMIT READ_FILE PULL READ_FILE LOGOUT PUSH,7,81.43,316714,0,0,0
sess_03553,user_044,server_11,server,LOGIN DB_READ HTTP_GET LOGOUT CACHE_READ HTTP_GET CACHE_READ,7,90.71,350158,0,0,0
sess_04765,user_090,server_02,server,LOGIN HTTP_GET DB_READ CACHE_READ LOGOUT HTTP_GET,6,85.17,303080,0,0,0
sess_02656,user_037,server_19,server,LOGIN HTTP_GET CACHE_READ DB_READ HTTP_GET LOGOUT,6,86.67,269863,0,0,0
sess_00661,user_078,server_18,git,LOGIN PULL CREATE_BRANCH READ_FILE COMMIT LOGOUT PUSH,7,101.43,355656,0,0,0
sess_04478,user_035,server_14,git,LOGIN PULL READ_FILE PULL COMMIT PUSH LOGOUT,7,90.29,389082,0,0,0
sess_00244,user_036,server_05,server,LOGIN HTTP_GET CACHE_READ HTTP_POST DB_READ CACHE_WRITE LOGOUT DB_WRITE,8,78.0,467557,0,0,0
sess_04096,user_071,server_06,git,LOGIN READ_FILE CLONE PUSH COMMIT LOGOUT,6,86.5,317441,0,0,0
sess_04134,user_021,server_13,server,LOGIN DB_READ CACHE_READ LOGOUT HTTP_GET CACHE_READ HTTP_GET,7,86.29,304618,0,0,0
sess_02731,user_026,server_17,server,LOGIN HTTP_GET HTTP_GET ERROR_500 HTTP_GET HTTP_GET ERROR_500,7,250.14,314489,2,0,1
sess_04564,user_001,server_12,server,LOGIN HTTP_GET LOGOUT HTTP_POST DB_READ DB_WRITE CACHE_WRITE,7,82.71,339974,0,0,0
sess_04553,user_027,server_02,server,LOGIN HTTP_GET CACHE_READ CACHE_READ HTTP_GET DB_READ LOGOUT,7,89.71,367733,0,0,0
sess_04479,user_038,server_14,server,LOGIN HTTP_GET CACHE_WRITE DB_READ HTTP_POST DB_WRITE LOGOUT,7,83.0,337994,0,0,0
sess_00022,user_051,server_19,git,LOGIN FAILED_LOGIN FAILED_LOGIN FAILED_LOGIN DOWNLOAD DELETE_REPO,6,97.5,5218963,3,3,1
sess_03151,user_036,server_16,git,LOGIN READ_FILE COMMIT READ_FILE PULL PUSH LOGOUT,7,93.43,331650,0,0,0
sess_02529,user_074,server_17,server,LOGIN HTTP_GET HTTP_GET HTTP_GET ERROR_500 HTTP_GET ERROR_500,7,266.29,328515,2,0,1
sess_01741,user_044,server_15,git,LOGIN CLONE READ_FILE LOGOUT COMMIT READ_FILE PUSH,7,80.14,348184,0,0,0
sess_04954,user_049,server_10,server,LOGIN HTTP_GET DB_WRITE LOGOUT DB_READ HTTP_POST,6,78.5,345320,0,0,0
sess_00195,user_085,server_19,server,LOGIN HTTP_GET HTTP_GET CACHE_READ LOGOUT DB_READ,6,83.5,274972,0,0,0
sess_04928,user_038,server_03,git,LOGIN READ_FILE READ_FILE PULL PULL COMMIT LOGOUT PUSH,8,102.38,474627,0,0,0
sess_04116,user_042,server_19,server,LOGIN HTTP_GET CACHE_WRITE DB_READ CACHE_READ HTTP_POST DB_WRITE LOGOUT,8,84.25,435004,0,0,0
sess_03917,user_011,server_18,git,LOGIN CLONE DOWNLOAD DOWNLOAD PUSH DELETE_REPO,6,92.17,10051249,0,0,1
sess_01247,user_041,server_20,git,LOGIN PULL LOGOUT READ_FILE COMMIT PUSH,6,82.5,291298,0,0,0
sess_03753,user_040,server_07,git,LOGIN CLONE READ_FILE LOGOUT PUSH COMMIT,6,98.0,272343,0,0,0
sess_04455,user_100,server_16,server,LOGIN HTTP_GET CACHE_READ DB_READ HTTP_GET LOGOUT,6,82.5,283903,0,0,0
sess_03491,user_054,server_08,git,LOGIN PULL READ_FILE CREATE_BRANCH PUSH COMMIT LOGOUT,7,91.43,340670,0,0,0
sess_03934,user_044,server_16,server,LOGIN HTTP_GET DB_READ HTTP_GET CACHE_READ LOGOUT,6,91.33,294678,0,0,0
sess_01405,user_029,server_17,git,LOGIN PULL READ_FILE READ_FILE COMMIT PUSH CREATE_BRANCH LOGOUT,8,80.25,404360,0,0,0
sess_00384,user_003,server_02,git,LOGIN PULL PUSH READ_FILE LOGOUT PULL COMMIT READ_FILE,8,89.38,429746,0,0,0
sess_01121,user_089,server_01,git,LOGIN PULL READ_FILE READ_FILE PULL LOGOUT COMMIT PUSH,8,93.88,408280,0,0,0
sess_02475,user_032,server_07,server,LOGIN DB_READ HTTP_GET HTTP_POST CACHE_WRITE LOGOUT DB_WRITE,7,86.71,341238,0,0,0
sess_00004,user_022,server_18,git,LOGIN COMMIT PULL PULL READ_FILE LOGOUT PUSH,7,93.0,317407,0,0,0
sess_04329,user_057,server_17,server,LOGIN DB_READ HTTP_GET HTTP_POST LOGOUT DB_WRITE CACHE_WRITE,7,97.29,345037,0,0,0
sess_01150,user_023,server_16,server,LOGIN HTTP_GET DB_READ HTTP_POST LOGOUT DB_WRITE CACHE_WRITE,7,100.86,383263,0,0,0
sess_01014,user_096,server_04,server,LOGIN HTTP_GET CACHE_READ DB_READ HTTP_GET CACHE_READ LOGOUT,7,81.71,359985,0,0,0
sess_02787,user_023,server_04,git,LOGIN CREATE_BRANCH DELETE_REPO DOWNLOAD DOWNLOAD,5,89.2,10217945,0,0,1
sess_01180,user_087,server_13,git,LOGIN CLONE PUSH READ_FILE LOGOUT COMMIT,6,95.33,332305,0,0,0
sess_00280,user_092,server_19,git,LOGIN READ_FILE PULL READ_FILE COMMIT LOGOUT PULL PUSH,8,96.88,326678,0,0,0
sess_02326,user_060,server_05,server,LOGIN DB_READ HTTP_GET CACHE_WRITE HTTP_POST LOGOUT DB_WRITE,7,102.29,390650,0,0,0
sess_01798,user_039,server_12,git,LOGIN READ_FILE PULL COMMIT LOGOUT PUSH,6,109.83,300313,0,0,0
sess_03346,user_054,server_13,server,LOGIN HTTP_GET DB_WRITE HTTP_POST DB_READ CACHE_READ CACHE_WRITE LOGOUT,8,89.75,451094,0,0,0
sess_02357,user_002,server_08,git,LOGIN PULL CREATE_BRANCH PUSH READ_FILE COMMIT LOGOUT,7,107.29,339438,0,0,0
sess_01563,user_056,server_10,server,LOGIN HTTP_GET CACHE_READ HTTP_GET DB_READ LOGOUT,6,97.83,294232,0,0,0
sess_03157,user_099,server_03,server,LOGIN HTTP_GET HTTP_GET ERROR_500 HTTP_GET ERROR_500 HTTP_GET,7,257.14,346531,2,0,1
sess_01438,user_025,server_12,server,LOGIN DB_READ HTTP_GET DB_WRITE HTTP_POST LOGOUT,6,77.33,255666,0,0,0
sess_00885,user_054,server_01,server,LOGIN HTTP_GET DB_READ HTTP_GET CACHE_READ LOGOUT,6,84.33,314272,0,0,0
sess_04996,user_006,server_17,server,LOGIN HTTP_GET CACHE_READ DB_WRITE LOGOUT HTTP_POST DB_READ CACHE_WRITE,8,100.25,477972,0,0,0
sess_02580,user_051,server_19,server,LOGIN DB_READ HTTP_GET HTTP_GET LOGOUT CACHE_READ,6,73.33,292196,0,0,0
sess_03788,user_014,server_08,server,LOGIN HTTP_GET DB_READ DB_WRITE LOGOUT HTTP_POST,6,68.67,308295,0,0,0
sess_04459,user_019,server_15,git,LOGIN CLONE READ_FILE COMMIT PUSH LOGOUT,6,93.17,327989,0,0,0
sess_03465,user_022,server_15,git,LOGIN PULL READ_FILE CREATE_BRANCH COMMIT PUSH LOGOUT,7,79.71,349654,0,0,0
sess_01587,user_098,server_13,server,LOGIN HTTP_GET HTTP_GET CACHE_READ DB_READ LOGOUT,6,98.33,266927,0,0,0
sess_04255,user_047,server_09,server,LOGIN HTTP_GET DB_READ LOGOUT HTTP_POST DB_WRITE CACHE_WRITE,7,94.71,349004,0,0,0
sess_04061,user_029,server_05,git,LOGIN COMMIT READ_FILE READ_FILE CLONE PUSH LOGOUT,7,87.14,355881,0,0,0
sess_00500,user_090,server_09,server,LOGIN HTTP_GET DB_READ HTTP_POST DB_WRITE LOGOUT,6,75.5,352605,0,0,0
sess_02498,user_064,server_16,server,LOGIN DB_WRITE HTTP_GET HTTP_POST DB_READ LOGOUT,6,101.0,322955,0,0,0
sess_03508,user_041,server_17,server,LOGIN HTTP_GET HTTP_GET CACHE_READ DB_READ LOGOUT,6,93.0,242755,0,0,0
sess_00897,user_095,server_20,server,LOGIN AUTH_FAILURE AUTH_FAILURE AUTH_FAILURE HTTP_DELETE ERROR_500,6,254.17,286201,4,3,1
sess_01441,user_009,server_03,git,LOGIN PULL READ_FILE COMMIT CREATE_BRANCH PUSH LOGOUT,7,85.14,374161,0,0,0
sess_03636,user_038,server_10,server,LOGIN HTTP_GET CACHE_READ DB_READ HTTP_GET LOGOUT,6,90.33,306222,0,0,0
sess_00148,user_004,server_16,server,LOGIN HTTP_GET CACHE_READ HTTP_GET CACHE_READ DB_READ LOGOUT,7,88.0,343783,0,0,0
sess_00213,user_046,server_04,server,LOGIN FILE_DOWNLOAD FILE_DOWNLOAD FILE_DOWNLOAD HTTP_DELETE,5,98.2,14932422,0,0,1
sess_04778,user_082,server_11,server,LOGIN HTTP_GET DB_READ CACHE_READ CACHE_WRITE DB_WRITE HTTP_POST LOGOUT,8,99.75,378648,0,0,0
sess_02027,user_041,server_02,git,LOGIN PULL READ_FILE COMMIT PULL LOGOUT PUSH,7,77.14,336185,0,0,0
sess_00078,user_078,server_15,git,LOGIN PULL READ_FILE PUSH COMMIT CREATE_BRANCH LOGOUT,7,85.71,358952,0,0,0
sess_00872,user_055,server_01,server,LOGIN CACHE_READ DB_READ HTTP_GET HTTP_GET LOGOUT,6,82.33,320006,0,0,0
sess_01505,user_097,server_10,git,LOGIN PULL READ_FILE LOGOUT COMMIT PUSH,6,84.5,300212,0,0,0
sess_02259,user_029,server_20,git,LOGIN CLONE COMMIT READ_FILE LOGOUT PUSH,6,84.17,277630,0,0,0
sess_03462,user_044,server_14,git,LOGIN READ_FILE PULL COMMIT LOGOUT PUSH,6,97.5,279081,0,0,0
sess_00083,user_022,server_05,server,LOGIN DB_READ HTTP_GET HTTP_POST DB_WRITE LOGOUT,6,69.0,308491,0,0,0
sess_03797,user_011,server_17,server,LOGIN CACHE_READ HTTP_GET LOGOUT HTTP_GET DB_READ,6,97.0,295680,0,0,0
sess_04826,user_077,server_20,git,LOGIN READ_FILE PULL PUSH COMMIT READ_FILE LOGOUT,7,82.14,344014,0,0,0
sess_02818,user_079,server_09,git,LOGIN PULL LOGOUT READ_FILE CREATE_BRANCH COMMIT PUSH,7,82.86,353746,0,0,0
sess_02669,user_092,server_03,server,LOGIN HTTP_GET DB_READ HTTP_POST DB_WRITE LOGOUT,6,102.67,279182,0,0,0
sess_03414,user_070,server_10,server,LOGIN HTTP_GET HTTP_POST CACHE_READ DB_READ DB_WRITE CACHE_WRITE LOGOUT,8,91.88,365774,0,0,0
sess_01624,user_031,server_12,git,LOGIN PULL COMMIT READ_FILE PUSH READ_FILE PULL LOGOUT,8,92.88,410226,0,0,0
sess_03531,user_064,server_20,server,LOGIN HTTP_GET CACHE_READ DB_READ HTTP_GET LOGOUT,6,83.67,307549,0,0,0
sess_00790,user_028,server_19,git,LOGIN READ_FILE READ_FILE PULL COMMIT PULL PUSH LOGOUT,8,97.88,415653,0,0,0
sess_01253,user_018,server_12,git,LOGIN PULL READ_FILE COMMIT PUSH LOGOUT,6,91.83,293770,0,0,0
sess_04757,user_016,server_01,git,LOGIN READ_FILE PULL LOGOUT COMMIT PUSH,6,83.67,309994,0,0,0
sess_03500,user_027,server_08,server,LOGIN HTTP_POST HTTP_GET LOGOUT DB_WRITE DB_READ,6,79.67,284044,0,0,0
sess_02867,user_041,server_17,server,LOGIN DB_READ HTTP_GET CACHE_WRITE HTTP_POST DB_WRITE LOGOUT,7,83.14,351029,0,0,0
sess_01677,user_006,server_12,server,LOGIN LOGOUT HTTP_GET DB_WRITE DB_READ HTTP_POST,6,95.67,300341,0,0,0
sess_01178,user_053,server_03,server,LOGIN HTTP_GET ERROR_500 HTTP_GET HTTP_GET HTTP_GET ERROR_500,7,264.86,367348,2,0,1
sess_01030,user_067,server_18,server,LOGIN HTTP_POST DB_READ HTTP_GET DB_WRITE CACHE_WRITE LOGOUT,7,82.43,350734,0,0,0
sess_02724,user_050,server_13,server,LOGIN HTTP_GET CACHE_READ DB_READ DB_WRITE HTTP_POST LOGOUT,7,68.29,368196,0,0,0
sess_04181,user_007,server_07,git,LOGIN PULL READ_FILE COMMIT CREATE_BRANCH LOGOUT PUSH,7,101.43,375487,0,0,0
sess_02892,user_032,server_05,server,LOGIN DB_READ CACHE_READ HTTP_GET HTTP_GET LOGOUT,6,84.17,336143,0,0,0
sess_00510,user_013,server_05,git,LOGIN PULL READ_FILE PULL COMMIT PUSH LOGOUT,7,104.0,343207,0,0,0
sess_03752,user_025,server_08,git,LOGIN PULL CREATE_BRANCH PUSH COMMIT READ_FILE LOGOUT,7,120.14,337896,0,0,0
sess_03066,user_095,server_05,git,LOGIN READ_FILE CREATE_BRANCH READ_FILE PULL COMMIT PUSH LOGOUT,8,86.75,392285,0,0,0
sess_02119,user_085,server_18,git,LOGIN PULL READ_FILE COMMIT PUSH PULL LOGOUT,7,83.71,382961,0,0,0
sess_02690,user_024,server_14,git,LOGIN READ_FILE PULL PUSH COMMIT CREATE_BRANCH LOGOUT,7,77.29,374285,0,0,0
sess_04373,user_062,server_05,git,LOGIN READ_FILE LOGOUT PULL COMMIT PUSH,6,97.33,339824,0,0,0
sess_00149,user_089,server_12,git,LOGIN PULL PUSH COMMIT READ_FILE LOGOUT,6,67.0,302768,0,0,0
sess_02534,user_060,server_08,server,LOGIN HTTP_GET DB_READ DB_WRITE CACHE_WRITE HTTP_POST LOGOUT,7,101.0,378798,0,0,0
sess_02204,user_079,server_11,git,LOGIN PULL READ_FILE LOGOUT PULL COMMIT PUSH,7,85.43,358503,0,0,0
sess_01866,user_059,server_09,server,LOGIN DB_READ LOGOUT HTTP_GET CACHE_WRITE HTTP_POST DB_WRITE,7,85.0,349058,0,0,0
sess_01699,user_085,server_09,git,LOGIN PULL READ_FILE COMMIT PULL LOGOUT PUSH,7,103.0,307573,0,0,0
sess_01157,user_031,server_09,git,LOGIN READ_FILE PULL READ_FILE COMMIT PULL PUSH LOGOUT,8,88.0,453845,0,0,0
sess_00969,user_037,server_20,git,LOGIN PULL READ_FILE PULL PUSH LOGOUT COMMIT,7,75.43,303277,0,0,0
sess_03468,user_092,server_19,server,LOGIN HTTP_GET DB_WRITE DB_READ HTTP_POST LOGOUT CACHE_WRITE,7,72.71,387762,0,0,0
sess_00599,user_012,server_15,git,LOGIN READ_FILE PULL CREATE_BRANCH COMMIT PUSH LOGOUT,7,69.14,313201,0,0,0
sess_03057,user_033,server_09,server,LOGIN DB_READ HTTP_POST HTTP_GET DB_WRITE LOGOUT,6,92.67,282598,0,0,0
sess_03420,user_080,server_10,git,LOGIN CLONE READ_FILE READ_FILE COMMIT LOGOUT PUSH,7,82.57,378874,0,0,0
sess_02794,user_100,server_18,git,LOGIN READ_FILE CLONE COMMIT LOGOUT PUSH,6,103.5,255639,0,0,0
sess_02689,user_015,server_02,server,LOGIN HTTP_GET LOGOUT DB_READ HTTP_GET CACHE_READ,6,72.67,355504,0,0,0
sess_02353,user_050,server_07,git,LOGIN PULL READ_FILE PUSH COMMIT CREATE_BRANCH LOGOUT,7,88.86,296855,0,0,0
sess_04137,user_028,server_06,git,LOGIN PULL PUSH READ_FILE COMMIT LOGOUT,6,86.33,247260,0,0,0
sess_01752,user_070,server_20,git,LOGIN DOWNLOAD CREATE_BRANCH DELETE_REPO DOWNLOAD,5,92.2,10385358,0,0,1
sess_01638,user_041,server_04,server,LOGIN HTTP_POST DB_READ HTTP_GET DB_WRITE LOGOUT CACHE_WRITE,7,113.0,376718,0,0,0
sess_01975,user_072,server_03,git,LOGIN READ_FILE PULL PUSH COMMIT LOGOUT,6,84.5,285740,0,0,0
sess_00881,user_067,server_05,git,LOGIN PULL READ_FILE COMMIT PUSH PULL LOGOUT,7,82.14,404542,0,0,0
sess_03050,user_015,server_06,server,LOGIN DB_READ HTTP_GET CACHE_READ HTTP_POST DB_WRITE CACHE_WRITE LOGOUT,8,95.25,444418,0,0,0
sess_00037,user_085,server_15,server,LOGIN CACHE_READ HTTP_GET HTTP_GET DB_READ LOGOUT,6,79.67,332464,0,0,0
sess_00942,user_077,server_04,git,LOGIN PULL READ_FILE COMMIT CREATE_BRANCH PUSH LOGOUT,7,90.29,342267,0,0,0
sess_00143,user_068,server_06,server,LOGIN HTTP_GET DB_READ CACHE_READ HTTP_GET LOGOUT,6,98.67,303381,0,0,0
sess_01327,user_028,server_10,git,LOGIN PULL COMMIT READ_FILE PUSH PULL LOGOUT,7,79.29,371968,0,0,0
sess_04730,user_078,server_12,git,LOGIN READ_FILE PULL COMMIT READ_FILE PUSH LOGOUT,7,85.29,381428,0,0,0
sess_03027,user_078,server_06,server,LOGIN HTTP_GET DB_READ LOGOUT DB_WRITE HTTP_POST CACHE_WRITE,7,107.71,291745,0,0,0
sess_00034,user_012,server_20,git,LOGIN PULL COMMIT READ_FILE PUSH LOGOUT,6,81.5,261772,0,0,0
sess_01063,user_021,server_13,server,LOGIN FILE_DOWNLOAD FILE_DOWNLOAD HTTP_DELETE FILE_DOWNLOAD,5,100.4,14845652,0,0,1
sess_02625,user_017,server_06,server,LOGIN HTTP_GET DB_WRITE HTTP_POST DB_READ LOGOUT,6,88.17,279003,0,0,0
sess_02969,user_071,server_09,git,LOGIN PULL READ_FILE COMMIT CREATE_BRANCH READ_FILE LOGOUT PUSH,8,93.38,463996,0,0,0
sess_00369,user_007,server_09,git,LOGIN PULL READ_FILE CREATE_BRANCH COMMIT LOGOUT READ_FILE PUSH,8,97.88,313054,0,0,0
sess_04302,user_075,server_08,git,LOGIN READ_FILE PULL READ_FILE PULL PUSH COMMIT LOGOUT,8,82.0,381346,0,0,0
sess_03122,user_079,server_16,git,LOGIN DOWNLOAD DOWNLOAD DOWNLOAD DELETE_REPO,5,87.6,14830477,0,0,1
sess_02228,user_014,server_19,git,LOGIN READ_FILE CLONE PUSH COMMIT LOGOUT,6,88.17,298666,0,0,0
sess_00090,user_054,server_01,server,LOGIN HTTP_GET DB_READ HTTP_POST DB_WRITE CACHE_WRITE LOGOUT,7,62.86,349547,0,0,0
sess_00211,user_086,server_09,server,LOGIN DB_READ HTTP_GET HTTP_GET LOGOUT CACHE_READ,6,83.83,299190,0,0,0
sess_04560,user_048,server_08,git,LOGIN PUSH COMMIT PULL READ_FILE LOGOUT,6,83.17,294147,0,0,0
sess_02163,user_068,server_14,git,LOGIN PULL COMMIT READ_FILE PULL PUSH LOGOUT,7,89.71,314322,0,0,0
sess_04489,user_039,server_06,server,LOGIN HTTP_GET CACHE_READ DB_READ HTTP_GET LOGOUT,6,86.17,296353,0,0,0
sess_02579,user_021,server_13,server,LOGIN HTTP_GET DB_READ LOGOUT DB_WRITE HTTP_POST,6,78.83,342482,0,0,0
sess_02655,user_096,server_09,server,LOGIN HTTP_GET HTTP_GET LOGOUT CACHE_READ DB_READ,6,72.5,253639,0,0,0
sess_00296,user_076,server_07,git,LOGIN CLONE READ_FILE COMMIT PUSH LOGOUT,6,83.17,371010,0,0,0
sess_01629,user_019,server_09,server,LOGIN HTTP_GET CACHE_READ DB_READ DB_WRITE HTTP_POST LOGOUT,7,102.86,351143,0,0,0
sess_02227,user_024,server_10,git,LOGIN READ_FILE CLONE READ_FILE COMMIT PUSH LOGOUT,7,75.57,353319,0,0,0
sess_04221,user_095,server_06,git,LOGIN DOWNLOAD DOWNLOAD DOWNLOAD DELETE_REPO,5,85.6,15135157,0,0,1
sess_02224,user_083,server_07,git,LOGIN DOWNLOAD DOWNLOAD DOWNLOAD DELETE_REPO,5,56.2,14985824,0,0,1
sess_02059,user_005,server_01,server,LOGIN HTTP_GET DB_WRITE DB_READ HTTP_POST LOGOUT,6,96.5,304782,0,0,0
sess_00812,user_073,server_07,server,LOGIN DB_READ HTTP_GET HTTP_GET CACHE_READ LOGOUT,6,105.67,338719,0,0,0
sess_02517,user_030,server_11,server,LOGIN CACHE_READ HTTP_GET DB_READ LOGOUT HTTP_GET,6,86.83,293290,0,0,0
sess_02949,user_056,server_16,server,LOGIN FILE_DOWNLOAD FILE_DOWNLOAD HTTP_DELETE FILE_DOWNLOAD,5,80.0,15154273,0,0,1
sess_03119,user_082,server_16,server,LOGIN HTTP_GET DB_READ HTTP_POST DB_WRITE CACHE_READ LOGOUT CACHE_WRITE,8,107.25,374787,0,0,0
sess_04583,user_061,server_09,git,LOGIN PULL PULL READ_FILE COMMIT LOGOUT PUSH,7,99.57,302787,0,0,0
sess_02395,user_067,server_12,git,LOGIN CLONE READ_FILE PUSH LOGOUT COMMIT,6,87.83,307372,0,0,0
sess_01360,user_077,server_06,git,LOGIN PULL READ_FILE PUSH PULL COMMIT LOGOUT,7,79.57,351107,0,0,0
sess_01050,user_044,server_14,server,LOGIN CACHE_READ HTTP_GET DB_READ HTTP_GET LOGOUT,6,90.67,284307,0,0,0
sess_01255,user_033,server_20,git,LOGIN PULL PUSH READ_FILE COMMIT LOGOUT,6,111.67,263314,0,0,0
sess_03542,user_029,server_13,server,LOGIN HTTP_GET LOGOUT HTTP_GET DB_READ CACHE_READ,6,94.67,300079,0,0,0
sess_02740,user_065,server_04,git,LOGIN PULL READ_FILE PUSH COMMIT PULL LOGOUT,7,90.0,361101,0,0,0
sess_03669,user_046,server_18,server,LOGIN HTTP_GET CACHE_READ DB_READ DB_WRITE HTTP_POST LOGOUT,7,79.71,332797,0,0,0
sess_00831,user_032,server_07,server,LOGIN HTTP_GET HTTP_GET CACHE_READ DB_READ LOGOUT,6,98.17,360268,0,0,0
sess_04659,user_080,server_16,server,LOGIN HTTP_GET HTTP_GET DB_READ CACHE_READ LOGOUT,6,72.5,307908,0,0,0
sess_04716,user_025,server_19,server,LOGIN HTTP_GET CACHE_READ LOGOUT HTTP_GET DB_READ,6,70.33,281981,0,0,0
sess_02024,user_056,server_18,git,LOGIN PULL LOGOUT READ_FILE PUSH COMMIT,6,96.17,315195,0,0,0
sess_01999,user_044,server_06,git,LOGIN PULL LOGOUT PUSH READ_FILE CREATE_BRANCH COMMIT,7,86.0,340161,0,0,0
sess_03289,user_096,server_05,git,LOGIN CLONE LOGOUT COMMIT READ_FILE PUSH,6,91.0,314767,0,0,0
sess_03980,user_055,server_07,git,LOGIN CLONE PUSH READ_FILE LOGOUT COMMIT,6,101.17,290493,0,0,0
sess_04500,user_003,server_05,server,LOGIN HTTP_GET DB_READ DB_WRITE HTTP_POST LOGOUT,6,89.33,263900,0,0,0
sess_03623,user_061,server_10,server,LOGIN CACHE_READ HTTP_GET DB_READ HTTP_GET LOGOUT,6,90.83,300977,0,0,0
sess_03838,user_088,server_18,git,LOGIN READ_FILE CLONE COMMIT PUSH LOGOUT,6,106.33,343721,0,0,0
sess_03435,user_021,server_12,server,LOGIN HTTP_GET DB_WRITE DB_READ LOGOUT HTTP_POST CACHE_WRITE,7,94.29,273945,0,0,0
sess_02325,user_040,server_14,git,LOGIN CLONE READ_FILE LOGOUT COMMIT PUSH,6,84.0,321473,0,0,0
sess_03635,user_048,server_01,server,LOGIN HTTP_GET LOGOUT DB_READ HTTP_GET CACHE_READ,6,79.0,219164,0,0,0
sess_01098,user_074,server_12,git,LOGIN CLONE READ_FILE LOGOUT READ_FILE COMMIT PUSH,7,93.29,422645,0,0,0
sess_03117,user_057,server_18,git,LOGIN PULL CREATE_BRANCH READ_FILE LOGOUT COMMIT PUSH,7,72.43,343114,0,0,0
sess_03083,user_025,server_10,git,LOGIN READ_FILE PULL READ_FILE PUSH COMMIT LOGOUT,7,92.14,302580,0,0,0
sess_00270,user_083,server_07,server,LOGIN FILE_DOWNLOAD FILE_DOWNLOAD HTTP_DELETE FILE_DOWNLOAD,5,92.6,14756081,0,0,1
sess_00064,user_039,server_01,server,LOGIN HTTP_GET DB_READ DB_WRITE LOGOUT HTTP_POST CACHE_WRITE,7,95.14,384611,0,0,0
sess_00877,user_005,server_02,git,LOGIN READ_FILE PULL READ_FILE COMMIT PUSH LOGOUT,7,93.0,383908,0,0,0
sess_01552,user_010,server_11,git,LOGIN PULL READ_FILE PUSH READ_FILE COMMIT CREATE_BRANCH LOGOUT,8,92.25,410151,0,0,0
sess_04755,user_069,server_09,git,LOGIN CLONE READ_FILE COMMIT PUSH LOGOUT,6,88.67,282490,0,0,0
sess_00332,user_013,server_07,server,LOGIN HTTP_GET CACHE_READ HTTP_GET DB_READ LOGOUT,6,88.5,318124,0,0,0
sess_01857,user_072,server_09,server,LOGIN HTTP_GET HTTP_GET ERROR_500 HTTP_GET HTTP_GET ERROR_500,7,237.0,353965,2,0,1
sess_03579,user_041,server_15,server,LOGIN HTTP_GET DB_READ DB_WRITE LOGOUT HTTP_POST,6,86.67,257642,0,0,0
sess_03166,user_045,server_11,server,LOGIN HTTP_GET DB_WRITE DB_READ LOGOUT HTTP_POST CACHE_WRITE,7,92.71,352714,0,0,0
sess_02764,user_091,server_04,server,LOGIN HTTP_GET DB_READ HTTP_POST CACHE_READ DB_WRITE LOGOUT,7,90.86,298385,0,0,0
sess_04476,user_066,server_15,git,LOGIN PULL READ_FILE CREATE_BRANCH PUSH COMMIT LOGOUT,7,89.71,348846,0,0,0
sess_00748,user_057,server_05,git,LOGIN PULL CREATE_BRANCH READ_FILE PUSH COMMIT LOGOUT,7,91.14,329543,0,0,0
sess_04542,user_085,server_14,git,LOGIN CLONE READ_FILE COMMIT LOGOUT PUSH,6,97.5,337197,0,0,0
sess_03517,user_032,server_14,server,LOGIN HTTP_GET LOGOUT CACHE_READ CACHE_READ HTTP_GET DB_READ,7,57.0,390829,0,0,0
sess_03015,user_035,server_20,git,LOGIN PULL READ_FILE COMMIT PULL READ_FILE LOGOUT PUSH,8,74.12,443697,0,0,0
sess_03298,user_093,server_02,git,LOGIN PULL READ_FILE COMMIT PULL PUSH LOGOUT,7,74.14,374582,0,0,0
sess_02538,user_019,server_15,git,LOGIN PULL READ_FILE CREATE_BRANCH COMMIT PUSH LOGOUT READ_FILE,8,89.12,413632,0,0,0
sess_00461,user_060,server_18,server,LOGIN HTTP_GET HTTP_GET LOGOUT CACHE_READ CACHE_READ DB_READ,7,79.86,381785,0,0,0
sess_03181,user_088,server_04,git,LOGIN PULL READ_FILE CREATE_BRANCH COMMIT PUSH LOGOUT,7,92.0,381326,0,0,0
sess_01470,user_076,server_12,git,LOGIN FAILED_LOGIN DOWNLOAD FAILED_LOGIN DELETE_REPO FAILED_LOGIN,6,90.67,5193037,3,3,1
sess_04527,user_052,server_04,git,LOGIN READ_FILE PULL COMMIT LOGOUT READ_FILE PULL PUSH,8,75.75,440282,0,0,0
sess_04556,user_073,server_03,git,LOGIN READ_FILE PUSH PULL COMMIT LOGOUT PULL,7,83.0,349587,0,0,0
sess_01476,user_093,server_17,git,LOGIN READ_FILE PUSH PULL COMMIT LOGOUT CREATE_BRANCH,7,90.29,364244,0,0,0
sess_01843,user_027,server_07,server,LOGIN HTTP_GET HTTP_GET DB_READ CACHE_READ CACHE_READ LOGOUT,7,96.14,364891,0,0,0
sess_01970,user_004,server_19,server,LOGIN HTTP_GET DB_READ LOGOUT HTTP_POST DB_WRITE,6,93.33,308418,0,0,0
sess_03601,user_080,server_08,git,LOGIN PULL READ_FILE LOGOUT COMMIT READ_FILE PUSH,7,72.29,332648,0,0,0
sess_01331,user_096,server_07,server,LOGIN HTTP_GET HTTP_GET CACHE_READ DB_READ LOGOUT,6,81.5,258190,0,0,0
sess_02555,user_028,server_08,server,LOGIN HTTP_GET CACHE_READ HTTP_POST DB_READ CACHE_WRITE DB_WRITE LOGOUT,8,96.25,380184,0,0,0
sess_00383,user_051,server_02,git,LOGIN PULL READ_FILE COMMIT PUSH PULL LOGOUT,7,95.57,381253,0,0,0
sess_02784,user_090,server_06,server,LOGIN CACHE_READ DB_READ HTTP_GET HTTP_GET CACHE_READ LOGOUT,7,77.86,371966,0,0,0
sess_01354,user_007,server_01,server,LOGIN HTTP_GET DB_READ HTTP_POST DB_WRITE CACHE_WRITE LOGOUT,7,103.0,341780,0,0,0
sess_02880,user_007,server_08,git,LOGIN CLONE PUSH READ_FILE COMMIT LOGOUT,6,101.33,306058,0,0,0
sess_00286,user_012,server_16,git,LOGIN PULL COMMIT LOGOUT PUSH READ_FILE PULL,7,98.71,325541,0,0,0
sess_00431,user_041,server_08,server,LOGIN HTTP_GET DB_READ DB_WRITE HTTP_POST LOGOUT CACHE_READ,7,67.0,362983,0,0,0
sess_04695,user_035,server_16,server,LOGIN HTTP_GET CACHE_READ DB_READ HTTP_GET LOGOUT,6,87.83,290660,0,0,0
sess_00186,user_066,server_17,git,LOGIN COMMIT PULL READ_FILE PULL PUSH LOGOUT,7,79.29,330436,0,0,0
sess_03672,user_036,server_02,server,LOGIN HTTP_GET DB_READ LOGOUT HTTP_POST CACHE_WRITE CACHE_READ DB_WRITE,8,75.38,373122,0,0,0
sess_00543,user_046,server_02,git,LOGIN DOWNLOAD CREATE_BRANCH DELETE_REPO DOWNLOAD,5,78.2,10187907,0,0,1
sess_02226,user_004,server_03,git,LOGIN PULL READ_FILE READ_FILE COMMIT LOGOUT PUSH,7,108.57,348546,0,0,0
sess_02476,user_040,server_07,server,LOGIN HTTP_GET DB_WRITE DB_READ HTTP_POST CACHE_WRITE LOGOUT,7,90.86,331470,0,0,0
sess_04575,user_079,server_17,server,LOGIN HTTP_GET LOGOUT CACHE_READ HTTP_GET DB_READ,6,100.17,273523,0,0,0
sess_01531,user_087,server_20,git,LOGIN FAILED_LOGIN FAILED_LOGIN DOWNLOAD FAILED_LOGIN DELETE_REPO,6,93.0,5320732,3,3,1
sess_02728,user_001,server_15,git,LOGIN READ_FILE PULL READ_FILE COMMIT CREATE_BRANCH LOGOUT PUSH,8,83.75,421213,0,0,0
sess_03145,user_065,server_05,git,LOGIN PULL READ_FILE PUSH PULL COMMIT LOGOUT,7,94.14,344730,0,0,0
sess_04593,user_043,server_11,server,LOGIN HTTP_GET LOGOUT DB_READ CACHE_READ HTTP_GET,6,77.83,300634,0,0,0
sess_00117,user_044,server_13,git,LOGIN PULL COMMIT PUSH READ_FILE PULL LOGOUT,7,109.14,397077,0,0,0
sess_04350,user_061,server_08,server,LOGIN CACHE_READ HTTP_GET CACHE_READ DB_READ HTTP_GET LOGOUT,7,82.71,340088,0,0,0
sess_01265,user_070,server_09,git,LOGIN PULL READ_FILE COMMIT LOGOUT PUSH PULL,7,85.43,287763,0,0,0
sess_04869,user_064,server_15,git,LOGIN PULL READ_FILE CREATE_BRANCH COMMIT LOGOUT PUSH,7,78.86,391183,0,0,0
sess_00525,user_068,server_04,server,LOGIN DB_READ HTTP_GET DB_WRITE LOGOUT HTTP_POST,6,75.0,275687,0,0,0
sess_04371,user_066,server_18,git,LOGIN READ_FILE COMMIT PUSH PULL LOGOUT,6,98.67,327059,0,0,0
sess_02773,user_003,server_17,server,LOGIN HTTP_GET CACHE_WRITE HTTP_POST DB_READ LOGOUT DB_WRITE,7,74.86,384358,0,0,0
sess_01254,user_084,server_06,git,LOGIN PULL COMMIT PULL READ_FILE LOGOUT PUSH,7,110.57,327726,0,0,0
sess_04999,user_044,server_09,server,LOGIN HTTP_GET DB_READ DB_WRITE HTTP_POST CACHE_WRITE LOGOUT,7,100.57,340254,0,0,0
sess_04496,user_099,server_18,git,LOGIN PULL CREATE_BRANCH READ_FILE PUSH COMMIT LOGOUT,7,81.57,274649,0,0,0
sess_01854,user_019,server_01,server,LOGIN HTTP_GET HTTP_GET DB_READ CACHE_READ LOGOUT,6,82.0,305012,0,0,0
sess_03187,user_022,server_17,git,LOGIN PULL READ_FILE CREATE_BRANCH PUSH COMMIT LOGOUT,7,69.71,344746,0,0,0
sess_03256,user_054,server_17,server,LOGIN HTTP_GET DB_READ DB_WRITE LOGOUT HTTP_POST,6,91.0,257413,0,0,0
sess_02364,user_004,server_16,git,LOGIN READ_FILE CLONE COMMIT PUSH LOGOUT,6,98.17,269233,0,0,0
sess_00733,user_056,server_08,server,LOGIN HTTP_GET CACHE_READ DB_READ CACHE_READ HTTP_GET LOGOUT,7,88.29,346404,0,0,0
sess_00826,user_100,server_05,git,LOGIN PULL READ_FILE READ_FILE LOGOUT COMMIT PUSH,7,79.86,284730,0,0,0
sess_00112,user_064,server_10,server,LOGIN HTTP_GET DB_READ HTTP_POST DB_WRITE LOGOUT CACHE_WRITE,7,73.57,341498,0,0,0
sess_00567,user_096,server_04,server,LOGIN CACHE_READ HTTP_GET DB_READ HTTP_GET CACHE_READ LOGOUT,7,89.71,316207,0,0,0
sess_04991,user_005,server_02,git,LOGIN PULL READ_FILE LOGOUT PUSH COMMIT,6,77.17,251577,0,0,0
sess_02929,user_007,server_07,server,LOGIN HTTP_GET DB_READ HTTP_GET LOGOUT CACHE_READ,6,86.0,278485,0,0,0
sess_02719,user_020,server_18,server,LOGIN HTTP_GET CACHE_READ DB_READ HTTP_GET LOGOUT,6,85.83,313413,0,0,0
sess_02524,user_051,server_08,server,LOGIN HTTP_GET LOGOUT DB_READ HTTP_POST DB_WRITE,6,72.0,289218,0,0,0
sess_00230,user_047,server_13,server,LOGIN HTTP_GET CACHE_READ DB_READ HTTP_GET LOGOUT,6,95.17,278834,0,0,0
sess_00904,user_091,server_16,server,LOGIN HTTP_GET DB_READ HTTP_POST DB_WRITE LOGOUT CACHE_WRITE,7,90.14,344293,0,0,0
sess_02926,user_048,server_19,git,LOGIN CLONE READ_FILE PUSH COMMIT LOGOUT,6,82.83,349819,0,0,0
sess_01002,user_073,server_13,server,LOGIN HTTP_GET CACHE_READ CACHE_READ HTTP_GET LOGOUT DB_READ,7,86.14,384915,0,0,0
sess_02499,user_091,server_08,server,LOGIN HTTP_GET DB_READ LOGOUT DB_WRITE HTTP_POST,6,94.0,271047,0,0,0
sess_00058,user_082,server_02,git,LOGIN DOWNLOAD DOWNLOAD DELETE_REPO DOWNLOAD,5,91.0,15059551,0,0,1
sess_00305,user_008,server_03,git,LOGIN PULL LOGOUT PUSH READ_FILE COMMIT,6,92.83,306419,0,0,0
sess_04171,user_055,server_10,git,LOGIN COMMIT PULL READ_FILE PULL PUSH LOGOUT,7,84.57,317637,0,0,0
sess_00619,user_073,server_07,git,LOGIN PULL READ_FILE PUSH COMMIT LOGOUT,6,96.67,284444,0,0,0
sess_00094,user_084,server_19,server,LOGIN AUTH_FAILURE HTTP_DELETE AUTH_FAILURE AUTH_FAILURE ERROR_500,6,221.67,256288,4,3,1
sess_02182,user_037,server_04,git,LOGIN READ_FILE PULL PULL COMMIT PUSH LOGOUT,7,88.43,325109,0,0,0
sess_03779,user_024,server_10,git,LOGIN PULL READ_FILE COMMIT PUSH PULL LOGOUT,7,96.86,339679,0,0,0
sess_00964,user_060,server_08,server,LOGIN HTTP_GET HTTP_POST CACHE_WRITE DB_READ LOGOUT DB_WRITE,7,97.0,355662,0,0,0
sess_02186,user_034,server_16,server,LOGIN CACHE_READ LOGOUT HTTP_GET HTTP_GET DB_READ,6,92.0,315506,0,0,0
sess_00566,user_026,server_04,git,LOGIN PULL READ_FILE READ_FILE PUSH COMMIT LOGOUT,7,96.57,362591,0,0,0
sess_04951,user_099,server_19,server,LOGIN HTTP_GET DB_WRITE HTTP_POST LOGOUT DB_READ,6,93.83,338166,0,0,0
sess_02587,user_011,server_15,git,LOGIN PULL READ_FILE COMMIT PUSH PULL LOGOUT,7,81.57,318731,0,0,0
sess_04377,user_066,server_11,git,LOGIN READ_FILE PULL PULL READ_FILE COMMIT LOGOUT PUSH,8,99.5,444284,0,0,0
sess_02908,user_083,server_08,server,LOGIN HTTP_GET DB_READ LOGOUT DB_WRITE HTTP_POST,6,80.83,262474,0,0,0
sess_00871,user_093,server_12,server,LOGIN HTTP_GET DB_READ HTTP_POST LOGOUT DB_WRITE,6,102.5,279624,0,0,0
sess_01096,user_079,server_04,git,LOGIN PULL LOGOUT COMMIT READ_FILE PUSH READ_FILE,7,89.14,328545,0,0,0
sess_00689,user_043,server_11,git,LOGIN READ_FILE PULL COMMIT PUSH LOGOUT,6,95.83,276719,0,0,0
sess_00154,user_078,server_01,git,LOGIN FAILED_LOGIN FAILED_LOGIN DOWNLOAD FAILED_LOGIN DELETE_REPO,6,116.83,5138657,3,3,1
sess_00935,user_052,server_17,server,LOGIN FILE_DOWNLOAD FILE_DOWNLOAD FILE_DOWNLOAD HTTP_DELETE,5,106.0,14904897,0,0,1
sess_04379,user_087,server_10,git,LOGIN LOGOUT READ_FILE CLONE COMMIT PUSH,6,77.5,316750,0,0,0
sess_04913,user_062,server_08,server,LOGIN HTTP_GET DB_WRITE DB_READ LOGOUT CACHE_READ HTTP_POST,7,72.29,385492,0,0,0
sess_00578,user_027,server_18,git,LOGIN PULL READ_FILE COMMIT PUSH LOGOUT,6,86.0,295176,0,0,0
sess_02525,user_018,server_13,git,LOGIN CLONE COMMIT READ_FILE LOGOUT READ_FILE PUSH,7,77.0,359158,0,0,0
sess_04433,user_018,server_18,git,LOGIN PULL COMMIT READ_FILE CREATE_BRANCH LOGOUT PUSH,7,99.71,376125,0,0,0
sess_02261,user_059,server_12,server,LOGIN HTTP_GET LOGOUT HTTP_GET DB_READ CACHE_READ,6,90.33,312998,0,0,0
sess_01264,user_028,server_08,git,LOGIN PULL READ_FILE CREATE_BRANCH LOGOUT PUSH COMMIT,7,77.57,323467,0,0,0
sess_03478,user_064,server_05,server,LOGIN HTTP_GET CACHE_READ HTTP_GET DB_READ LOGOUT,6,100.33,323729,0,0,0
sess_04652,user_061,server_08,server,LOGIN HTTP_GET DB_READ CACHE_READ DB_WRITE CACHE_WRITE HTTP_POST LOGOUT,8,87.5,457726,0,0,0
sess_01201,user_090,server_18,server,LOGIN HTTP_GET HTTP_GET LOGOUT DB_READ CACHE_READ,6,81.17,346226,0,0,0
sess_04629,user_018,server_11,server,LOGIN HTTP_GET DB_READ HTTP_GET CACHE_READ LOGOUT,6,83.67,279203,0,0,0
sess_02876,user_050,server_19,git,LOGIN PULL COMMIT READ_FILE PUSH LOGOUT,6,83.83,290242,0,0,0
sess_02976,user_025,server_03,git,LOGIN CLONE COMMIT PUSH READ_FILE LOGOUT,6,89.67,276359,0,0,0
sess_03139,user_044,server_03,server,LOGIN HTTP_GET DB_READ CACHE_READ HTTP_POST LOGOUT DB_WRITE CACHE_WRITE,8,89.5,430926,0,0,0
sess_04048,user_022,server_10,server,LOGIN HTTP_GET ERROR_500 ERROR_500 DB_WRITE ERROR_500,6,406.0,322824,3,0,1
sess_00279,user_011,server_06,git,LOGIN PULL CREATE_BRANCH READ_FILE COMMIT PUSH LOGOUT,7,89.14,293142,0,0,0
sess_01631,user_028,server_11,git,LOGIN PULL READ_FILE PULL LOGOUT COMMIT PUSH,7,87.0,340070,0,0,0
sess_00087,user_057,server_17,server,LOGIN HTTP_GET LOGOUT HTTP_POST DB_READ CACHE_READ DB_WRITE,7,84.14,299745,0,0,0
sess_00017,user_009,server_15,server,LOGIN HTTP_GET CACHE_READ DB_READ HTTP_GET LOGOUT,6,86.5,321456,0,0,0
sess_00668,user_066,server_18,git,LOGIN PULL PUSH COMMIT READ_FILE PULL LOGOUT,7,94.86,390887,0,0,0
sess_01102,user_065,server_09,git,LOGIN PULL READ_FILE CREATE_BRANCH LOGOUT COMMIT PUSH,7,100.29,330886,0,0,0
sess_02262,user_096,server_14,git,LOGIN PULL READ_FILE LOGOUT COMMIT PUSH,6,94.17,295333,0,0,0
sess_04797,user_046,server_12,git,LOGIN READ_FILE PULL PUSH LOGOUT COMMIT PULL,7,87.71,345490,0,0,0
sess_01025,user_046,server_07,git,LOGIN PULL READ_FILE COMMIT PUSH CREATE_BRANCH LOGOUT,7,85.0,376830,0,0,0
sess_00887,user_072,server_20,git,LOGIN PULL COMMIT READ_FILE PUSH PULL LOGOUT,7,100.29,366307,0,0,0
sess_03608,user_065,server_07,server,LOGIN HTTP_GET CACHE_READ DB_WRITE LOGOUT DB_READ HTTP_POST,7,89.71,381800,0,0,0
sess_00110,user_027,server_01,server,LOGIN CACHE_READ HTTP_GET CACHE_READ HTTP_GET DB_READ LOGOUT,7,71.86,359371,0,0,0
sess_04481,user_022,server_05,server,LOGIN DB_READ HTTP_GET LOGOUT HTTP_POST DB_WRITE,6,78.83,287417,0,0,0
sess_03425,user_034,server_05,git,LOGIN PULL READ_FILE LOGOUT COMMIT PUSH,6,82.0,288275,0,0,0
sess_00482,user_024,server_13,git,LOGIN PULL READ_FILE LOGOUT PULL COMMIT PUSH,7,79.86,320758,0,0,0
sess_01547,user_074,server_13,server,LOGIN HTTP_GET LOGOUT DB_WRITE DB_READ HTTP_POST,6,91.17,353823,0,0,0
sess_01901,user_083,server_11,git,LOGIN PULL PULL READ_FILE COMMIT PUSH LOGOUT,7,72.86,375958,0,0,0
sess_01815,user_079,server_04,git,LOGIN CLONE COMMIT PUSH READ_FILE LOGOUT,6,86.17,265535,0,0,0
sess_00409,user_053,server_08,git,LOGIN CLONE DOWNLOAD DOWNLOAD DELETE_REPO PUSH,6,96.83,9883191,0,0,1
sess_00216,user_045,server_16,git,LOGIN PULL READ_FILE CREATE_BRANCH LOGOUT COMMIT PUSH,7,90.71,355714,0,0,0
sess_00324,user_061,server_09,git,LOGIN PULL READ_FILE CREATE_BRANCH LOGOUT PUSH COMMIT,7,99.57,333476,0,0,0
sess_00917,user_070,server_13,git,LOGIN PULL COMMIT READ_FILE LOGOUT PUSH,6,86.83,285991,0,0,0
sess_02106,user_079,server_13,server,LOGIN DB_READ HTTP_GET DB_WRITE HTTP_POST LOGOUT CACHE_WRITE,7,96.71,335976,0,0,0
sess_00079,user_039,server_05,server,LOGIN HTTP_GET DB_READ HTTP_GET CACHE_READ LOGOUT,6,82.33,266695,0,0,0
sess_03715,user_074,server_17,git,LOGIN FAILED_LOGIN FAILED_LOGIN FAILED_LOGIN DOWNLOAD DELETE_REPO,6,118.0,5338629,3,3,1
sess_00848,user_092,server_17,git,LOGIN FAILED_LOGIN DELETE_REPO FAILED_LOGIN FAILED_LOGIN DOWNLOAD,6,98.17,5324183,3,3,1
sess_04176,user_087,server_08,server,LOGIN LOGOUT HTTP_GET HTTP_POST DB_WRITE DB_READ,6,78.83,308771,0,0,0
sess_02840,user_061,server_01,server,LOGIN HTTP_GET HTTP_GET CACHE_READ DB_READ LOGOUT,6,81.0,314720,0,0,0
sess_01685,user_010,server_05,server,LOGIN HTTP_GET CACHE_READ DB_READ HTTP_GET LOGOUT,6,94.5,318782,0,0,0
sess_01916,user_085,server_20,git,LOGIN PULL LOGOUT READ_FILE COMMIT PULL PUSH,7,90.0,356376,0,0,0
sess_01551,user_100,server_09,server,LOGIN CACHE_READ HTTP_GET HTTP_GET DB_READ LOGOUT,6,89.0,304197,0,0,0
sess_01288,user_091,server_11,server,LOGIN HTTP_GET HTTP_GET ERROR_500 HTTP_GET HTTP_GET ERROR_500,7,320.57,338919,2,0,1
sess_04814,user_083,server_03,server,LOGIN DB_READ HTTP_GET LOGOUT DB_WRITE HTTP_POST,6,99.33,298751,0,0,0
sess_00941,user_060,server_08,server,LOGIN HTTP_GET HTTP_GET CACHE_READ DB_READ LOGOUT,6,79.0,327511,0,0,0
sess_02235,user_038,server_06,git,LOGIN READ_FILE PULL COMMIT PUSH LOGOUT,6,86.83,324523,0,0,0
sess_01588,user_028,server_17,git,LOGIN DOWNLOAD DOWNLOAD DOWNLOAD DELETE_REPO,5,106.8,14876950,0,0,1
sess_04915,user_062,server_18,git,LOGIN COMMIT PULL READ_FILE PUSH PULL LOGOUT,7,85.71,335277,0,0,0
sess_02833,user_086,server_19,server,LOGIN HTTP_GET DB_READ HTTP_GET LOGOUT CACHE_READ,6,98.67,324437,0,0,0
sess_00862,user_069,server_15,git,LOGIN PULL READ_FILE COMMIT PULL PUSH LOGOUT,7,96.57,372031,0,0,0
sess_02737,user_023,server_02,server,LOGIN HTTP_GET CACHE_READ HTTP_GET DB_READ LOGOUT,6,99.0,364249,0,0,0
sess_02835,user_079,server_06,server,LOGIN HTTP_GET DB_READ CACHE_READ HTTP_GET LOGOUT,6,94.67,326058,0,0,0
sess_00526,user_061,server_07,git,LOGIN PULL PUSH READ_FILE COMMIT LOGOUT,6,74.83,309563,0,0,0
sess_00098,user_028,server_20,git,LOGIN PULL READ_FILE READ_FILE COMMIT PUSH LOGOUT,7,90.43,341482,0,0,0
sess_00986,user_022,server_14,git,LOGIN PULL READ_FILE PUSH READ_FILE LOGOUT COMMIT,7,84.0,376692,0,0,0
sess_03805,user_048,server_03,git,LOGIN CLONE COMMIT READ_FILE PUSH LOGOUT,6,96.17,269015,0,0,0
sess_00495,user_037,server_20,git,LOGIN COMMIT READ_FILE CLONE LOGOUT READ_FILE PUSH,7,89.86,378136,0,0,0
sess_01269,user_058,server_16,server,LOGIN DB_WRITE HTTP_GET LOGOUT DB_READ HTTP_POST CACHE_WRITE,7,78.14,350247,0,0,0
sess_02481,user_091,server_11,server,LOGIN HTTP_GET LOGOUT DB_READ DB_WRITE HTTP_POST,6,106.0,352926,0,0,0
sess_01993,user_081,server_18,git,LOGIN PULL PUSH READ_FILE COMMIT CREATE_BRANCH LOGOUT,7,89.43,318867,0,0,0
sess_04828,user_040,server_17,git,LOGIN READ_FILE CLONE LOGOUT COMMIT PUSH,6,92.0,293547,0,0,0
sess_04878,user_054,server_18,git,LOGIN FAILED_LOGIN FAILED_LOGIN DOWNLOAD FAILED_LOGIN DELETE_REPO,6,121.5,5171999,3,3,1
sess_04022,user_077,server_12,git,LOGIN CLONE DOWNLOAD PUSH DOWNLOAD DELETE_REPO,6,101.33,10046707,0,0,1
sess_03338,user_009,server_09,git,LOGIN PULL COMMIT READ_FILE LOGOUT CREATE_BRANCH READ_FILE PUSH,8,81.25,421019,0,0,0
sess_04782,user_038,server_09,server,LOGIN HTTP_GET HTTP_POST CACHE_WRITE DB_READ DB_WRITE LOGOUT,7,69.71,333585,0,0,0
sess_02733,user_006,server_12,server,LOGIN CACHE_READ HTTP_GET HTTP_GET DB_READ LOGOUT,6,96.0,318611,0,0,0
sess_04842,user_075,server_18,server,LOGIN CACHE_READ HTTP_POST HTTP_GET DB_READ DB_WRITE LOGOUT,7,101.0,362507,0,0,0
sess_03033,user_082,server_06,server,LOGIN HTTP_GET DB_READ HTTP_GET LOGOUT CACHE_READ,6,87.83,329043,0,0,0
sess_04705,user_010,server_19,server,LOGIN LOGOUT HTTP_GET DB_READ HTTP_POST DB_WRITE,6,87.17,301468,0,0,0
sess_01402,user_050,server_07,git,LOGIN PULL READ_FILE PUSH PULL COMMIT LOGOUT,7,78.14,340676,0,0,0
sess_00157,user_063,server_10,server,LOGIN DB_READ HTTP_GET DB_WRITE HTTP_POST LOGOUT,6,73.83,273407,0,0,0
sess_01911,user_100,server_13,git,LOGIN PULL PULL READ_FILE PUSH COMMIT LOGOUT,7,92.0,361089,0,0,0
sess_00005,user_096,server_02,git,LOGIN READ_FILE PUSH CLONE COMMIT LOGOUT,6,83.5,264243,0,0,0
sess_04084,user_017,server_18,server,LOGIN HTTP_GET HTTP_POST DB_READ DB_WRITE CACHE_WRITE LOGOUT,7,92.14,362136,0,0,0
sess_02461,user_082,server_01,git,LOGIN PULL LOGOUT READ_FILE COMMIT PUSH PULL,7,88.71,360380,0,0,0
sess_04013,user_071,server_05,git,LOGIN CLONE PUSH READ_FILE READ_FILE COMMIT LOGOUT,7,100.0,359072,0,0,0
sess_02632,user_047,server_02,server,LOGIN HTTP_GET HTTP_POST DB_READ DB_WRITE LOGOUT,6,77.0,369080,0,0,0
sess_01086,user_063,server_19,server,LOGIN HTTP_GET HTTP_GET DB_READ CACHE_READ LOGOUT,6,82.67,333919,0,0,0
sess_01456,user_038,server_20,git,LOGIN PULL PULL READ_FILE COMMIT LOGOUT PUSH,7,103.57,337183,0,0,0
sess_01976,user_099,server_07,server,LOGIN HTTP_GET DB_READ CACHE_WRITE DB_WRITE HTTP_POST LOGOUT,7,77.43,334574,0,0,0
sess_04249,user_084,server_13,git,LOGIN PULL CREATE_BRANCH READ_FILE COMMIT LOGOUT PUSH,7,92.43,353071,0,0,0
sess_02680,user_045,server_14,git,LOGIN DOWNLOAD DOWNLOAD DOWNLOAD DELETE_REPO,5,83.2,14991303,0,0,1
sess_04303,user_051,server_02,server,LOGIN DB_READ HTTP_GET HTTP_POST LOGOUT DB_WRITE,6,100.67,333695,0,0,0
sess_00683,user_064,server_07,server,LOGIN HTTP_GET DB_READ CACHE_READ DB_WRITE LOGOUT HTTP_POST CACHE_WRITE,8,104.0,395742,0,0,0
sess_01723,user_035,server_04,server,LOGIN HTTP_GET DB_READ HTTP_GET LOGOUT CACHE_READ,6,77.0,373226,0,0,0
sess_03793,user_046,server_09,git,LOGIN PULL CREATE_BRANCH READ_FILE COMMIT PUSH LOGOUT,7,99.0,327333,0,0,0
sess_00476,user_070,server_02,git,LOGIN READ_FILE COMMIT PULL CREATE_BRANCH PUSH LOGOUT,7,76.86,375376,0,0,0
sess_03901,user_090,server_03,git,LOGIN PULL READ_FILE PULL LOGOUT COMMIT PUSH,7,106.71,418796,0,0,0
sess_03539,user_094,server_20,server,LOGIN HTTP_GET DB_WRITE DB_READ LOGOUT CACHE_READ HTTP_POST,7,83.86,319668,0,0,0
sess_02463,user_090,server_15,git,LOGIN CREATE_BRANCH PULL READ_FILE PUSH COMMIT LOGOUT,7,94.86,316220,0,0,0
sess_00573,user_052,server_19,git,LOGIN CLONE PUSH LOGOUT READ_FILE COMMIT,6,95.83,264655,0,0,0
sess_04890,user_068,server_16,server,LOGIN HTTP_GET DB_READ HTTP_GET LOGOUT CACHE_READ,6,93.67,303822,0,0,0
sess_02898,user_043,server_18,server,LOGIN HTTP_GET DB_READ HTTP_POST LOGOUT DB_WRITE CACHE_WRITE,7,94.29,338089,0,0,0
sess_03246,user_016,server_18,server,LOGIN AUTH_FAILURE AUTH_FAILURE AUTH_FAILURE HTTP_DELETE ERROR_500,6,255.5,291015,4,3,1
sess_02819,user_062,server_16,git,LOGIN CLONE READ_FILE READ_FILE LOGOUT COMMIT PUSH,7,76.71,336523,0,0,0
sess_04069,user_097,server_05,server,LOGIN HTTP_GET CACHE_WRITE DB_WRITE DB_READ LOGOUT HTTP_POST,7,95.43,350376,0,0,0
sess_03202,user_042,server_06,git,LOGIN PULL READ_FILE COMMIT PUSH LOGOUT,6,103.83,253464,0,0,0
sess_01762,user_054,server_03,git,LOGIN PULL READ_FILE CREATE_BRANCH COMMIT LOGOUT PUSH,7,93.0,334226,0,0,0
sess_00679,user_019,server_05,server,LOGIN DB_READ HTTP_GET DB_WRITE HTTP_POST CACHE_WRITE LOGOUT,7,91.0,333686,0,0,0
sess_00069,user_079,server_07,server,LOGIN HTTP_GET DB_READ LOGOUT HTTP_POST DB_WRITE,6,80.0,277727,0,0,0
sess_02318,user_015,server_02,git,LOGIN PULL READ_FILE CREATE_BRANCH COMMIT PUSH LOGOUT,7,71.43,364429,0,0,0
sess_01818,user_086,server_09,server,LOGIN DB_READ HTTP_GET DB_WRITE HTTP_POST CACHE_READ LOGOUT CACHE_WRITE,8,91.62,412165,0,0,0
sess_04528,user_086,server_14,git,LOGIN CREATE_BRANCH DELETE_REPO DOWNLOAD DOWNLOAD,5,75.8,10022608,0,0,1
sess_02527,user_010,server_16,server,LOGIN DB_READ HTTP_GET HTTP_POST LOGOUT DB_WRITE,6,76.5,315091,0,0,0
sess_01982,user_087,server_07,server,LOGIN ERROR_500 ERROR_500 HTTP_GET DB_WRITE ERROR_500,6,481.0,318568,3,0,1
sess_02350,user_089,server_01,git,LOGIN CLONE COMMIT READ_FILE LOGOUT PUSH,6,82.17,320426,0,0,0
sess_01215,user_023,server_14,git,LOGIN CLONE READ_FILE COMMIT PUSH LOGOUT,6,89.67,285037,0,0,0
sess_01048,user_077,server_08,git,LOGIN PULL READ_FILE COMMIT PUSH LOGOUT,6,105.5,260945,0,0,0
sess_03959,user_081,server_05,server,LOGIN DB_READ HTTP_GET DB_WRITE LOGOUT HTTP_POST,6,93.33,319462,0,0,0
sess_03101,user_063,server_10,git,LOGIN READ_FILE READ_FILE PULL PUSH COMMIT CREATE_BRANCH LOGOUT,8,88.88,416957,0,0,0
sess_00388,user_020,server_16,server,LOGIN HTTP_GET HTTP_GET CACHE_READ DB_READ LOGOUT,6,83.0,313395,0,0,0
sess_03009,user_066,server_07,server,LOGIN HTTP_GET CACHE_READ HTTP_GET DB_READ CACHE_READ LOGOUT,7,74.0,342003,0,0,0
sess_00139,user_040,server_08,git,LOGIN READ_FILE PULL PUSH COMMIT CREATE_BRANCH LOGOUT,7,95.29,390074,0,0,0
sess_02284,user_015,server_07,git,LOGIN CLONE LOGOUT COMMIT READ_FILE PUSH,6,66.17,321738,0,0,0
sess_04257,user_083,server_19,server,LOGIN HTTP_GET CACHE_READ CACHE_READ LOGOUT HTTP_GET DB_READ,7,92.14,318346,0,0,0
sess_03299,user_027,server_11,server,LOGIN AUTH_FAILURE AUTH_FAILURE AUTH_FAILURE HTTP_DELETE ERROR_500,6,244.83,246296,4,3,1
sess_00104,user_092,server_16,server,LOGIN DB_READ HTTP_GET HTTP_GET CACHE_READ LOGOUT,6,80.5,306687,0,0,0
sess_01430,user_029,server_17,server,LOGIN DB_READ HTTP_GET LOGOUT HTTP_GET CACHE_READ,6,90.5,322036,0,0,0
sess_04488,user_028,server_05,server,LOGIN AUTH_FAILURE AUTH_FAILURE HTTP_DELETE AUTH_FAILURE ERROR_500,6,208.5,263021,4,3,1
sess_04346,user_041,server_05,server,LOGIN HTTP_DELETE FILE_DOWNLOAD FILE_DOWNLOAD FILE_DOWNLOAD,5,84.0,14812254,0,0,1
sess_00783,user_080,server_03,server,LOGIN HTTP_GET CACHE_READ HTTP_GET DB_READ LOGOUT,6,111.0,313380,0,0,0
sess_00553,user_081,server_19,server,LOGIN FILE_DOWNLOAD FILE_DOWNLOAD FILE_DOWNLOAD HTTP_DELETE,5,90.6,14987583,0,0,1
sess_01715,user_088,server_01,git,LOGIN CLONE READ_FILE PUSH COMMIT LOGOUT,6,102.33,225555,0,0,0
sess_00229,user_036,server_20,git,LOGIN PULL READ_FILE CREATE_BRANCH READ_FILE COMMIT LOGOUT PUSH,8,94.0,384034,0,0,0
sess_00910,user_069,server_12,git,LOGIN LOGOUT PULL COMMIT READ_FILE PUSH PULL,7,119.57,368422,0,0,0
sess_00696,user_095,server_05,git,LOGIN PULL READ_FILE CREATE_BRANCH COMMIT LOGOUT PUSH,7,101.86,300061,0,0,0
sess_01475,user_007,server_02,git,LOGIN CLONE READ_FILE COMMIT PUSH LOGOUT,6,93.67,323984,0,0,0
sess_03653,user_064,server_08,server,LOGIN HTTP_GET DB_READ HTTP_POST DB_WRITE LOGOUT,6,94.17,312277,0,0,0
sess_00686,user_084,server_19,git,LOGIN CLONE READ_FILE READ_FILE PUSH COMMIT LOGOUT,7,85.57,281803,0,0,0
sess_04250,user_016,server_04,git,LOGIN PULL READ_FILE COMMIT PUSH LOGOUT,6,85.17,328080,0,0,0
sess_03427,user_067,server_08,server,LOGIN DB_READ DB_WRITE HTTP_GET HTTP_POST LOGOUT,6,87.33,258713,0,0,0
sess_03985,user_046,server_02,git,LOGIN CLONE READ_FILE PUSH COMMIT LOGOUT,6,79.33,280372,0,0,0
sess_01526,user_079,server_06,git,LOGIN PULL READ_FILE COMMIT PUSH LOGOUT,6,91.67,283206,0,0,0
sess_02433,user_045,server_20,server,LOGIN HTTP_GET CACHE_WRITE DB_READ LOGOUT HTTP_POST DB_WRITE,7,94.14,329921,0,0,0
sess_00920,user_029,server_06,git,LOGIN CLONE READ_FILE COMMIT LOGOUT PUSH,6,114.83,291600,0,0,0
sess_02882,user_019,server_18,git,LOGIN CLONE READ_FILE LOGOUT PUSH COMMIT READ_FILE,7,89.57,320623,0,0,0
sess_04120,user_026,server_01,server,LOGIN HTTP_GET CACHE_READ HTTP_GET CACHE_READ DB_READ LOGOUT,7,98.0,391122,0,0,0
sess_00196,user_041,server_20,git,LOGIN CLONE READ_FILE READ_FILE LOGOUT COMMIT PUSH,7,99.57,298923,0,0,0
sess_03497,user_036,server_02,git,LOGIN PULL READ_FILE READ_FILE PUSH COMMIT PULL LOGOUT,8,85.5,377823,0,0,0
sess_02174,user_085,server_14,git,LOGIN PUSH PULL READ_FILE COMMIT LOGOUT,6,87.67,313062,0,0,0
sess_02920,user_091,server_16,server,LOGIN HTTP_GET CACHE_READ DB_READ HTTP_GET LOGOUT,6,104.0,302948,0,0,0
sess_02829,user_003,server_10,git,LOGIN READ_FILE CLONE COMMIT LOGOUT PUSH,6,86.5,304332,0,0,0
sess_04632,user_085,server_04,git,LOGIN COMMIT CLONE READ_FILE PUSH LOGOUT,6,100.33,299507,0,0,0
sess_03424,user_025,server_17,server,LOGIN HTTP_GET DB_READ CACHE_READ HTTP_GET LOGOUT CACHE_READ,7,72.29,343704,0,0,0
sess_02365,user_066,server_04,server,LOGIN HTTP_GET DB_READ HTTP_POST DB_WRITE CACHE_WRITE LOGOUT,7,94.57,385684,0,0,0
sess_00326,user_093,server_08,server,LOGIN HTTP_GET HTTP_GET DB_READ LOGOUT CACHE_READ,6,79.5,294688,0,0,0
sess_03263,user_008,server_13,server,LOGIN DB_WRITE HTTP_GET DB_READ HTTP_POST LOGOUT,6,93.0,266972,0,0,0
sess_00944,user_082,server_01,git,LOGIN READ_FILE CLONE READ_FILE COMMIT LOGOUT PUSH,7,87.29,326261,0,0,0
sess_01211,user_024,server_17,git,LOGIN PULL READ_FILE CREATE_BRANCH COMMIT PUSH LOGOUT,7,87.43,351964,0,0,0
sess_03211,user_077,server_18,server,LOGIN DB_READ HTTP_GET LOGOUT HTTP_POST DB_WRITE CACHE_WRITE,7,88.0,318626,0,0,0
sess_04731,user_001,server_05,server,LOGIN DB_READ HTTP_GET CACHE_READ HTTP_GET CACHE_READ LOGOUT,7,96.43,309323,0,0,0
sess_00330,user_057,server_14,server,LOGIN HTTP_GET LOGOUT DB_READ DB_WRITE HTTP_POST,6,105.0,316715,0,0,0
sess_01535,user_071,server_02,git,LOGIN CREATE_BRANCH PULL PUSH READ_FILE COMMIT LOGOUT,7,78.57,319892,0,0,0
sess_01849,user_073,server_14,server,LOGIN HTTP_POST DB_READ HTTP_GET CACHE_WRITE DB_WRITE CACHE_READ LOGOUT,8,80.88,335486,0,0,0
sess_04551,user_057,server_07,server,LOGIN HTTP_GET CACHE_READ LOGOUT DB_READ HTTP_GET,6,99.5,328893,0,0,0
sess_02939,user_044,server_18,git,LOGIN DOWNLOAD CLONE DOWNLOAD DELETE_REPO PUSH,6,84.17,10097797,0,0,1
sess_00545,user_015,server_05,server,LOGIN HTTP_GET DB_WRITE LOGOUT DB_READ HTTP_POST CACHE_WRITE,7,91.0,292840,0,0,0
sess_04985,user_027,server_16,server,LOGIN DB_READ HTTP_GET HTTP_POST DB_WRITE LOGOUT,6,95.5,296060,0,0,0
sess_03413,user_080,server_03,server,LOGIN HTTP_GET HTTP_GET CACHE_READ DB_READ LOGOUT,6,81.33,303580,0,0,0
sess_04111,user_019,server_04,git,LOGIN FAILED_LOGIN FAILED_LOGIN DOWNLOAD DELETE_REPO FAILED_LOGIN,6,116.33,5184891,3,3,1
sess_04546,user_071,server_02,git,LOGIN PULL READ_FILE PUSH COMMIT LOGOUT PULL,7,79.43,340767,0,0,0
sess_01750,user_088,server_20,server,LOGIN HTTP_GET HTTP_POST DB_READ DB_WRITE LOGOUT CACHE_READ,7,82.14,290706,0,0,0
sess_00201,user_059,server_01,server,LOGIN CACHE_READ HTTP_GET CACHE_READ HTTP_GET DB_READ LOGOUT,7,98.57,362527,0,0,0
sess_03992,user_081,server_07,git,LOGIN PULL COMMIT READ_FILE READ_FILE PUSH PULL LOGOUT,8,88.0,403240,0,0,0
sess_04374,user_034,server_12,git,LOGIN CREATE_BRANCH DOWNLOAD DELETE_REPO DOWNLOAD,5,89.6,10198126,0,0,1
sess_00307,user_003,server_17,server,LOGIN DB_READ HTTP_GET DB_WRITE HTTP_POST LOGOUT,6,79.67,327569,0,0,0
sess_04894,user_029,server_08,server,LOGIN HTTP_GET HTTP_GET HTTP_GET HTTP_GET ERROR_500 ERROR_500,7,253.29,360514,2,0,1
sess_03417,user_029,server_03,server,LOGIN HTTP_GET DB_READ CACHE_WRITE HTTP_POST DB_WRITE LOGOUT,7,80.29,394130,0,0,0
sess_04699,user_053,server_12,git,LOGIN DOWNLOAD DOWNLOAD DOWNLOAD DELETE_REPO,5,97.2,15355407,0,0,1
sess_01871,user_045,server_08,git,LOGIN DOWNLOAD DOWNLOAD DOWNLOAD DELETE_REPO,5,78.4,15080723,0,0,1
sess_03355,user_091,server_09,git,LOGIN PUSH READ_FILE PULL COMMIT LOGOUT,6,82.0,314143,0,0,0
sess_03301,user_024,server_17,git,LOGIN PULL READ_FILE CREATE_BRANCH LOGOUT PUSH COMMIT,7,89.43,346967,0,0,0
sess_03791,user_019,server_05,git,LOGIN CLONE DOWNLOAD DOWNLOAD DELETE_REPO PUSH,6,87.33,10269924,0,0,1
sess_01214,user_015,server_20,git,LOGIN PULL COMMIT READ_FILE PUSH LOGOUT,6,92.5,306976,0,0,0
sess_03671,user_003,server_11,git,LOGIN PULL READ_FILE CREATE_BRANCH COMMIT PUSH LOGOUT,7,95.14,320252,0,0,0
sess_03487,user_081,server_12,git,LOGIN COMMIT PULL PULL LOGOUT READ_FILE PUSH,7,71.71,366810,0,0,0
sess_00355,user_045,server_14,server,LOGIN HTTP_GET DB_READ LOGOUT HTTP_GET CACHE_READ,6,70.67,299058,0,0,0
sess_00057,user_043,server_07,git,LOGIN COMMIT CLONE READ_FILE PUSH LOGOUT,6,82.67,263349,0,0,0
sess_01848,user_008,server_14,server,LOGIN HTTP_GET HTTP_GET LOGOUT CACHE_READ DB_READ,6,86.5,268326,0,0,0
sess_00956,user_003,server_17,server,LOGIN HTTP_GET CACHE_WRITE DB_READ HTTP_POST DB_WRITE LOGOUT,7,86.71,365708,0,0,0
sess_04053,user_093,server_13,git,LOGIN READ_FILE PUSH PULL COMMIT READ_FILE LOGOUT,7,78.57,384134,0,0,0
sess_04188,user_032,server_01,git,LOGIN PULL READ_FILE LOGOUT CREATE_BRANCH COMMIT PUSH,7,77.57,416112,0,0,0
sess_00316,user_054,server_18,server,LOGIN HTTP_GET HTTP_GET LOGOUT CACHE_READ DB_READ,6,85.83,326503,0,0,0
sess_01035,user_016,server_20,server,LOGIN CACHE_READ HTTP_GET LOGOUT DB_READ CACHE_READ HTTP_GET,7,78.57,394450,0,0,0
sess_02096,user_025,server_20,git,LOGIN CLONE READ_FILE COMMIT READ_FILE PUSH LOGOUT,7,97.57,373520,0,0,0
sess_02418,user_027,server_16,git,LOGIN PULL READ_FILE CREATE_BRANCH COMMIT PUSH LOGOUT,7,97.57,364024,0,0,0
sess_03163,user_083,server_02,git,LOGIN PULL READ_FILE COMMIT PUSH PULL LOGOUT,7,84.0,337821,0,0,0
sess_00633,user_084,server_17,server,LOGIN HTTP_GET HTTP_GET HTTP_GET HTTP_GET ERROR_500 ERROR_500,7,309.0,423144,2,0,1
sess_04207,user_045,server_05,git,LOGIN PULL CREATE_BRANCH READ_FILE COMMIT PUSH LOGOUT,7,95.86,341581,0,0,0
sess_04103,user_098,server_18,server,LOGIN DB_READ HTTP_GET CACHE_READ HTTP_GET CACHE_READ LOGOUT,7,95.0,364138,0,0,0
sess_02687,user_100,server_14,git,LOGIN CLONE READ_FILE PUSH COMMIT LOGOUT,6,92.17,329860,0,0,0
sess_04990,user_050,server_12,git,LOGIN CLONE READ_FILE COMMIT PUSH LOGOUT,6,104.67,341777,0,0,0
sess_02577,user_032,server_19,git,LOGIN PULL LOGOUT READ_FILE COMMIT PULL PUSH,7,91.71,362372,0,0,0
sess_04584,user_048,server_09,git,LOGIN FAILED_LOGIN FAILED_LOGIN FAILED_LOGIN DOWNLOAD DELETE_REPO,6,91.67,5221174,3,3,1
sess_00929,user_079,server_09,git,LOGIN PULL READ_FILE LOGOUT CREATE_BRANCH COMMIT PUSH,7,90.57,373256,0,0,0
sess_02951,user_064,server_09,server,LOGIN CACHE_WRITE HTTP_GET DB_READ LOGOUT DB_WRITE HTTP_POST,7,92.57,347128,0,0,0
sess_00730,user_088,server_08,server,LOGIN DB_READ DB_WRITE HTTP_GET HTTP_POST LOGOUT CACHE_WRITE,7,96.14,360230,0,0,0
sess_01033,user_069,server_19,git,LOGIN CLONE PUSH READ_FILE COMMIT READ_FILE LOGOUT,7,86.0,312650,0,0,0
sess_01771,user_037,server_08,git,LOGIN DOWNLOAD DOWNLOAD DELETE_REPO DOWNLOAD,5,85.4,15055684,0,0,1
sess_01657,user_027,server_09,server,LOGIN HTTP_GET LOGOUT DB_READ HTTP_GET CACHE_READ,6,95.67,298023,0,0,0
sess_02801,user_073,server_11,git,LOGIN READ_FILE PULL PUSH PULL COMMIT LOGOUT,7,95.0,365375,0,0,0
sess_02167,user_044,server_20,git,LOGIN PULL CREATE_BRANCH LOGOUT READ_FILE PUSH COMMIT,7,77.57,343246,0,0,0
sess_04336,user_027,server_20,git,LOGIN PULL READ_FILE CREATE_BRANCH LOGOUT COMMIT PUSH,7,86.29,260366,0,0,0
sess_02855,user_006,server_06,server,LOGIN CACHE_READ HTTP_GET HTTP_POST LOGOUT DB_READ DB_WRITE,7,82.29,374862,0,0,0
sess_03048,user_057,server_09,server,LOGIN HTTP_GET CACHE_READ LOGOUT DB_READ HTTP_POST DB_WRITE CACHE_WRITE,8,105.0,424609,0,0,0
sess_04393,user_070,server_10,server,LOGIN DB_READ HTTP_GET DB_WRITE HTTP_POST LOGOUT CACHE_WRITE,7,95.0,331439,0,0,0
sess_02007,user_005,server_08,git,LOGIN READ_FILE PULL LOGOUT PUSH COMMIT,6,91.33,280556,0,0,0
sess_02004,user_054,server_18,git,LOGIN READ_FILE PULL COMMIT PUSH CREATE_BRANCH READ_FILE LOGOUT,8,91.75,460969,0,0,0
sess_04028,user_036,server_03,git,LOGIN PULL READ_FILE LOGOUT COMMIT PUSH,6,79.33,283769,0,0,0
sess_02578,user_047,server_12,server,LOGIN HTTP_GET HTTP_GET CACHE_READ DB_READ LOGOUT,6,95.17,290897,0,0,0
sess_04326,user_062,server_10,git,LOGIN PULL READ_FILE COMMIT LOGOUT PUSH,6,90.33,331292,0,0,0
sess_00874,user_061,server_02,server,LOGIN HTTP_GET DB_READ CACHE_READ LOGOUT HTTP_GET CACHE_READ,7,79.71,374330,0,0,0
sess_01904,user_065,server_16,git,LOGIN PULL READ_FILE PUSH PULL COMMIT LOGOUT,7,94.86,339676,0,0,0
sess_01464,user_071,server_04,server,LOGIN HTTP_GET HTTP_GET LOGOUT DB_READ CACHE_READ,6,84.33,274828,0,0,0
sess_01052,user_012,server_14,server,LOGIN DB_READ HTTP_GET DB_WRITE HTTP_POST LOGOUT,6,106.5,286094,0,0,0
sess_03229,user_077,server_06,git,LOGIN CLONE READ_FILE LOGOUT COMMIT PUSH,6,111.5,296424,0,0,0
sess_04017,user_053,server_01,server,LOGIN HTTP_GET HTTP_GET CACHE_READ CACHE_READ DB_READ LOGOUT,7,97.14,332792,0,0,0
sess_00712,user_065,server_04,git,LOGIN PULL CREATE_BRANCH READ_FILE COMMIT LOGOUT PUSH,7,96.57,387779,0,0,0
sess_02886,user_071,server_10,git,LOGIN PULL READ_FILE CREATE_BRANCH PUSH COMMIT LOGOUT,7,97.57,329989,0,0,0
sess_01907,user_097,server_15,git,LOGIN PULL READ_FILE CREATE_BRANCH PUSH COMMIT LOGOUT,7,95.29,355220,0,0,0
sess_03316,user_087,server_02,server,LOGIN DB_READ HTTP_GET HTTP_GET CACHE_READ CACHE_READ LOGOUT,7,101.43,333858,0,0,0
sess_03895,user_014,server_13,server,LOGIN FILE_DOWNLOAD FILE_DOWNLOAD FILE_DOWNLOAD HTTP_DELETE,5,88.8,15267307,0,0,1
sess_03558,user_023,server_12,git,LOGIN COMMIT CREATE_BRANCH READ_FILE READ_FILE PULL LOGOUT PUSH,8,93.12,408893,0,0,0
sess_03591,user_011,server_05,git,LOGIN PULL READ_FILE PUSH COMMIT LOGOUT,6,73.67,303184,0,0,0
sess_04607,user_021,server_08,server,LOGIN HTTP_GET HTTP_GET DB_READ LOGOUT CACHE_READ,6,76.0,294443,0,0,0
sess_03705,user_037,server_19,git,LOGIN PULL PUSH READ_FILE LOGOUT COMMIT PULL,7,81.57,400511,0,0,0
sess_03251,user_025,server_16,server,LOGIN HTTP_GET DB_READ CACHE_WRITE DB_WRITE HTTP_POST LOGOUT,7,85.14,367071,0,0,0
sess_03876,user_010,server_02,server,LOGIN CACHE_READ HTTP_GET DB_READ LOGOUT HTTP_GET,6,70.17,278057,0,0,0
sess_00222,user_004,server_05,server,LOGIN HTTP_GET HTTP_GET CACHE_READ DB_READ LOGOUT,6,79.5,294530,0,0,0
sess_01324,user_094,server_13,git,LOGIN CLONE COMMIT READ_FILE LOGOUT PUSH,6,92.5,266215,0,0,0
sess_00372,user_003,server_20,git,LOGIN CREATE_BRANCH COMMIT PULL READ_FILE LOGOUT PUSH,7,89.86,424721,0,0,0
sess_02997,user_090,server_05,server,LOGIN HTTP_GET CACHE_READ DB_READ HTTP_GET LOGOUT,6,86.0,343886,0,0,0
sess_00614,user_083,server_04,git,LOGIN PUSH PULL READ_FILE COMMIT LOGOUT,6,85.0,305373,0,0,0
sess_03221,user_074,server_14,git,LOGIN PULL READ_FILE LOGOUT COMMIT READ_FILE PUSH CREATE_BRANCH,8,79.62,450739,0,0,0
sess_01523,user_094,server_05,git,LOGIN PULL READ_FILE READ_FILE PUSH LOGOUT COMMIT,7,88.14,404642,0,0,0
sess_00250,user_068,server_02,git,LOGIN PULL READ_FILE READ_FILE CREATE_BRANCH COMMIT PUSH LOGOUT,8,79.75,473051,0,0,0
sess_03193,user_059,server_18,git,LOGIN COMMIT PULL READ_FILE PUSH LOGOUT PULL,7,87.29,326948,0,0,0
sess_04154,user_002,server_07,git,LOGIN PULL READ_FILE READ_FILE COMMIT LOGOUT PUSH,7,86.0,398461,0,0,0
sess_04072,user_022,server_09,server,LOGIN HTTP_GET DB_READ CACHE_READ LOGOUT HTTP_GET,6,84.5,313427,0,0,0
sess_00717,user_091,server_01,server,LOGIN HTTP_GET DB_READ HTTP_POST DB_WRITE LOGOUT,6,95.83,283027,0,0,0
sess_04094,user_045,server_08,server,LOGIN DB_READ HTTP_GET HTTP_GET CACHE_READ LOGOUT,6,86.0,318107,0,0,0
sess_04358,user_100,server_17,server,LOGIN HTTP_GET DB_READ HTTP_POST LOGOUT CACHE_WRITE CACHE_READ DB_WRITE,8,81.0,350159,0,0,0
sess_00215,user_053,server_18,git,LOGIN PULL COMMIT READ_FILE PUSH LOGOUT,6,99.17,345144,0,0,0
sess_03520,user_092,server_14,server,LOGIN HTTP_GET HTTP_POST DB_READ DB_WRITE LOGOUT,6,83.67,307328,0,0,0
sess_00141,user_027,server_07,server,LOGIN HTTP_GET HTTP_GET DB_READ CACHE_READ LOGOUT,6,125.0,271726,0,0,0
sess_04462,user_092,server_03,git,LOGIN PULL READ_FILE CREATE_BRANCH COMMIT PUSH LOGOUT,7,84.43,306702,0,0,0
sess_04159,user_078,server_04,git,LOGIN PULL READ_FILE CREATE_BRANCH COMMIT PUSH LOGOUT,7,89.71,314819,0,0,0
sess_02743,user_003,server_08,server,LOGIN HTTP_GET HTTP_POST DB_READ DB_WRITE LOGOUT,6,86.67,290701,0,0,0
sess_02407,user_049,server_12,server,LOGIN HTTP_GET DB_READ HTTP_GET CACHE_READ LOGOUT,6,99.67,327490,0,0,0
sess_01600,user_042,server_10,server,LOGIN DB_READ HTTP_GET DB_WRITE CACHE_WRITE HTTP_POST LOGOUT,7,87.0,368230,0,0,0
sess_04719,user_051,server_08,server,LOGIN HTTP_GET CACHE_READ HTTP_POST DB_READ DB_WRITE CACHE_WRITE LOGOUT,8,87.12,398148,0,0,0
sess_01960,user_082,server_17,git,LOGIN READ_FILE PULL PUSH COMMIT CREATE_BRANCH LOGOUT,7,87.43,370407,0,0,0
sess_02497,user_008,server_15,server,LOGIN DB_WRITE HTTP_GET DB_READ HTTP_POST CACHE_READ LOGOUT,7,99.86,295282,0,0,0
sess_04767,user_076,server_13,server,LOGIN DB_READ HTTP_GET CACHE_WRITE DB_WRITE HTTP_POST LOGOUT,7,91.43,348116,0,0,0
sess_00982,user_066,server_20,git,LOGIN READ_FILE CLONE READ_FILE PUSH COMMIT LOGOUT,7,100.14,372112,0,0,0
sess_02419,user_028,server_02,server,LOGIN HTTP_GET HTTP_POST CACHE_WRITE DB_READ LOGOUT DB_WRITE,7,83.14,352956,0,0,0
sess_04576,user_081,server_10,git,LOGIN PULL READ_FILE COMMIT LOGOUT PUSH,6,84.33,242512,0,0,0
sess_02316,user_043,server_19,git,LOGIN PULL READ_FILE COMMIT PULL PUSH LOGOUT,7,81.71,340656,0,0,0
sess_04437,user_047,server_06,git,LOGIN DOWNLOAD DOWNLOAD DOWNLOAD DELETE_REPO,5,60.4,15277997,0,0,1
sess_02974,user_046,server_03,server,LOGIN HTTP_GET CACHE_READ HTTP_GET DB_READ LOGOUT,6,94.83,344115,0,0,0
sess_00974,user_065,server_04,git,LOGIN READ_FILE READ_FILE LOGOUT PUSH PULL COMMIT,7,88.43,344771,0,0,0
sess_01543,user_087,server_06,git,LOGIN PULL READ_FILE COMMIT PULL PUSH READ_FILE LOGOUT,8,95.38,373560,0,0,0
sess_01142,user_067,server_01,server,LOGIN HTTP_POST HTTP_GET DB_READ CACHE_WRITE DB_WRITE LOGOUT,7,77.43,338618,0,0,0
sess_00618,user_053,server_19,server,LOGIN DB_READ HTTP_GET LOGOUT CACHE_READ HTTP_GET,6,62.5,298704,0,0,0
sess_01115,user_085,server_04,git,LOGIN PULL COMMIT PULL PUSH READ_FILE LOGOUT,7,93.29,294076,0,0,0
sess_04781,user_081,server_01,server,LOGIN DB_READ HTTP_GET CACHE_READ HTTP_GET LOGOUT,6,95.0,330837,0,0,0
sess_04344,user_051,server_04,git,LOGIN PULL READ_FILE CREATE_BRANCH LOGOUT PUSH COMMIT,7,110.0,407892,0,0,0
sess_02700,user_072,server_16,git,LOGIN READ_FILE PULL READ_FILE COMMIT LOGOUT PUSH,7,85.71,389778,0,0,0
sess_02837,user_017,server_04,git,LOGIN DOWNLOAD DOWNLOAD DELETE_REPO DOWNLOAD,5,95.4,15204068,0,0,1
sess_03982,user_033,server_11,git,LOGIN CLONE PUSH READ_FILE COMMIT LOGOUT,6,103.17,286701,0,0,0
sess_02444,user_082,server_06,git,LOGIN PULL COMMIT READ_FILE PUSH READ_FILE CREATE_BRANCH LOGOUT,8,89.12,357376,0,0,0
sess_02598,user_019,server_13,server,LOGIN HTTP_POST HTTP_GET DB_READ LOGOUT CACHE_WRITE DB_WRITE,7,96.43,322765,0,0,0
sess_03611,user_030,server_17,server,LOGIN DB_WRITE HTTP_GET LOGOUT DB_READ CACHE_READ HTTP_POST,7,80.43,309028,0,0,0
sess_01592,user_009,server_02,git,LOGIN READ_FILE CLONE COMMIT PUSH LOGOUT,6,88.33,336316,0,0,0
sess_02984,user_040,server_07,server,LOGIN HTTP_GET DB_READ DB_WRITE HTTP_POST LOGOUT,6,79.0,308514,0,0,0
sess_03874,user_021,server_06,git,LOGIN READ_FILE CLONE COMMIT READ_FILE LOGOUT PUSH,7,85.86,384675,0,0,0
sess_03369,user_024,server_07,server,LOGIN HTTP_GET DB_READ LOGOUT DB_WRITE HTTP_POST,6,92.33,272448,0,0,0
sess_04243,user_006,server_13,git,LOGIN COMMIT PULL READ_FILE PUSH CREATE_BRANCH READ_FILE LOGOUT,8,92.62,465151,0,0,0
sess_03823,user_054,server_02,git,LOGIN PULL COMMIT CREATE_BRANCH READ_FILE PUSH LOGOUT,7,70.0,344607,0,0,0
sess_03402,user_011,server_20,server,LOGIN HTTP_GET ERROR_500 ERROR_500 ERROR_500 DB_WRITE,6,432.5,303343,3,0,1
sess_02398,user_007,server_04,git,LOGIN READ_FILE READ_FILE PULL COMMIT PULL LOGOUT PUSH,8,87.5,482888,0,0,0
sess_01250,user_010,server_18,git,LOGIN DOWNLOAD DOWNLOAD DOWNLOAD DELETE_REPO,5,66.4,15436068,0,0,1
sess_04803,user_076,server_20,git,LOGIN CLONE READ_FILE COMMIT PUSH LOGOUT,6,65.83,368339,0,0,0
sess_02361,user_074,server_08,server,LOGIN HTTP_GET HTTP_POST DB_READ DB_WRITE CACHE_WRITE LOGOUT,7,93.14,339875,0,0,0
sess_02790,user_089,server_14,server,LOGIN HTTP_POST HTTP_GET DB_WRITE DB_READ CACHE_WRITE LOGOUT,7,80.71,326083,0,0,0
sess_01833,user_057,server_06,git,LOGIN PULL READ_FILE READ_FILE LOGOUT CREATE_BRANCH COMMIT PUSH,8,116.38,450428,0,0,0
sess_01417,user_013,server_17,server,LOGIN HTTP_GET DB_READ LOGOUT CACHE_READ HTTP_GET,6,80.5,295625,0,0,0
sess_00968,user_018,server_08,git,LOGIN READ_FILE READ_FILE PULL CREATE_BRANCH PUSH COMMIT LOGOUT,8,83.5,422389,0,0,0
sess_04678,user_073,server_06,git,LOGIN READ_FILE PULL COMMIT PUSH PULL LOGOUT,7,98.43,335642,0,0,0
sess_03230,user_097,server_04,git,LOGIN PULL LOGOUT READ_FILE READ_FILE PUSH COMMIT,7,84.29,328109,0,0,0
sess_03754,user_003,server_13,git,LOGIN DOWNLOAD DOWNLOAD DOWNLOAD DELETE_REPO,5,94.4,15277091,0,0,1
sess_01365,user_008,server_06,git,LOGIN PULL READ_FILE LOGOUT COMMIT PULL PUSH,7,109.0,404922,0,0,0
sess_01716,user_100,server_05,git,LOGIN PULL PUSH READ_FILE COMMIT LOGOUT,6,75.33,284370,0,0,0
sess_00636,user_092,server_03,git,LOGIN CLONE PUSH READ_FILE READ_FILE LOGOUT COMMIT,7,99.57,366927,0,0,0
sess_02079,user_100,server_07,server,LOGIN HTTP_GET LOGOUT CACHE_READ HTTP_GET DB_READ CACHE_READ,7,109.14,361920,0,0,0
sess_02127,user_084,server_08,git,LOGIN READ_FILE PULL COMMIT PULL LOGOUT PUSH,7,81.71,323124,0,0,0
sess_01256,user_040,server_04,git,LOGIN PULL PULL READ_FILE COMMIT PUSH LOGOUT,7,86.71,318994,0,0,0
sess_00445,user_089,server_04,git,LOGIN PULL READ_FILE PUSH COMMIT LOGOUT,6,106.33,367733,0,0,0
sess_02436,user_002,server_09,server,LOGIN CACHE_READ HTTP_GET CACHE_WRITE DB_READ HTTP_POST DB_WRITE LOGOUT,8,91.62,419808,0,0,0
sess_04841,user_001,server_11,git,LOGIN PULL COMMIT LOGOUT READ_FILE PUSH,6,70.17,227231,0,0,0
sess_01517,user_020,server_10,server,LOGIN HTTP_GET CACHE_READ HTTP_GET DB_READ LOGOUT,6,95.17,296040,0,0,0
sess_02845,user_049,server_13,server,LOGIN HTTP_GET HTTP_POST LOGOUT CACHE_WRITE DB_READ DB_WRITE,7,89.71,368585,0,0,0
sess_04710,user_041,server_10,server,LOGIN HTTP_GET CACHE_READ DB_READ HTTP_POST DB_WRITE CACHE_WRITE LOGOUT,8,97.12,437679,0,0,0
sess_04402,user_038,server_06,git,LOGIN PULL LOGOUT READ_FILE COMMIT PULL PUSH,7,109.14,307988,0,0,0
sess_03192,user_037,server_14,git,LOGIN READ_FILE CLONE LOGOUT COMMIT PUSH,6,103.83,274027,0,0,0
sess_01507,user_028,server_05,git,LOGIN DOWNLOAD DOWNLOAD DELETE_REPO DOWNLOAD,5,100.6,14805884,0,0,1
sess_04062,user_060,server_05,git,LOGIN PULL COMMIT LOGOUT READ_FILE PUSH,6,86.5,292758,0,0,0
sess_03880,user_049,server_07,git,LOGIN PULL READ_FILE PUSH COMMIT PULL LOGOUT,7,90.0,364787,0,0,0
sess_02924,user_088,server_08,git,LOGIN PULL READ_FILE CREATE_BRANCH COMMIT PUSH LOGOUT,7,79.57,378406,0,0,0
sess_02441,user_043,server_01,git,LOGIN PULL PULL READ_FILE COMMIT PUSH LOGOUT,7,90.14,354601,0,0,0
sess_04768,user_025,server_05,git,LOGIN PUSH PULL READ_FILE COMMIT PULL LOGOUT,7,84.57,395508,0,0,0
sess_02399,user_083,server_03,git,LOGIN CLONE READ_FILE READ_FILE PUSH COMMIT LOGOUT,7,95.57,395722,0,0,0
sess_00333,user_043,server_12,server,LOGIN HTTP_GET HTTP_POST LOGOUT DB_WRITE DB_READ CACHE_WRITE,7,90.86,368156,0,0,0
sess_04153,user_098,server_18,git,LOGIN PUSH PULL READ_FILE READ_FILE COMMIT LOGOUT,7,92.29,413843,0,0,0
sess_02906,user_077,server_04,server,LOGIN HTTP_GET DB_READ DB_WRITE LOGOUT HTTP_POST,6,102.17,306607,0,0,0
sess_00792,user_015,server_04,git,LOGIN READ_FILE PULL READ_FILE COMMIT PUSH LOGOUT,7,96.43,333048,0,0,0
sess_01462,user_001,server_19,server,LOGIN DB_READ HTTP_GET HTTP_POST DB_WRITE LOGOUT CACHE_WRITE,7,80.29,326166,0,0,0
sess_00027,user_063,server_13,server,LOGIN HTTP_GET DB_READ HTTP_GET CACHE_READ LOGOUT,6,96.17,306055,0,0,0
sess_04157,user_027,server_17,git,LOGIN PULL PUSH LOGOUT CREATE_BRANCH COMMIT READ_FILE,7,95.86,338090,0,0,0
sess_01185,user_057,server_07,git,LOGIN PULL PUSH LOGOUT READ_FILE PULL COMMIT,7,93.29,355018,0,0,0
sess_03247,user_005,server_10,server,LOGIN HTTP_GET HTTP_GET CACHE_READ LOGOUT DB_READ,6,95.5,290137,0,0,0
sess_03503,user_048,server_20,server,LOGIN HTTP_GET LOGOUT DB_READ HTTP_POST DB_WRITE,6,73.5,289901,0,0,0
sess_03651,user_013,server_06,git,LOGIN COMMIT PULL READ_FILE PUSH LOGOUT PULL,7,87.43,321039,0,0,0
sess_01779,user_014,server_05,server,LOGIN LOGOUT HTTP_GET DB_READ DB_WRITE HTTP_POST CACHE_READ CACHE_WRITE,8,79.38,432923,0,0,0
sess_01933,user_001,server_06,server,LOGIN HTTP_GET DB_READ CACHE_READ LOGOUT HTTP_GET,6,94.33,349565,0,0,0
sess_01206,user_079,server_09,git,LOGIN CLONE LOGOUT READ_FILE COMMIT PUSH,6,89.83,283401,0,0,0
sess_01571,user_059,server_19,git,LOGIN PULL COMMIT READ_FILE PUSH LOGOUT,6,81.83,324346,0,0,0
sess_00728,user_098,server_01,git,LOGIN PULL COMMIT READ_FILE PUSH CREATE_BRANCH LOGOUT,7,92.71,422430,0,0,0
sess_03842,user_065,server_13,git,LOGIN CREATE_BRANCH DOWNLOAD DELETE_REPO DOWNLOAD,5,100.0,10394211,0,0,1
sess_00403,user_004,server_04,git,LOGIN READ_FILE PULL CREATE_BRANCH PUSH READ_FILE COMMIT LOGOUT,8,83.12,386510,0,0,0
sess_01524,user_040,server_10,server,LOGIN HTTP_GET CACHE_READ LOGOUT HTTP_GET DB_READ,6,106.33,329760,0,0,0
sess_01423,user_010,server_01,server,LOGIN HTTP_GET HTTP_POST DB_WRITE DB_READ LOGOUT CACHE_WRITE,7,98.43,365649,0,0,0
sess_01742,user_001,server_14,server,LOGIN DB_READ HTTP_GET HTTP_POST DB_WRITE CACHE_WRITE LOGOUT,7,78.86,398754,0,0,0
sess_00321,user_025,server_16,git,LOGIN PULL READ_FILE PUSH READ_FILE COMMIT LOGOUT,7,89.71,342358,0,0,0
sess_01406,user_074,server_12,git,LOGIN DOWNLOAD CREATE_BRANCH DOWNLOAD DELETE_REPO,5,78.6,10158022,0,0,1
sess_00374,user_017,server_11,git,LOGIN READ_FILE CLONE COMMIT PUSH LOGOUT,6,101.5,324530,0,0,0
sess_04724,user_047,server_11,server,LOGIN HTTP_GET CACHE_READ DB_READ HTTP_GET LOGOUT,6,98.83,342542,0,0,0
sess_00217,user_059,server_13,git,LOGIN CREATE_BRANCH DELETE_REPO DOWNLOAD DOWNLOAD,5,81.8,10086964,0,0,1
sess_03210,user_039,server_11,git,LOGIN READ_FILE PULL PUSH COMMIT PULL LOGOUT,7,72.71,382639,0,0,0
sess_03315,user_065,server_14,server,LOGIN DB_READ HTTP_GET CACHE_WRITE HTTP_POST LOGOUT DB_WRITE,7,83.86,350224,0,0,0
sess_02763,user_052,server_12,server,LOGIN HTTP_GET CACHE_READ DB_READ HTTP_GET LOGOUT,6,68.33,277628,0,0,0
sess_02870,user_009,server_02,git,LOGIN READ_FILE CREATE_BRANCH PULL LOGOUT COMMIT PUSH,7,78.43,339036,0,0,0
sess_01711,user_048,server_12,server,LOGIN HTTP_GET HTTP_POST DB_READ CACHE_WRITE DB_WRITE LOGOUT,7,90.71,367420,0,0,0
sess_00912,user_040,server_07,server,LOGIN HTTP_GET HTTP_POST DB_READ DB_WRITE CACHE_WRITE LOGOUT,7,85.43,372617,0,0,0
sess_02368,user_075,server_06,server,LOGIN HTTP_GET DB_READ DB_WRITE HTTP_POST LOGOUT,6,96.0,243335,0,0,0
sess_01199,user_062,server_18,git,LOGIN READ_FILE PULL READ_FILE COMMIT LOGOUT PULL PUSH,8,79.5,376119,0,0,0
sess_00194,user_047,server_15,git,LOGIN PULL LOGOUT READ_FILE READ_FILE COMMIT PULL PUSH,8,104.62,361283,0,0,0
sess_04936,user_021,server_05,git,LOGIN PULL READ_FILE PUSH COMMIT LOGOUT,6,108.5,296304,0,0,0
sess_04342,user_008,server_12,git,LOGIN PULL LOGOUT READ_FILE PULL COMMIT PUSH,7,83.14,395600,0,0,0
sess_01793,user_037,server_20,git,LOGIN PULL READ_FILE COMMIT PUSH PULL LOGOUT,7,89.86,382741,0,0,0
sess_03831,user_058,server_13,git,LOGIN READ_FILE PULL COMMIT LOGOUT PUSH,6,92.5,303719,0,0,0
sess_02160,user_089,server_11,server,LOGIN HTTP_GET HTTP_GET CACHE_READ DB_READ CACHE_READ LOGOUT,7,98.71,323196,0,0,0
sess_01310,user_041,server_05,server,LOGIN HTTP_GET HTTP_GET CACHE_READ LOGOUT DB_READ,6,80.5,279419,0,0,0
sess_00918,user_064,server_12,server,LOGIN DB_READ HTTP_GET LOGOUT DB_WRITE HTTP_POST,6,97.5,276946,0,0,0
sess_03783,user_089,server_06,server,LOGIN AUTH_FAILURE AUTH_FAILURE AUTH_FAILURE HTTP_DELETE ERROR_500,6,198.17,235834,4,3,1
sess_03040,user_080,server_03,server,LOGIN HTTP_GET LOGOUT CACHE_READ HTTP_GET DB_READ,6,74.83,339809,0,0,0
sess_03367,user_078,server_09,git,LOGIN PULL COMMIT READ_FILE PUSH LOGOUT,6,102.5,291860,0,0,0
sess_00371,user_040,server_11,git,LOGIN CLONE READ_FILE LOGOUT COMMIT PUSH,6,97.5,278109,0,0,0
sess_04256,user_062,server_06,server,LOGIN DB_READ HTTP_GET DB_WRITE CACHE_WRITE LOGOUT CACHE_READ HTTP_POST,8,109.88,387712,0,0,0
sess_01678,user_029,server_02,server,LOGIN HTTP_POST HTTP_GET DB_WRITE DB_READ CACHE_WRITE LOGOUT,7,101.29,369240,0,0,0
sess_00955,user_100,server_09,git,LOGIN CLONE COMMIT READ_FILE LOGOUT READ_FILE PUSH,7,87.29,317227,0,0,0
sess_02243,user_026,server_10,git,LOGIN PULL COMMIT READ_FILE LOGOUT PUSH,6,90.5,255595,0,0,0
sess_02946,user_074,server_07,server,LOGIN HTTP_GET HTTP_GET DB_READ CACHE_READ LOGOUT,6,94.33,308009,0,0,0
sess_02411,user_083,server_10,git,LOGIN PULL READ_FILE PULL COMMIT PUSH LOGOUT,7,103.0,358347,0,0,0
sess_04361,user_046,server_07,server,LOGIN HTTP_GET CACHE_READ HTTP_GET DB_READ LOGOUT,6,64.83,254021,0,0,0
sess_02139,user_069,server_16,git,LOGIN COMMIT PULL LOGOUT PUSH READ_FILE,6,89.67,266741,0,0,0
sess_00385,user_089,server_12,git,LOGIN PULL READ_FILE CREATE_BRANCH LOGOUT COMMIT PUSH,7,87.71,322651,0,0,0
sess_01579,user_086,server_01,server,LOGIN DB_READ HTTP_GET CACHE_READ HTTP_GET LOGOUT,6,97.5,301559,0,0,0
sess_02492,user_085,server_17,git,LOGIN PULL READ_FILE COMMIT PUSH PULL READ_FILE LOGOUT,8,86.88,411521,0,0,0
sess_00761,user_051,server_03,git,LOGIN PUSH READ_FILE PULL COMMIT LOGOUT PULL,7,84.86,340056,0,0,0
sess_04993,user_095,server_10,server,LOGIN HTTP_GET DB_READ DB_WRITE LOGOUT HTTP_POST,6,82.83,302616,0,0,0
sess_02276,user_095,server_19,server,LOGIN DB_READ HTTP_GET CACHE_READ LOGOUT HTTP_GET,6,71.17,291056,0,0,0
sess_02637,user_030,server_06,server,LOGIN HTTP_GET LOGOUT DB_READ HTTP_GET CACHE_READ,6,97.0,300304,0,0,0
sess_00784,user_020,server_01,server,LOGIN HTTP_GET DB_READ CACHE_READ CACHE_READ HTTP_GET LOGOUT,7,92.14,407483,0,0,0
sess_00107,user_077,server_01,git,LOGIN CLONE DOWNLOAD DELETE_REPO DOWNLOAD PUSH,6,86.83,10305872,0,0,1
sess_00791,user_001,server_14,server,LOGIN HTTP_POST HTTP_GET DB_READ DB_WRITE CACHE_WRITE LOGOUT,7,84.0,373988,0,0,0
sess_04167,user_091,server_12,git,LOGIN READ_FILE PULL PULL COMMIT PUSH LOGOUT,7,80.14,346353,0,0,0
sess_02912,user_049,server_13,git,LOGIN CLONE READ_FILE PUSH COMMIT LOGOUT,6,82.5,313159,0,0,0
sess_03147,user_011,server_04,git,LOGIN READ_FILE CLONE LOGOUT COMMIT PUSH READ_FILE,7,84.14,343516,0,0,0
sess_03336,user_083,server_07,server,LOGIN HTTP_GET CACHE_READ HTTP_GET DB_READ LOGOUT,6,102.0,285907,0,0,0
sess_00846,user_072,server_05,git,LOGIN PULL READ_FILE PULL LOGOUT COMMIT PUSH,7,101.57,359903,0,0,0
sess_02272,user_097,server_17,server,LOGIN DB_READ HTTP_GET DB_WRITE LOGOUT CACHE_WRITE HTTP_POST,7,80.29,336231,0,0,0
sess_04673,user_079,server_13,server,LOGIN HTTP_GET HTTP_GET LOGOUT CACHE_READ DB_READ,6,86.33,256515,0,0,0
sess_03302,user_080,server_05,server,LOGIN HTTP_GET CACHE_READ LOGOUT HTTP_GET DB_READ,6,99.5,305479,0,0,0
sess_00967,user_099,server_19,git,LOGIN PULL COMMIT PUSH READ_FILE LOGOUT,6,108.67,334383,0,0,0
sess_04418,user_051,server_13,git,LOGIN CREATE_BRANCH DOWNLOAD DELETE_REPO DOWNLOAD,5,73.2,9985609,0,0,1
sess_04602,user_088,server_13,git,LOGIN CLONE READ_FILE LOGOUT PUSH COMMIT,6,85.5,264556,0,0,0
sess_03528,user_079,server_02,git,LOGIN PULL LOGOUT PULL READ_FILE COMMIT PUSH,7,88.14,305947,0,0,0
sess_02386,user_071,server_20,git,LOGIN PULL COMMIT READ_FILE CREATE_BRANCH PUSH LOGOUT,7,91.43,340246,0,0,0
sess_02765,user_041,server_17,server,LOGIN HTTP_GET CACHE_READ DB_READ HTTP_GET LOGOUT,6,94.67,237893,0,0,0
sess_02391,user_072,server_10,server,LOGIN HTTP_GET CACHE_READ HTTP_GET CACHE_READ LOGOUT DB_READ,7,93.43,336889,0,0,0
sess_01364,user_009,server_12,git,LOGIN READ_FILE CLONE READ_FILE COMMIT PUSH LOGOUT,7,87.43,366610,0,0,0
sess_02809,user_038,server_14,server,LOGIN HTTP_GET DB_READ DB_WRITE HTTP_POST LOGOUT,6,103.17,364058,0,0,0
sess_04741,user_091,server_17,server,LOGIN HTTP_GET LOGOUT DB_READ HTTP_GET CACHE_READ,6,117.17,341748,0,0,0
sess_00674,user_076,server_16,git,LOGIN DOWNLOAD CLONE DOWNLOAD DELETE_REPO PUSH,6,108.17,10336116,0,0,1
sess_01733,user_009,server_16,server,LOGIN CACHE_READ DB_READ HTTP_GET HTTP_GET LOGOUT,6,100.0,290732,0,0,0
sess_00693,user_053,server_08,server,LOGIN HTTP_GET CACHE_READ LOGOUT HTTP_GET DB_READ,6,82.5,280933,0,0,0
sess_03456,user_033,server_01,server,LOGIN DB_READ HTTP_GET HTTP_POST CACHE_WRITE DB_WRITE LOGOUT,7,97.71,339230,0,0,0
sess_02548,user_100,server_05,git,LOGIN LOGOUT CLONE READ_FILE COMMIT PUSH,6,86.83,323365,0,0,0
sess_04432,user_048,server_08,server,LOGIN HTTP_GET DB_READ HTTP_POST DB_WRITE CACHE_WRITE LOGOUT,7,80.57,291416,0,0,0
sess_03603,user_004,server_15,git,LOGIN PULL COMMIT READ_FILE LOGOUT PUSH,6,93.17,273374,0,0,0
sess_04399,user_048,server_09,server,LOGIN HTTP_GET DB_READ HTTP_GET LOGOUT CACHE_READ,6,88.17,278148,0,0,0
sess_04786,user_082,server_03,server,LOGIN HTTP_GET HTTP_GET CACHE_READ LOGOUT DB_READ,6,89.67,275951,0,0,0
sess_00709,user_017,server_02,server,LOGIN HTTP_GET DB_READ CACHE_READ HTTP_GET LOGOUT,6,89.5,271514,0,0,0
sess_03926,user_071,server_02,git,LOGIN CREATE_BRANCH PULL PUSH READ_FILE COMMIT LOGOUT,7,66.71,361719,0,0,0
sess_02058,user_086,server_01,server,LOGIN HTTP_GET DB_READ DB_WRITE HTTP_POST CACHE_WRITE LOGOUT,7,97.57,333621,0,0,0
sess_03566,user_082,server_17,server,LOGIN HTTP_GET CACHE_READ HTTP_POST DB_READ DB_WRITE LOGOUT,7,83.71,379326,0,0,0
sess_00998,user_048,server_13,git,LOGIN COMMIT PULL READ_FILE PUSH LOGOUT,6,76.83,314194,0,0,0
sess_04170,user_034,server_03,server,LOGIN HTTP_GET DB_READ HTTP_POST DB_WRITE LOGOUT,6,88.67,346100,0,0,0
sess_03660,user_078,server_08,git,LOGIN READ_FILE PUSH LOGOUT CLONE COMMIT READ_FILE,7,82.57,350308,0,0,0
sess_00255,user_095,server_13,git,LOGIN READ_FILE PULL COMMIT PUSH LOGOUT,6,94.0,300149,0,0,0
sess_01782,user_050,server_06,server,LOGIN HTTP_GET HTTP_GET CACHE_READ LOGOUT DB_READ,6,86.67,304439,0,0,0
sess_00925,user_089,server_10,git,LOGIN COMMIT READ_FILE READ_FILE PULL LOGOUT PUSH PULL,8,96.62,443605,0,0,0
sess_01379,user_090,server_10,server,LOGIN HTTP_GET DB_READ LOGOUT HTTP_POST DB_WRITE,6,93.5,269461,0,0,0
sess_04495,user_017,server_19,server,LOGIN DB_READ HTTP_GET CACHE_WRITE DB_WRITE HTTP_POST LOGOUT,7,91.43,380191,0,0,0
sess_02954,user_025,server_20,server,LOGIN HTTP_GET HTTP_POST DB_READ DB_WRITE LOGOUT CACHE_WRITE,7,81.0,346090,0,0,0
sess_02791,user_035,server_19,server,LOGIN FILE_DOWNLOAD FILE_DOWNLOAD FILE_DOWNLOAD HTTP_DELETE,5,99.6,15081679,0,0,1
sess_03544,user_094,server_11,git,LOGIN PULL READ_FILE PULL COMMIT READ_FILE PUSH LOGOUT,8,79.38,367404,0,0,0
sess_00597,user_041,server_17,git,LOGIN PULL COMMIT READ_FILE LOGOUT PUSH,6,71.83,331928,0,0,0
sess_04727,user_013,server_15,git,LOGIN CLONE READ_FILE LOGOUT COMMIT PUSH,6,112.83,305420,0,0,0
sess_02458,user_019,server_05,git,LOGIN READ_FILE COMMIT PULL LOGOUT PULL PUSH,7,94.43,357348,0,0,0
sess_04760,user_025,server_12,git,LOGIN DOWNLOAD DOWNLOAD DELETE_REPO DOWNLOAD,5,111.2,15285250,0,0,1
sess_02308,user_093,server_20,server,LOGIN HTTP_GET DB_READ CACHE_READ LOGOUT HTTP_GET,6,78.17,309758,0,0,0
sess_02820,user_081,server_12,server,LOGIN HTTP_GET HTTP_GET CACHE_READ CACHE_READ LOGOUT DB_READ,7,82.14,320729,0,0,0
sess_01286,user_023,server_12,git,LOGIN PULL READ_FILE PUSH COMMIT CREATE_BRANCH READ_FILE LOGOUT,8,94.12,361420,0,0,0
sess_01894,user_027,server_20,git,LOGIN PULL COMMIT READ_FILE PUSH LOGOUT,6,90.33,263072,0,0,0
sess_00672,user_040,server_09,git,LOGIN DELETE_REPO CREATE_BRANCH DOWNLOAD DOWNLOAD,5,75.2,9820509,0,0,1
sess_01725,user_008,server_17,server,LOGIN HTTP_GET HTTP_GET DB_READ LOGOUT CACHE_READ,6,76.5,279614,0,0,0
sess_01839,user_008,server_03,git,LOGIN PULL READ_FILE COMMIT LOGOUT PUSH,6,90.5,273739,0,0,0
sess_03130,user_038,server_08,git,LOGIN CREATE_BRANCH READ_FILE PULL LOGOUT PUSH COMMIT,7,109.57,365271,0,0,0
sess_01673,user_043,server_12,server,LOGIN HTTP_GET LOGOUT DB_READ HTTP_GET CACHE_READ,6,86.0,327301,0,0,0
sess_02274,user_008,server_07,git,LOGIN CLONE READ_FILE PUSH COMMIT LOGOUT,6,84.83,258399,0,0,0
sess_03521,user_016,server_10,git,LOGIN PULL LOGOUT READ_FILE COMMIT PUSH,6,93.5,258977,0,0,0
sess_03977,user_039,server_09,git,LOGIN PULL CREATE_BRANCH READ_FILE LOGOUT PUSH COMMIT,7,85.0,340053,0,0,0
sess_02931,user_019,server_12,server,LOGIN HTTP_GET CACHE_READ HTTP_GET DB_READ LOGOUT,6,77.0,301005,0,0,0
sess_02573,user_064,server_16,git,LOGIN PULL READ_FILE COMMIT PUSH READ_FILE LOGOUT,7,104.57,365767,0,0,0
sess_02233,user_027,server_14,git,LOGIN PULL READ_FILE CREATE_BRANCH LOGOUT PUSH COMMIT,7,88.14,323108,0,0,0
sess_01285,user_011,server_12,server,LOGIN DB_READ HTTP_GET DB_WRITE CACHE_WRITE HTTP_POST LOGOUT,7,76.29,323855,0,0,0
sess_01337,user_085,server_03,server,LOGIN HTTP_GET DB_WRITE DB_READ HTTP_POST LOGOUT,6,79.0,285645,0,0,0
sess_00931,user_077,server_08,git,LOGIN CLONE PUSH READ_FILE COMMIT LOGOUT,6,104.33,359451,0,0,0
sess_02158,user_059,server_18,git,LOGIN PULL READ_FILE COMMIT PULL LOGOUT PUSH,7,92.0,327875,0,0,0
sess_01560,user_046,server_01,server,LOGIN HTTP_GET LOGOUT HTTP_POST DB_READ DB_WRITE,6,94.17,310698,0,0,0
sess_00666,user_046,server_07,git,LOGIN CLONE DOWNLOAD DELETE_REPO DOWNLOAD PUSH,6,100.33,10041988,0,0,1
sess_00452,user_080,server_03,git,LOGIN PULL READ_FILE COMMIT READ_FILE LOGOUT PUSH,7,89.43,364889,0,0,0
sess_01371,user_078,server_01,git,LOGIN PULL READ_FILE COMMIT LOGOUT PULL PUSH,7,95.43,329660,0,0,0
sess_00517,user_050,server_01,git,LOGIN DOWNLOAD CREATE_BRANCH DELETE_REPO DOWNLOAD,5,74.2,10004632,0,0,1
sess_00740,user_032,server_20,git,LOGIN PULL COMMIT READ_FILE PUSH CREATE_BRANCH LOGOUT,7,79.29,373906,0,0,0
sess_01448,user_095,server_20,server,LOGIN DB_READ HTTP_GET HTTP_POST DB_WRITE CACHE_WRITE LOGOUT,7,90.0,343267,0,0,0
sess_03729,user_032,server_18,server,LOGIN HTTP_GET LOGOUT DB_READ DB_WRITE HTTP_POST,6,83.5,314043,0,0,0
sess_02597,user_065,server_03,git,LOGIN PULL CREATE_BRANCH READ_FILE LOGOUT COMMIT PUSH,7,87.14,339786,0,0,0
sess_01737,user_055,server_15,git,LOGIN READ_FILE PULL PULL COMMIT PUSH LOGOUT,7,77.86,385870,0,0,0
sess_00849,user_088,server_05,server,LOGIN HTTP_GET CACHE_WRITE DB_WRITE DB_READ HTTP_POST LOGOUT,7,94.29,348839,0,0,0
sess_03208,user_095,server_05,server,LOGIN HTTP_GET CACHE_READ HTTP_GET LOGOUT DB_READ,6,86.33,306329,0,0,0
sess_03678,user_073,server_13,git,LOGIN PULL READ_FILE READ_FILE PUSH COMMIT LOGOUT,7,96.43,364587,0,0,0
sess_03525,user_027,server_12,git,LOGIN PULL READ_FILE PULL READ_FILE COMMIT PUSH LOGOUT,8,91.0,364407,0,0,0
sess_01786,user_068,server_11,server,LOGIN HTTP_GET DB_WRITE DB_READ HTTP_POST CACHE_WRITE LOGOUT,7,82.57,349273,0,0,0
sess_04864,user_068,server_20,git,LOGIN PULL READ_FILE CREATE_BRANCH COMMIT LOGOUT PUSH,7,93.43,327314,0,0,0
sess_01240,user_052,server_01,git,LOGIN PULL LOGOUT READ_FILE PUSH COMMIT,6,76.0,278210,0,0,0
sess_02017,user_063,server_09,git,LOGIN PULL READ_FILE PUSH LOGOUT COMMIT PULL,7,101.29,374982,0,0,0
sess_03252,user_020,server_04,server,LOGIN HTTP_GET HTTP_GET CACHE_READ CACHE_READ LOGOUT DB_READ,7,89.71,306804,0,0,0
sess_00231,user_056,server_08,git,LOGIN CLONE PUSH COMMIT READ_FILE LOGOUT,6,90.17,339275,0,0,0
sess_00347,user_085,server_05,server,LOGIN HTTP_GET CACHE_READ LOGOUT DB_READ CACHE_READ HTTP_GET,7,92.0,270272,0,0,0
sess_04421,user_014,server_09,server,LOGIN HTTP_GET DB_READ CACHE_READ LOGOUT HTTP_GET,6,86.17,290332,0,0,0
sess_02977,user_029,server_09,server,LOGIN HTTP_GET DB_READ LOGOUT HTTP_POST DB_WRITE CACHE_WRITE,7,84.57,304957,0,0,0
sess_01990,user_036,server_01,git,LOGIN PULL READ_FILE COMMIT LOGOUT PUSH PULL,7,87.43,307803,0,0,0
sess_03664,user_087,server_17,server,LOGIN HTTP_GET ERROR_500 ERROR_500 ERROR_500 DB_WRITE,6,394.5,363579,3,0,1
sess_01037,user_041,server_15,git,LOGIN PULL LOGOUT COMMIT READ_FILE PUSH,6,90.33,310316,0,0,0
sess_04140,user_039,server_20,server,LOGIN HTTP_GET DB_READ LOGOUT DB_WRITE HTTP_POST,6,82.5,327159,0,0,0
sess_02938,user_007,server_13,server,LOGIN DB_WRITE HTTP_GET DB_READ HTTP_POST LOGOUT,6,80.83,255863,0,0,0
sess_03403,user_006,server_07,git,LOGIN PULL READ_FILE COMMIT PUSH LOGOUT,6,102.0,243331,0,0,0
sess_04010,user_069,server_09,server,LOGIN HTTP_GET ERROR_500 ERROR_500 ERROR_500 DB_WRITE,6,392.0,351663,3,0,1
sess_01453,user_009,server_10,server,LOGIN HTTP_GET HTTP_POST CACHE_WRITE DB_READ DB_WRITE LOGOUT,7,93.0,359079,0,0,0
sess_00615,user_083,server_20,git,LOGIN READ_FILE PUSH CLONE READ_FILE COMMIT LOGOUT,7,89.57,353720,0,0,0
sess_01001,user_009,server_12,server,LOGIN HTTP_GET CACHE_READ DB_READ HTTP_GET LOGOUT CACHE_READ,7,95.29,400798,0,0,0
sess_04435,user_040,server_07,server,LOGIN FILE_DOWNLOAD FILE_DOWNLOAD FILE_DOWNLOAD HTTP_DELETE,5,85.6,15125104,0,0,1
sess_01827,user_080,server_10,git,LOGIN READ_FILE PULL COMMIT PUSH LOGOUT,6,81.67,286628,0,0,0
sess_01110,user_023,server_16,server,LOGIN HTTP_GET HTTP_POST LOGOUT DB_READ CACHE_READ DB_WRITE CACHE_WRITE,8,82.38,442415,0,0,0
sess_02370,user_033,server_14,git,LOGIN READ_FILE PULL COMMIT LOGOUT PUSH,6,95.67,349585,0,0,0
sess_02739,user_055,server_07,git,LOGIN READ_FILE PULL PULL LOGOUT COMMIT PUSH,7,113.0,388101,0,0,0
sess_00300,user_042,server_06,server,LOGIN FILE_DOWNLOAD FILE_DOWNLOAD HTTP_DELETE FILE_DOWNLOAD,5,97.4,14986656,0,0,1
sess_00184,user_056,server_01,server,LOGIN HTTP_GET HTTP_GET CACHE_READ DB_READ LOGOUT,6,99.67,293276,0,0,0
sess_03269,user_017,server_05,git,LOGIN CREATE_BRANCH PULL READ_FILE PUSH COMMIT LOGOUT,7,95.43,296434,0,0,0
sess_02138,user_031,server_19,git,LOGIN COMMIT PULL READ_FILE READ_FILE CREATE_BRANCH PUSH LOGOUT,8,90.88,402882,0,0,0
sess_01585,user_014,server_20,server,LOGIN HTTP_GET DB_READ DB_WRITE HTTP_POST CACHE_WRITE LOGOUT,7,102.0,403791,0,0,0
sess_02995,user_079,server_11,git,LOGIN PULL PULL COMMIT READ_FILE PUSH READ_FILE LOGOUT,8,83.38,420837,0,0,0
sess_00392,user_035,server_17,server,LOGIN DB_READ HTTP_GET DB_WRITE LOGOUT HTTP_POST,6,78.67,321152,0,0,0
sess_03030,user_007,server_09,server,LOGIN DB_READ HTTP_GET LOGOUT HTTP_GET CACHE_READ,6,76.0,278195,0,0,0
sess_03440,user_035,server_10,server,LOGIN FILE_DOWNLOAD HTTP_DELETE FILE_DOWNLOAD FILE_DOWNLOAD,5,100.0,14727716,0,0,1
sess_00093,user_027,server_06,git,LOGIN CLONE READ_FILE PUSH COMMIT LOGOUT,6,82.0,301578,0,0,0
sess_00472,user_027,server_09,server,LOGIN HTTP_GET HTTP_GET HTTP_GET HTTP_GET ERROR_500 ERROR_500,7,349.29,301666,2,0,1
sess_02055,user_009,server_15,git,LOGIN CLONE COMMIT READ_FILE PUSH LOGOUT,6,87.0,294672,0,0,0
sess_04683,user_030,server_20,server,LOGIN HTTP_GET DB_READ HTTP_GET CACHE_READ LOGOUT,6,78.67,347966,0,0,0
sess_02961,user_081,server_13,server,LOGIN HTTP_GET DB_READ HTTP_POST DB_WRITE CACHE_WRITE LOGOUT,7,87.86,352572,0,0,0
sess_01757,user_021,server_10,git,LOGIN PULL PUSH READ_FILE COMMIT READ_FILE LOGOUT,7,103.57,365116,0,0,0
sess_00583,user_005,server_07,server,LOGIN HTTP_GET DB_READ CACHE_READ HTTP_GET LOGOUT,6,71.67,344492,0,0,0
sess_03683,user_017,server_18,server,LOGIN HTTP_GET CACHE_READ HTTP_GET CACHE_READ LOGOUT DB_READ,7,91.0,349777,0,0,0
sess_00144,user_020,server_03,server,LOGIN HTTP_GET DB_READ CACHE_READ CACHE_READ LOGOUT HTTP_GET,7,102.57,380241,0,0,0
sess_02888,user_001,server_20,git,LOGIN PULL READ_FILE LOGOUT COMMIT PULL PUSH,7,87.71,370724,0,0,0
sess_00245,user_049,server_18,server,LOGIN HTTP_GET DB_WRITE DB_READ CACHE_WRITE HTTP_POST LOGOUT,7,112.29,349106,0,0,0
sess_03504,user_038,server_04,server,LOGIN CACHE_READ HTTP_GET HTTP_GET CACHE_READ LOGOUT DB_READ,7,89.29,415832,0,0,0
sess_03954,user_013,server_07,server,LOGIN HTTP_GET HTTP_GET DB_READ LOGOUT CACHE_READ,6,96.67,280515,0,0,0
sess_03850,user_079,server_07,server,LOGIN HTTP_GET DB_READ LOGOUT CACHE_READ DB_WRITE HTTP_POST,7,85.86,386535,0,0,0
sess_04526,user_003,server_05,git,LOGIN PULL COMMIT LOGOUT PULL READ_FILE PUSH READ_FILE,8,100.5,394342,0,0,0
sess_01622,user_009,server_19,git,LOGIN CLONE DOWNLOAD DELETE_REPO DOWNLOAD PUSH,6,78.17,9996750,0,0,1
sess_02466,user_033,server_15,git,LOGIN PULL READ_FILE CREATE_BRANCH READ_FILE COMMIT PUSH LOGOUT,8,76.25,340168,0,0,0
sess_04472,user_037,server_07,git,LOGIN PULL READ_FILE READ_FILE LOGOUT COMMIT PUSH,7,100.71,393028,0,0,0
sess_02061,user_082,server_17,server,LOGIN HTTP_GET DB_WRITE DB_READ HTTP_POST LOGOUT,6,87.0,308578,0,0,0
sess_04952,user_089,server_03,server,LOGIN DB_READ HTTP_GET CACHE_WRITE CACHE_READ HTTP_POST DB_WRITE LOGOUT,8,83.5,374795,0,0,0
sess_03817,user_037,server_06,server,LOGIN DB_READ HTTP_GET HTTP_POST DB_WRITE LOGOUT CACHE_WRITE,7,88.43,362722,0,0,0
sess_03358,user_073,server_09,git,LOGIN PULL READ_FILE CREATE_BRANCH LOGOUT COMMIT READ_FILE PUSH,8,87.25,396690,0,0,0
sess_00759,user_003,server_01,server,LOGIN HTTP_GET DB_READ DB_WRITE HTTP_POST CACHE_WRITE LOGOUT,7,101.43,316135,0,0,0
sess_04037,user_060,server_10,git,LOGIN PULL PUSH COMMIT READ_FILE LOGOUT,6,77.33,315820,0,0,0
sess_04883,user_049,server_09,server,LOGIN DB_READ HTTP_GET CACHE_READ HTTP_GET LOGOUT,6,86.5,267802,0,0,0
sess_00756,user_038,server_11,server,LOGIN CACHE_READ HTTP_GET HTTP_GET CACHE_READ LOGOUT DB_READ,7,96.57,345848,0,0,0
sess_04700,user_070,server_04,git,LOGIN CLONE PUSH DOWNLOAD DOWNLOAD DELETE_REPO,6,72.0,9986659,0,0,1
sess_02410,user_016,server_20,server,LOGIN HTTP_GET HTTP_POST CACHE_READ DB_READ DB_WRITE CACHE_WRITE LOGOUT,8,90.38,377306,0,0,0
sess_01200,user_011,server_12,server,LOGIN DB_READ HTTP_GET HTTP_GET LOGOUT CACHE_READ,6,92.0,355809,0,0,0
sess_00649,user_083,server_12,git,LOGIN CLONE READ_FILE COMMIT PUSH LOGOUT,6,96.5,311271,0,0,0
sess_00289,user_064,server_13,git,LOGIN CLONE COMMIT READ_FILE PUSH LOGOUT,6,93.67,329306,0,0,0
sess_02841,user_087,server_17,git,LOGIN READ_FILE LOGOUT CLONE PUSH READ_FILE COMMIT,7,96.0,366118,0,0,0
sess_00739,user_068,server_05,git,LOGIN PULL READ_FILE COMMIT PUSH LOGOUT,6,94.5,264028,0,0,0
sess_02537,user_075,server_06,git,LOGIN PULL LOGOUT READ_FILE CREATE_BRANCH COMMIT PUSH,7,95.71,311190,0,0,0
sess_01451,user_013,server_15,git,LOGIN PULL COMMIT READ_FILE PUSH LOGOUT,6,83.83,309739,0,0,0
sess_00345,user_042,server_12,git,LOGIN READ_FILE PULL PULL PUSH COMMIT LOGOUT,7,96.86,392717,0,0,0
sess_01650,user_048,server_11,git,LOGIN PULL READ_FILE PUSH COMMIT LOGOUT,6,94.67,272075,0,0,0
sess_01983,user_096,server_16,git,LOGIN PULL READ_FILE COMMIT PUSH LOGOUT PULL,7,87.57,349154,0,0,0
sess_04141,user_076,server_07,server,LOGIN HTTP_GET CACHE_READ DB_READ HTTP_POST DB_WRITE LOGOUT,7,103.0,364599,0,0,0
sess_02311,user_033,server_08,git,LOGIN CLONE READ_FILE COMMIT PUSH LOGOUT,6,101.0,319646,0,0,0
sess_02012,user_048,server_17,git,LOGIN PULL COMMIT READ_FILE LOGOUT PUSH,6,86.83,294127,0,0,0
sess_02020,user_044,server_10,git,LOGIN FAILED_LOGIN FAILED_LOGIN DOWNLOAD DELETE_REPO FAILED_LOGIN,6,108.17,5251329,3,3,1
sess_00878,user_018,server_01,git,LOGIN READ_FILE CLONE COMMIT PUSH LOGOUT,6,99.83,264947,0,0,0
sess_04222,user_096,server_16,git,LOGIN PULL READ_FILE PUSH PULL LOGOUT COMMIT,7,86.86,335808,0,0,0
sess_00458,user_038,server_01,git,LOGIN PULL READ_FILE CREATE_BRANCH COMMIT PUSH LOGOUT,7,86.57,345749,0,0,0
sess_01732,user_083,server_10,git,LOGIN COMMIT PULL READ_FILE PUSH LOGOUT PULL,7,96.0,299796,0,0,0
sess_02766,user_032,server_07,git,LOGIN CREATE_BRANCH PULL READ_FILE COMMIT LOGOUT PUSH,7,82.86,434376,0,0,0
sess_00220,user_047,server_10,server,LOGIN HTTP_GET DB_READ LOGOUT HTTP_POST DB_WRITE,6,82.67,315032,0,0,0
sess_01283,user_015,server_01,git,LOGIN READ_FILE CLONE PUSH COMMIT LOGOUT,6,108.83,309542,0,0,0
sess_03226,user_082,server_03,git,LOGIN FAILED_LOGIN FAILED_LOGIN FAILED_LOGIN DOWNLOAD DELETE_REPO,6,100.67,5188637,3,3,1
sess_02515,user_045,server_10,git,LOGIN PULL PULL READ_FILE COMMIT PUSH LOGOUT,7,83.57,332259,0,0,0
sess_04333,user_051,server_16,git,LOGIN PULL READ_FILE COMMIT PULL PUSH LOGOUT,7,90.14,365911,0,0,0
sess_01169,user_033,server_06,server,LOGIN HTTP_GET HTTP_POST DB_READ LOGOUT DB_WRITE,6,85.17,329778,0,0,0
sess_01718,user_091,server_14,server,LOGIN HTTP_GET CACHE_READ DB_READ HTTP_GET LOGOUT,6,78.0,305006,0,0,0
sess_02644,user_094,server_18,git,LOGIN PULL READ_FILE READ_FILE PUSH CREATE_BRANCH COMMIT LOGOUT,8,105.62,376284,0,0,0
sess_02104,user_030,server_02,server,LOGIN HTTP_GET DB_READ DB_WRITE CACHE_WRITE LOGOUT HTTP_POST,7,82.14,306613,0,0,0
sess_02113,user_019,server_06,git,LOGIN COMMIT PULL READ_FILE LOGOUT PUSH PULL,7,98.43,342665,0,0,0
sess_03016,user_074,server_20,server,LOGIN DB_READ HTTP_GET CACHE_WRITE LOGOUT DB_WRITE HTTP_POST,7,85.14,334549,0,0,0
sess_02904,user_052,server_15,server,LOGIN FILE_DOWNLOAD FILE_DOWNLOAD FILE_DOWNLOAD HTTP_DELETE,5,107.2,15195204,0,0,1
sess_02489,user_042,server_03,git,LOGIN COMMIT READ_FILE CLONE PUSH LOGOUT,6,88.0,258772,0,0,0
sess_03709,user_075,server_04,git,LOGIN CLONE COMMIT PUSH READ_FILE LOGOUT,6,99.67,278565,0,0,0
sess_01243,user_066,server_02,git,LOGIN READ_FILE CLONE COMMIT READ_FILE LOGOUT PUSH,7,112.57,332086,0,0,0
sess_02746,user_047,server_04,git,LOGIN COMMIT READ_FILE PULL PUSH PULL LOGOUT,7,83.29,348833,0,0,0
sess_04230,user_050,server_15,server,LOGIN DB_READ HTTP_GET LOGOUT HTTP_POST DB_WRITE CACHE_WRITE,7,78.57,354434,0,0,0
sess_00170,user_069,server_17,server,LOGIN HTTP_GET CACHE_WRITE DB_READ HTTP_POST LOGOUT DB_WRITE,7,93.86,335680,0,0,0
sess_04933,user_046,server_05,git,LOGIN READ_FILE PULL COMMIT LOGOUT PUSH PULL,7,78.43,314598,0,0,0
sess_00864,user_068,server_03,git,LOGIN PULL READ_FILE COMMIT CREATE_BRANCH LOGOUT PUSH,7,72.86,364274,0,0,0
sess_01613,user_038,server_08,server,LOGIN HTTP_GET DB_READ HTTP_GET CACHE_READ CACHE_READ LOGOUT,7,82.43,379960,0,0,0
sess_00772,user_020,server_02,server,LOGIN HTTP_GET DB_READ HTTP_POST DB_WRITE CACHE_WRITE LOGOUT,7,89.14,331758,0,0,0
sess_03335,user_044,server_19,git,LOGIN PULL READ_FILE COMMIT PULL LOGOUT PUSH,7,95.0,351912,0,0,0
sess_03524,user_052,server_07,server,LOGIN HTTP_GET CACHE_READ LOGOUT HTTP_GET DB_READ,6,80.33,323806,0,0,0
sess_00947,user_001,server_14,server,LOGIN HTTP_GET CACHE_READ DB_READ HTTP_GET LOGOUT,6,100.5,324489,0,0,0
sess_03714,user_085,server_09,git,LOGIN READ_FILE PULL READ_FILE PUSH CREATE_BRANCH COMMIT LOGOUT,8,88.75,345958,0,0,0
sess_03106,user_080,server_12,server,LOGIN FILE_DOWNLOAD FILE_DOWNLOAD FILE_DOWNLOAD HTTP_DELETE,5,95.2,14923478,0,0,1
sess_03868,user_022,server_17,server,LOGIN DB_READ HTTP_GET CACHE_READ HTTP_GET LOGOUT,6,100.33,279237,0,0,0
sess_01328,user_094,server_13,git,LOGIN PULL READ_FILE LOGOUT COMMIT PUSH,6,85.67,303176,0,0,0
sess_03399,user_029,server_14,server,LOGIN HTTP_GET CACHE_READ DB_WRITE DB_READ HTTP_POST LOGOUT,7,97.29,368662,0,0,0
sess_04554,user_097,server_12,server,LOGIN CACHE_READ HTTP_GET LOGOUT HTTP_GET DB_READ,6,76.67,249464,0,0,0
sess_04994,user_076,server_07,git,LOGIN COMMIT READ_FILE PULL PULL PUSH LOGOUT,7,92.71,310370,0,0,0
sess_00863,user_076,server_12,git,LOGIN FAILED_LOGIN FAILED_LOGIN FAILED_LOGIN DOWNLOAD DELETE_REPO,6,101.0,5235282,3,3,1
sess_00199,user_073,server_11,server,LOGIN HTTP_GET DB_READ HTTP_POST DB_WRITE CACHE_WRITE CACHE_READ LOGOUT,8,87.38,393396,0,0,0
sess_03979,user_082,server_11,git,LOGIN DELETE_REPO CREATE_BRANCH DOWNLOAD DOWNLOAD,5,85.4,10163539,0,0,1
sess_01319,user_025,server_02,git,LOGIN COMMIT CLONE LOGOUT READ_FILE READ_FILE PUSH,7,75.0,343507,0,0,0
sess_01083,user_037,server_09,server,LOGIN HTTP_GET LOGOUT DB_READ HTTP_POST DB_WRITE,6,90.5,291201,0,0,0
sess_04874,user_079,server_01,git,LOGIN PULL READ_FILE CREATE_BRANCH COMMIT PUSH LOGOUT,7,93.14,406917,0,0,0
sess_00206,user_010,server_16,server,LOGIN HTTP_GET HTTP_GET DB_READ CACHE_READ LOGOUT,6,101.67,249830,0,0,0
sess_02564,user_059,server_19,server,LOGIN HTTP_GET HTTP_GET ERROR_500 HTTP_GET HTTP_GET ERROR_500,7,238.43,366730,2,0,1
sess_03560,user_015,server_18,server,LOGIN HTTP_GET DB_READ HTTP_GET LOGOUT CACHE_READ,6,101.83,290821,0,0,0
sess_03849,user_032,server_14,server,LOGIN HTTP_GET DB_READ LOGOUT DB_WRITE HTTP_POST,6,87.17,290428,0,0,0
sess_01192,user_092,server_12,server,LOGIN CACHE_READ CACHE_READ HTTP_GET HTTP_GET LOGOUT DB_READ,7,89.86,354869,0,0,0
sess_00063,user_094,server_05,git,LOGIN CLONE READ_FILE PUSH READ_FILE LOGOUT COMMIT,7,105.86,341767,0,0,0
sess_00140,user_019,server_09,server,LOGIN DB_WRITE HTTP_GET DB_READ LOGOUT HTTP_POST,6,95.17,339998,0,0,0
sess_00082,user_064,server_09,server,LOGIN CACHE_READ HTTP_GET HTTP_GET DB_READ LOGOUT,6,79.67,284313,0,0,0
sess_03329,user_026,server_18,server,LOGIN DB_READ HTTP_GET CACHE_READ LOGOUT HTTP_POST CACHE_WRITE DB_WRITE,8,103.38,404097,0,0,0
sess_01094,user_088,server_15,server,LOGIN HTTP_GET HTTP_GET DB_READ CACHE_READ LOGOUT,6,93.33,312226,0,0,0
sess_00976,user_041,server_08,git,LOGIN PULL READ_FILE READ_FILE LOGOUT COMMIT PUSH,7,89.0,366464,0,0,0
sess_01332,user_079,server_15,git,LOGIN PULL READ_FILE COMMIT PUSH LOGOUT,6,88.0,269947,0,0,0
sess_04182,user_063,server_02,server,LOGIN HTTP_GET DB_READ DB_WRITE LOGOUT HTTP_POST,6,74.83,295799,0,0,0
sess_03309,user_075,server_10,git,LOGIN READ_FILE PULL PULL COMMIT PUSH LOGOUT,7,94.29,337674,0,0,0
sess_04997,user_046,server_15,git,LOGIN READ_FILE CLONE READ_FILE COMMIT PUSH LOGOUT,7,97.57,345193,0,0,0
sess_03359,user_036,server_06,git,LOGIN CLONE DELETE_REPO DOWNLOAD DOWNLOAD PUSH,6,83.0,10173481,0,0,1
sess_01549,user_074,server_07,server,LOGIN HTTP_GET CACHE_READ DB_READ HTTP_GET LOGOUT,6,74.67,263832,0,0,0
sess_03661,user_077,server_09,git,LOGIN PULL CREATE_BRANCH READ_FILE COMMIT LOGOUT PUSH,7,65.14,351168,0,0,0
sess_02125,user_006,server_11,git,LOGIN READ_FILE CREATE_BRANCH PULL COMMIT READ_FILE LOGOUT PUSH,8,84.0,389460,0,0,0
sess_03834,user_015,server_11,git,LOGIN CLONE PUSH LOGOUT READ_FILE COMMIT,6,95.67,252929,0,0,0
sess_04839,user_045,server_19,git,LOGIN PULL READ_FILE COMMIT PULL PUSH LOGOUT,7,102.14,385936,0,0,0
sess_03909,user_098,server_15,git,LOGIN READ_FILE PULL CREATE_BRANCH COMMIT PUSH LOGOUT,7,93.57,333228,0,0,0
sess_03962,user_006,server_19,git,LOGIN CLONE READ_FILE COMMIT PUSH LOGOUT,6,93.67,326608,0,0,0
sess_02858,user_073,server_01,server,LOGIN HTTP_GET CACHE_READ HTTP_GET DB_READ LOGOUT,6,91.17,301127,0,0,0
sess_02789,user_003,server_19,git,LOGIN PULL LOGOUT COMMIT READ_FILE PUSH,6,88.67,343607,0,0,0
sess_03426,user_056,server_13,git,LOGIN READ_FILE READ_FILE COMMIT CLONE PUSH LOGOUT,7,90.0,362217,0,0,0
sess_00298,user_039,server_03,git,LOGIN LOGOUT PULL READ_FILE COMMIT READ_FILE PUSH,7,94.43,313699,0,0,0
sess_01069,user_053,server_09,git,LOGIN PULL PUSH READ_FILE LOGOUT COMMIT PULL READ_FILE,8,99.0,464943,0,0,0
sess_02313,user_021,server_10,git,LOGIN PULL READ_FILE COMMIT LOGOUT PUSH,6,92.5,341862,0,0,0
sess_03704,user_048,server_03,git,LOGIN READ_FILE PULL PUSH COMMIT LOGOUT,6,94.17,307886,0,0,0
sess_01480,user_077,server_05,git,LOGIN PULL PULL COMMIT READ_FILE PUSH LOGOUT,7,86.0,336440,0,0,0
sess_02981,user_001,server_06,server,LOGIN HTTP_GET HTTP_GET CACHE_READ DB_READ LOGOUT,6,78.0,304075,0,0,0
sess_02144,user_088,server_14,git,LOGIN PULL LOGOUT COMMIT PUSH READ_FILE,6,76.5,327153,0,0,0
sess_04376,user_089,server_13,git,LOGIN PULL PULL READ_FILE PUSH COMMIT LOGOUT,7,103.29,320287,0,0,0
sess_01297,user_075,server_14,server,LOGIN HTTP_GET CACHE_READ CACHE_READ DB_READ LOGOUT HTTP_GET,7,107.14,269525,0,0,0
sess_02072,user_064,server_11,git,LOGIN CLONE PUSH READ_FILE COMMIT LOGOUT,6,78.0,345385,0,0,0
sess_04321,user_041,server_20,server,LOGIN CACHE_READ CACHE_READ HTTP_GET DB_READ HTTP_GET LOGOUT,7,89.57,294207,0,0,0
sess_04065,user_082,server_08,git,LOGIN PULL LOGOUT COMMIT PUSH READ_FILE,6,93.0,274077,0,0,0
sess_00155,user_086,server_11,server,LOGIN HTTP_GET ERROR_500 ERROR_500 ERROR_500 DB_WRITE,6,470.5,320624,3,0,1
sess_01738,user_010,server_12,server,LOGIN AUTH_FAILURE AUTH_FAILURE AUTH_FAILURE ERROR_500 HTTP_DELETE,6,267.67,292269,4,3,1
sess_00246,user_019,server_09,git,LOGIN DOWNLOAD DOWNLOAD DOWNLOAD DELETE_REPO,5,85.8,15153354,0,0,1
sess_01078,user_074,server_12,server,LOGIN CACHE_READ HTTP_GET CACHE_READ DB_READ HTTP_GET LOGOUT,7,97.14,358524,0,0,0
sess_03794,user_035,server_17,git,LOGIN PULL COMMIT READ_FILE PUSH LOGOUT,6,68.0,282852,0,0,0
sess_02347,user_031,server_13,server,LOGIN DB_READ HTTP_GET CACHE_READ HTTP_GET LOGOUT,6,87.67,318556,0,0,0
sess_04517,user_079,server_18,git,LOGIN PULL PUSH READ_FILE CREATE_BRANCH COMMIT LOGOUT,7,69.86,398475,0,0,0
sess_00527,user_039,server_07,server,LOGIN HTTP_GET HTTP_GET CACHE_READ DB_READ LOGOUT,6,75.17,273548,0,0,0
sess_04987,user_002,server_20,server,LOGIN HTTP_GET DB_WRITE CACHE_WRITE HTTP_POST DB_READ LOGOUT,7,68.0,345507,0,0,0
sess_03268,user_008,server_18,server,LOGIN HTTP_GET HTTP_GET LOGOUT CACHE_READ DB_READ,6,91.0,273401,0,0,0
sess_01546,user_089,server_09,server,LOGIN CACHE_READ HTTP_GET DB_READ LOGOUT HTTP_GET,6,77.67,288388,0,0,0
sess_03734,user_028,server_05,git,LOGIN PULL READ_FILE CREATE_BRANCH COMMIT LOGOUT READ_FILE PUSH,8,85.88,389099,0,0,0
sess_03290,user_022,server_04,server,LOGIN HTTP_GET CACHE_READ HTTP_GET CACHE_READ DB_READ LOGOUT,7,100.86,357987,0,0,0
sess_01304,user_092,server_19,server,LOGIN DB_READ HTTP_GET HTTP_POST DB_WRITE CACHE_READ LOGOUT,7,96.86,362179,0,0,0
sess_04273,user_015,server_18,server,LOGIN HTTP_POST HTTP_GET DB_READ DB_WRITE LOGOUT,6,87.83,310090,0,0,0
sess_03879,user_050,server_14,git,LOGIN COMMIT CLONE READ_FILE PUSH LOGOUT,6,85.33,292819,0,0,0
sess_00351,user_074,server_16,git,LOGIN PULL READ_FILE LOGOUT COMMIT CREATE_BRANCH PUSH,7,78.14,345357,0,0,0
sess_04981,user_077,server_10,git,LOGIN PULL LOGOUT READ_FILE COMMIT CREATE_BRANCH PUSH,7,81.57,394377,0,0,0
sess_04470,user_009,server_15,server,LOGIN HTTP_GET CACHE_READ DB_READ DB_WRITE HTTP_POST CACHE_WRITE LOGOUT,8,96.75,388265,0,0,0
sess_01241,user_012,server_16,git,LOGIN READ_FILE PULL CREATE_BRANCH COMMIT PUSH LOGOUT,7,101.29,367042,0,0,0
sess_01366,user_084,server_18,server,LOGIN DB_READ HTTP_GET LOGOUT HTTP_GET CACHE_READ,6,86.17,315381,0,0,0
sess_00238,user_076,server_06,git,LOGIN READ_FILE READ_FILE COMMIT PULL PUSH LOGOUT,7,92.0,383685,0,0,0
sess_03516,user_061,server_01,server,LOGIN DB_READ HTTP_GET HTTP_GET LOGOUT CACHE_READ,6,85.67,317752,0,0,0
sess_01979,user_071,server_19,git,LOGIN READ_FILE PULL PUSH COMMIT PULL LOGOUT,7,90.71,319539,0,0,0
sess_02257,user_073,server_02,server,LOGIN CACHE_READ HTTP_GET DB_READ DB_WRITE HTTP_POST LOGOUT,7,100.29,371749,0,0,0
sess_04401,user_070,server_01,server,LOGIN HTTP_GET CACHE_READ HTTP_POST DB_WRITE DB_READ LOGOUT CACHE_WRITE,8,85.25,385938,0,0,0
sess_01358,user_003,server_05,server,LOGIN DB_READ HTTP_GET HTTP_GET CACHE_READ LOGOUT,6,86.33,264167,0,0,0
sess_02631,user_026,server_03,git,LOGIN DELETE_REPO DOWNLOAD DOWNLOAD DOWNLOAD,5,96.6,15063096,0,0,1
sess_04897,user_080,server_14,git,LOGIN PULL COMMIT READ_FILE PUSH LOGOUT,6,73.0,279640,0,0,0
sess_04548,user_059,server_13,git,LOGIN READ_FILE PULL CREATE_BRANCH LOGOUT PUSH COMMIT,7,82.71,395855,0,0,0
sess_04362,user_085,server_12,server,LOGIN LOGOUT HTTP_GET DB_READ HTTP_GET CACHE_READ,6,93.33,261800,0,0,0
sess_04267,user_086,server_02,server,LOGIN HTTP_GET LOGOUT HTTP_GET CACHE_READ DB_READ CACHE_READ,7,84.57,367602,0,0,0
sess_00028,user_063,server_16,server,LOGIN HTTP_GET LOGOUT DB_READ CACHE_READ HTTP_POST CACHE_WRITE DB_WRITE,8,82.75,391485,0,0,0
sess_03698,user_032,server_11,server,LOGIN HTTP_GET CACHE_READ LOGOUT DB_READ HTTP_GET,6,94.5,277346,0,0,0
sess_03989,user_003,server_13,server,LOGIN HTTP_GET HTTP_GET CACHE_READ DB_READ LOGOUT,6,116.17,271055,0,0,0
sess_01351,user_073,server_09,server,LOGIN HTTP_GET LOGOUT HTTP_POST DB_READ DB_WRITE,6,81.67,358922,0,0,0
sess_00412,user_055,server_17,server,LOGIN LOGOUT HTTP_GET DB_READ CACHE_READ HTTP_GET,6,80.33,329308,0,0,0
sess_03270,user_040,server_01,server,LOGIN DB_WRITE DB_READ HTTP_GET HTTP_POST LOGOUT,6,99.33,273155,0,0,0
sess_02339,user_091,server_19,server,LOGIN HTTP_GET CACHE_READ DB_READ HTTP_GET LOGOUT,6,85.5,260344,0,0,0
sess_00547,user_014,server_18,git,LOGIN PULL CREATE_BRANCH COMMIT READ_FILE PUSH LOGOUT READ_FILE,8,84.0,366460,0,0,0
sess_02586,user_026,server_09,server,LOGIN HTTP_GET DB_READ HTTP_POST DB_WRITE LOGOUT,6,70.17,319612,0,0,0
sess_04899,user_031,server_17,git,LOGIN PULL READ_FILE LOGOUT READ_FILE COMMIT CREATE_BRANCH PUSH,8,77.12,393938,0,0,0
sess_01474,user_014,server_04,git,LOGIN COMMIT PULL LOGOUT READ_FILE READ_FILE PULL PUSH,8,79.62,432235,0,0,0
sess_00801,user_064,server_06,git,LOGIN PULL COMMIT READ_FILE LOGOUT PULL PUSH,7,86.57,341271,0,0,0
sess_01287,user_011,server_05,server,LOGIN AUTH_FAILURE AUTH_FAILURE HTTP_DELETE AUTH_FAILURE ERROR_500,6,213.0,303784,4,3,1
sess_00096,user_072,server_14,git,LOGIN CLONE COMMIT READ_FILE PUSH LOGOUT,6,99.0,351219,0,0,0
sess_02405,user_063,server_20,server,LOGIN AUTH_FAILURE AUTH_FAILURE AUTH_FAILURE HTTP_DELETE ERROR_500,6,182.83,270053,4,3,1
sess_01967,user_091,server_20,git,LOGIN PULL READ_FILE CREATE_BRANCH LOGOUT PUSH READ_FILE COMMIT,8,97.12,414568,0,0,0
sess_03387,user_091,server_03,server,LOGIN HTTP_GET CACHE_READ LOGOUT CACHE_READ HTTP_GET DB_READ,7,85.43,304007,0,0,0
sess_03109,user_011,server_06,server,LOGIN HTTP_GET CACHE_READ DB_READ CACHE_READ HTTP_GET LOGOUT,7,90.57,386718,0,0,0
sess_01333,user_025,server_17,server,LOGIN HTTP_GET HTTP_GET DB_READ LOGOUT CACHE_READ,6,106.0,322479,0,0,0
sess_03046,user_061,server_05,server,LOGIN DB_READ HTTP_GET DB_WRITE HTTP_POST LOGOUT,6,78.67,282110,0,0,0
sess_03974,user_015,server_12,server,LOGIN HTTP_GET HTTP_GET CACHE_READ DB_READ LOGOUT CACHE_READ,7,81.29,334341,0,0,0
sess_03141,user_073,server_14,git,LOGIN FAILED_LOGIN FAILED_LOGIN FAILED_LOGIN DELETE_REPO DOWNLOAD,6,115.67,5162281,3,3,1
sess_03492,user_089,server_04,git,LOGIN CLONE READ_FILE COMMIT PUSH LOGOUT,6,81.67,251680,0,0,0
sess_04200,user_054,server_15,git,LOGIN PULL READ_FILE COMMIT LOGOUT PUSH,6,83.83,282894,0,0,0
sess_04837,user_006,server_03,server,LOGIN HTTP_GET DB_READ HTTP_GET CACHE_READ LOGOUT,6,73.5,289872,0,0,0
sess_04942,user_042,server_03,git,LOGIN PULL READ_FILE COMMIT PUSH LOGOUT,6,88.33,279535,0,0,0
sess_00054,user_074,server_15,server,LOGIN HTTP_GET CACHE_READ DB_READ HTTP_POST DB_WRITE LOGOUT,7,93.57,371140,0,0,0
sess_04092,user_003,server_19,server,LOGIN HTTP_GET DB_READ LOGOUT CACHE_WRITE HTTP_POST DB_WRITE,7,100.43,351349,0,0,0
sess_03961,user_012,server_08,server,LOGIN HTTP_GET HTTP_GET DB_READ CACHE_READ LOGOUT,6,89.33,285174,0,0,0
sess_02530,user_060,server_09,server,LOGIN HTTP_GET DB_WRITE DB_READ HTTP_POST LOGOUT,6,63.67,283736,0,0,0
sess_02303,user_090,server_03,git,LOGIN COMMIT PULL PULL READ_FILE PUSH LOGOUT,7,97.71,319922,0,0,0
sess_03858,user_084,server_19,server,LOGIN HTTP_GET ERROR_500 HTTP_GET HTTP_GET HTTP_GET ERROR_500,7,235.29,333939,2,0,1
sess_04667,user_019,server_03,server,LOGIN HTTP_GET CACHE_READ DB_READ HTTP_GET CACHE_READ LOGOUT,7,100.43,341835,0,0,0
sess_00007,user_042,server_10,server,LOGIN HTTP_GET HTTP_GET ERROR_500 HTTP_GET HTTP_GET ERROR_500,7,246.0,348813,2,0,1
sess_04191,user_041,server_16,git,LOGIN READ_FILE CLONE COMMIT PUSH LOGOUT,6,85.0,264684,0,0,0
sess_01190,user_036,server_10,git,LOGIN COMMIT READ_FILE CLONE READ_FILE PUSH LOGOUT,7,115.43,344046,0,0,0
sess_02331,user_050,server_16,server,LOGIN CACHE_READ HTTP_GET LOGOUT HTTP_GET DB_READ,6,80.83,357621,0,0,0
sess_01880,user_024,server_16,git,LOGIN COMMIT READ_FILE PULL PULL PUSH LOGOUT,7,101.29,345467,0,0,0
sess_03140,user_044,server_15,server,LOGIN HTTP_GET DB_WRITE DB_READ HTTP_POST LOGOUT,6,96.0,292539,0,0,0
sess_00698,user_023,server_01,git,LOGIN PULL READ_FILE PUSH CREATE_BRANCH COMMIT LOGOUT,7,90.14,371009,0,0,0
sess_03875,user_017,server_10,server,LOGIN HTTP_GET HTTP_GET DB_READ CACHE_READ LOGOUT,6,108.83,312124,0,0,0
sess_04739,user_071,server_03,server,LOGIN HTTP_GET HTTP_GET CACHE_READ DB_READ LOGOUT,6,83.17,268600,0,0,0
sess_02097,user_087,server_06,server,LOGIN HTTP_GET CACHE_READ DB_WRITE HTTP_POST DB_READ LOGOUT CACHE_WRITE,8,96.5,442527,0,0,0
sess_00479,user_027,server_16,git,LOGIN READ_FILE CLONE LOGOUT PUSH COMMIT,6,67.67,272016,0,0,0
sess_02853,user_013,server_17,server,LOGIN HTTP_GET HTTP_GET HTTP_GET ERROR_500 HTTP_GET ERROR_500,7,226.71,296983,2,0,1
sess_00453,user_057,server_05,server,LOGIN HTTP_GET LOGOUT DB_READ HTTP_GET CACHE_READ,6,79.33,316467,0,0,0
sess_00165,user_023,server_17,git,LOGIN COMMIT CLONE READ_FILE PUSH READ_FILE LOGOUT,7,86.0,329416,0,0,0
sess_02932,user_071,server_01,git,LOGIN CLONE READ_FILE LOGOUT COMMIT PUSH,6,91.33,256916,0,0,0
sess_03650,user_001,server_19,server,LOGIN LOGOUT DB_READ HTTP_GET HTTP_POST DB_WRITE,6,105.5,283199,0,0,0
sess_04579,user_087,server_19,server,LOGIN HTTP_GET DB_READ LOGOUT HTTP_POST DB_WRITE CACHE_WRITE,7,101.86,380108,0,0,0
sess_04236,user_051,server_14,server,LOGIN DB_READ HTTP_GET LOGOUT DB_WRITE HTTP_POST,6,109.33,363755,0,0,0
sess_02808,user_001,server_16,git,LOGIN PULL READ_FILE PUSH LOGOUT READ_FILE PULL COMMIT,8,97.38,372103,0,0,0
sess_03527,user_004,server_18,server,LOGIN DB_READ HTTP_GET HTTP_GET LOGOUT CACHE_READ,6,95.67,260472,0,0,0
sess_00106,user_073,server_05,server,LOGIN HTTP_GET DB_READ LOGOUT HTTP_GET CACHE_READ,6,92.5,255272,0,0,0
sess_00123,user_058,server_10,git,LOGIN COMMIT PULL LOGOUT READ_FILE PUSH,6,82.33,338210,0,0,0
sess_03506,user_013,server_20,git,LOGIN READ_FILE PULL COMMIT LOGOUT PUSH,6,98.17,309687,0,0,0
sess_00293,user_029,server_15,server,LOGIN HTTP_GET LOGOUT HTTP_GET CACHE_READ DB_READ,6,100.0,232273,0,0,0
sess_02509,user_099,server_18,server,LOGIN HTTP_GET DB_WRITE DB_READ LOGOUT HTTP_POST CACHE_WRITE,7,100.43,369411,0,0,0
sess_02028,user_029,server_08,server,LOGIN HTTP_GET CACHE_READ DB_READ LOGOUT HTTP_GET,6,76.17,250248,0,0,0
sess_01704,user_001,server_17,server,LOGIN HTTP_GET DB_WRITE LOGOUT DB_READ HTTP_POST,6,82.67,273184,0,0,0
sess_04827,user_087,server_13,server,LOGIN HTTP_GET HTTP_GET DB_READ CACHE_READ LOGOUT,6,81.17,392714,0,0,0
sess_04625,user_076,server_17,git,LOGIN CLONE PUSH COMMIT READ_FILE LOGOUT,6,105.17,289919,0,0,0
sess_03428,user_081,server_02,server,LOGIN DB_READ HTTP_GET CACHE_READ HTTP_GET LOGOUT,6,91.5,345839,0,0,0
sess_03649,user_057,server_09,git,LOGIN CREATE_BRANCH PULL READ_FILE LOGOUT PUSH COMMIT,7,89.29,319637,0,0,0
sess_04366,user_091,server_02,git,LOGIN PULL READ_FILE LOGOUT COMMIT PUSH,6,89.33,251946,0,0,0
sess_04970,user_084,server_18,server,LOGIN HTTP_GET DB_WRITE LOGOUT DB_READ HTTP_POST CACHE_WRITE,7,93.0,353046,0,0,0
sess_04349,user_064,server_15,server,LOGIN HTTP_GET LOGOUT DB_READ HTTP_GET CACHE_READ,6,83.33,293408,0,0,0
sess_00404,user_091,server_15,server,LOGIN HTTP_GET HTTP_POST LOGOUT DB_READ DB_WRITE,6,96.0,339448,0,0,0
sess_02988,user_066,server_20,git,LOGIN PULL READ_FILE COMMIT PUSH LOGOUT PULL,7,82.71,301556,0,0,0
sess_02442,user_038,server_17,git,LOGIN CLONE LOGOUT READ_FILE COMMIT PUSH,6,105.5,280514,0,0,0
sess_04559,user_080,server_08,git,LOGIN PULL LOGOUT READ_FILE CREATE_BRANCH COMMIT PUSH,7,86.14,296013,0,0,0
sess_02095,user_066,server_18,server,LOGIN HTTP_POST HTTP_GET DB_READ DB_WRITE LOGOUT,6,105.17,351502,0,0,0
sess_01179,user_030,server_01,git,LOGIN CREATE_BRANCH DOWNLOAD DOWNLOAD DELETE_REPO,5,92.8,10169967,0,0,1
sess_03549,user_038,server_03,server,LOGIN HTTP_GET HTTP_GET HTTP_GET ERROR_500 HTTP_GET ERROR_500,7,258.86,337730,2,0,1
sess_00978,user_055,server_03,git,LOGIN CREATE_BRANCH DELETE_REPO DOWNLOAD DOWNLOAD,5,94.2,10147428,0,0,1
sess_02674,user_051,server_11,server,LOGIN HTTP_GET DB_READ CACHE_READ DB_WRITE HTTP_POST LOGOUT,7,102.57,321493,0,0,0
sess_02453,user_056,server_16,git,LOGIN READ_FILE CLONE COMMIT PUSH LOGOUT,6,81.33,305983,0,0,0
sess_03129,user_069,server_16,server,LOGIN HTTP_GET DB_READ LOGOUT HTTP_POST DB_WRITE,6,91.0,335611,0,0,0
sess_03956,user_039,server_15,server,LOGIN HTTP_GET HTTP_GET LOGOUT DB_READ CACHE_READ,6,96.67,278942,0,0,0
sess_02052,user_051,server_19,server,LOGIN HTTP_GET HTTP_GET DB_READ LOGOUT CACHE_READ,6,85.67,330945,0,0,0
sess_04813,user_083,server_18,server,LOGIN DB_READ HTTP_GET HTTP_POST CACHE_READ DB_WRITE CACHE_WRITE LOGOUT,8,75.5,394613,0,0,0
sess_02137,user_026,server_13,git,LOGIN PULL READ_FILE LOGOUT PUSH COMMIT,6,88.67,334505,0,0,0
sess_04569,user_051,server_12,git,LOGIN CLONE DOWNLOAD DELETE_REPO DOWNLOAD PUSH,6,101.67,10211794,0,0,1
sess_00268,user_020,server_03,git,LOGIN PULL READ_FILE CREATE_BRANCH READ_FILE PUSH COMMIT LOGOUT,8,106.0,353451,0,0,0
sess_00352,user_068,server_06,git,LOGIN PULL CREATE_BRANCH READ_FILE LOGOUT COMMIT READ_FILE PUSH,8,72.75,421102,0,0,0
sess_01057,user_084,server_20,git,LOGIN READ_FILE COMMIT PULL PULL PUSH LOGOUT,7,100.0,344113,0,0,0
sess_00425,user_018,server_01,server,LOGIN CACHE_READ HTTP_GET HTTP_GET DB_READ LOGOUT,6,107.0,308990,0,0,0
sess_04885,user_052,server_17,git,LOGIN LOGOUT PULL READ_FILE COMMIT PUSH,6,90.33,284776,0,0,0
sess_00378,user_041,server_15,git,LOGIN FAILED_LOGIN FAILED_LOGIN FAILED_LOGIN DOWNLOAD DELETE_REPO,6,89.0,5227371,3,3,1
sess_02604,user_099,server_06,server,LOGIN HTTP_GET LOGOUT DB_WRITE DB_READ CACHE_WRITE HTTP_POST,7,75.57,409773,0,0,0
sess_04149,user_099,server_05,git,LOGIN FAILED_LOGIN FAILED_LOGIN FAILED_LOGIN DELETE_REPO DOWNLOAD,6,93.83,5319625,3,3,1
sess_03180,user_084,server_11,git,LOGIN READ_FILE CLONE COMMIT LOGOUT READ_FILE PUSH,7,96.86,370641,0,0,0
sess_04919,user_088,server_12,server,LOGIN DB_READ HTTP_GET CACHE_READ LOGOUT HTTP_GET,6,75.83,277323,0,0,0
sess_00299,user_096,server_07,git,LOGIN CREATE_BRANCH READ_FILE PULL READ_FILE COMMIT PUSH LOGOUT,8,105.88,382387,0,0,0
sess_04558,user_091,server_01,git,LOGIN PULL READ_FILE COMMIT PUSH LOGOUT,6,85.83,337642,0,0,0
sess_03748,user_019,server_19,git,LOGIN DOWNLOAD DOWNLOAD DOWNLOAD DELETE_REPO,5,95.0,14976609,0,0,1
sess_00780,user_014,server_10,git,LOGIN PULL COMMIT PUSH READ_FILE LOGOUT,6,62.33,349354,0,0,0
sess_02554,user_019,server_09,git,LOGIN PUSH LOGOUT PULL READ_FILE COMMIT,6,79.17,352484,0,0,0
sess_03003,user_031,server_08,server,LOGIN HTTP_GET DB_READ CACHE_READ LOGOUT HTTP_GET,6,105.67,304459,0,0,0
sess_02409,user_046,server_07,server,LOGIN CACHE_READ HTTP_GET LOGOUT HTTP_GET CACHE_READ DB_READ,7,83.0,308965,0,0,0
sess_01293,user_089,server_02,server,LOGIN HTTP_GET DB_READ DB_WRITE HTTP_POST CACHE_WRITE LOGOUT,7,94.0,329783,0,0,0
sess_04653,user_077,server_07,git,LOGIN PULL READ_FILE PUSH CREATE_BRANCH COMMIT LOGOUT,7,98.57,298971,0,0,0
sess_03580,user_050,server_14,server,LOGIN HTTP_GET DB_READ CACHE_READ HTTP_GET LOGOUT,6,76.5,289627,0,0,0
sess_02171,user_004,server_11,git,LOGIN FAILED_LOGIN FAILED_LOGIN DOWNLOAD FAILED_LOGIN DELETE_REPO,6,93.5,5110563,3,3,1
sess_01301,user_066,server_14,server,LOGIN HTTP_GET CACHE_READ DB_READ HTTP_POST LOGOUT DB_WRITE CACHE_WRITE,8,96.5,375999,0,0,0
sess_00533,user_069,server_04,git,LOGIN PULL READ_FILE COMMIT LOGOUT PUSH,6,100.67,318155,0,0,0
sess_03987,user_066,server_04,git,LOGIN PULL READ_FILE PUSH COMMIT LOGOUT,6,71.67,317376,0,0,0
sess_00634,user_063,server_06,git,LOGIN PULL PUSH LOGOUT READ_FILE COMMIT,6,78.5,256763,0,0,0
sess_03238,user_017,server_09,server,LOGIN DB_READ HTTP_GET CACHE_WRITE HTTP_POST DB_WRITE LOGOUT,7,90.86,375866,0,0,0
sess_02670,user_042,server_13,server,LOGIN DB_READ HTTP_GET CACHE_WRITE HTTP_POST LOGOUT DB_WRITE,7,98.71,351878,0,0,0
sess_03844,user_075,server_19,git,LOGIN PULL READ_FILE COMMIT PUSH LOGOUT,6,86.0,299946,0,0,0
sess_00664,user_065,server_13,git,LOGIN PULL PUSH READ_FILE COMMIT LOGOUT,6,110.17,267113,0,0,0
sess_00670,user_078,server_16,server,LOGIN HTTP_GET DB_READ HTTP_POST DB_WRITE LOGOUT,6,91.67,313830,0,0,0
sess_02843,user_034,server_07,server,LOGIN FILE_DOWNLOAD FILE_DOWNLOAD HTTP_DELETE FILE_DOWNLOAD,5,91.6,15191834,0,0,1
sess_04016,user_081,server_06,git,LOGIN CLONE READ_FILE PUSH READ_FILE LOGOUT COMMIT,7,82.14,352468,0,0,0
sess_03606,user_099,server_14,git,LOGIN CLONE READ_FILE PUSH COMMIT LOGOUT,6,92.5,305772,0,0,0
sess_00162,user_097,server_10,server,LOGIN CACHE_READ DB_READ HTTP_GET LOGOUT CACHE_READ HTTP_GET,7,86.29,393386,0,0,0
sess_04146,user_099,server_12,server,LOGIN HTTP_GET DB_READ HTTP_GET CACHE_READ LOGOUT,6,91.33,318192,0,0,0
sess_02300,user_086,server_10,server,LOGIN HTTP_GET HTTP_POST DB_READ DB_WRITE CACHE_WRITE CACHE_READ LOGOUT,8,90.12,414711,0,0,0
sess_01424,user_037,server_14,git,LOGIN PULL PULL COMMIT LOGOUT READ_FILE PUSH,7,84.29,391701,0,0,0
sess_02654,user_073,server_04,git,LOGIN READ_FILE PULL COMMIT LOGOUT READ_FILE PUSH,7,68.57,377084,0,0,0
sess_00068,user_011,server_02,server,LOGIN HTTP_GET CACHE_READ HTTP_GET DB_READ LOGOUT,6,89.0,347112,0,0,0
sess_04355,user_076,server_11,server,LOGIN CACHE_READ CACHE_READ HTTP_GET HTTP_GET DB_READ LOGOUT,7,92.29,321329,0,0,0
sess_02234,user_061,server_11,git,LOGIN READ_FILE PULL COMMIT PUSH CREATE_BRANCH READ_FILE LOGOUT,8,87.0,431606,0,0,0
sess_00169,user_028,server_15,git,LOGIN READ_FILE CLONE COMMIT PUSH READ_FILE LOGOUT,7,105.43,313711,0,0,0
sess_01988,user_012,server_10,server,LOGIN HTTP_GET DB_WRITE DB_READ HTTP_POST LOGOUT CACHE_WRITE,7,107.29,403696,0,0,0
sess_01947,user_078,server_01,git,LOGIN PULL READ_FILE READ_FILE LOGOUT PUSH COMMIT,7,93.57,358906,0,0,0
sess_00361,user_090,server_15,server,LOGIN HTTP_GET DB_READ HTTP_GET CACHE_READ LOGOUT,6,95.83,307707,0,0,0
sess_01830,user_007,server_12,git,LOGIN PULL COMMIT PULL READ_FILE LOGOUT PUSH,7,93.0,338691,0,0,0
sess_03763,user_042,server_04,server,LOGIN HTTP_GET DB_READ DB_WRITE LOGOUT CACHE_READ HTTP_POST CACHE_WRITE,8,79.12,395638,0,0,0
sess_04491,user_020,server_06,git,LOGIN PULL PUSH COMMIT READ_FILE PULL LOGOUT,7,103.57,342951,0,0,0
sess_02910,user_092,server_13,server,LOGIN ERROR_500 HTTP_GET ERROR_500 DB_WRITE ERROR_500,6,408.5,274012,3,0,1
sess_02964,user_098,server_04,server,LOGIN HTTP_GET DB_READ HTTP_POST DB_WRITE CACHE_WRITE LOGOUT,7,74.57,338076,0,0,0
sess_03295,user_022,server_05,server,LOGIN HTTP_GET DB_READ HTTP_POST LOGOUT DB_WRITE,6,85.0,253592,0,0,0
sess_02902,user_030,server_05,git,LOGIN PULL READ_FILE LOGOUT COMMIT PULL PUSH,7,101.57,324248,0,0,0
sess_03351,user_088,server_13,git,LOGIN PULL READ_FILE COMMIT LOGOUT PUSH,6,88.33,292289,0,0,0
sess_03886,user_082,server_11,server,LOGIN DB_READ HTTP_GET HTTP_POST CACHE_WRITE DB_WRITE CACHE_READ LOGOUT,8,83.38,352274,0,0,0
sess_00825,user_019,server_12,git,LOGIN PULL READ_FILE LOGOUT PUSH COMMIT,6,91.83,305959,0,0,0
sess_01998,user_080,server_12,server,LOGIN HTTP_GET DB_READ HTTP_POST CACHE_READ DB_WRITE CACHE_WRITE LOGOUT,8,82.25,405628,0,0,0
sess_02958,user_001,server_12,git,LOGIN CLONE COMMIT READ_FILE LOGOUT PUSH,6,95.5,295309,0,0,0
sess_03431,user_035,server_13,git,LOGIN READ_FILE PULL COMMIT CREATE_BRANCH PUSH LOGOUT,7,93.71,377831,0,0,0
sess_04697,user_057,server_02,git,LOGIN PULL READ_FILE COMMIT PULL PUSH LOGOUT,7,92.29,375905,0,0,0
sess_04820,user_094,server_19,git,LOGIN CLONE READ_FILE READ_FILE PUSH COMMIT LOGOUT,7,92.0,312132,0,0,0
sess_01491,user_010,server_14,git,LOGIN CLONE READ_FILE COMMIT READ_FILE LOGOUT PUSH,7,92.29,306205,0,0,0
sess_01614,user_003,server_08,server,LOGIN HTTP_GET LOGOUT DB_READ HTTP_GET CACHE_READ,6,81.5,298905,0,0,0
sess_03120,user_013,server_06,git,LOGIN CLONE COMMIT PUSH READ_FILE LOGOUT,6,96.0,323613,0,0,0
sess_01459,user_052,server_18,server,LOGIN DB_READ HTTP_GET DB_WRITE LOGOUT HTTP_POST CACHE_WRITE,7,104.29,322302,0,0,0
sess_04049,user_095,server_09,git,LOGIN PULL READ_FILE COMMIT LOGOUT READ_FILE PUSH PULL,8,91.88,489629,0,0,0
sess_04410,user_080,server_01,server,LOGIN HTTP_GET CACHE_READ DB_READ HTTP_GET CACHE_READ LOGOUT,7,77.0,355882,0,0,0
sess_00013,user_054,server_01,server,LOGIN HTTP_GET CACHE_READ HTTP_GET DB_READ CACHE_READ LOGOUT,7,94.86,355873,0,0,0
sess_02229,user_045,server_19,server,LOGIN HTTP_GET DB_READ CACHE_READ HTTP_GET CACHE_READ LOGOUT,7,90.14,313340,0,0,0
sess_00310,user_056,server_16,server,LOGIN CACHE_READ HTTP_GET HTTP_GET DB_READ LOGOUT,6,76.0,329106,0,0,0
sess_04654,user_026,server_20,server,LOGIN DB_READ HTTP_GET CACHE_READ HTTP_GET LOGOUT,6,79.83,324783,0,0,0
sess_02727,user_047,server_08,git,LOGIN CLONE READ_FILE COMMIT LOGOUT PUSH,6,84.67,349213,0,0,0
sess_03312,user_010,server_20,server,LOGIN HTTP_GET HTTP_POST DB_READ DB_WRITE LOGOUT CACHE_WRITE,7,89.43,332475,0,0,0
sess_01837,user_062,server_02,server,LOGIN HTTP_GET DB_WRITE DB_READ LOGOUT CACHE_WRITE HTTP_POST,7,86.0,338354,0,0,0
sess_04139,user_022,server_07,server,LOGIN CACHE_READ HTTP_GET DB_READ HTTP_GET LOGOUT,6,100.0,301776,0,0,0
sess_00991,user_064,server_09,git,LOGIN PULL READ_FILE COMMIT PUSH LOGOUT,6,91.17,289106,0,0,0
sess_00414,user_074,server_03,server,LOGIN HTTP_GET HTTP_GET HTTP_GET HTTP_GET ERROR_500 ERROR_500,7,247.71,310685,2,0,1
sess_00520,user_069,server_08,git,LOGIN PULL COMMIT LOGOUT READ_FILE PULL PUSH,7,85.86,355963,0,0,0
sess_02197,user_025,server_04,server,LOGIN CACHE_READ DB_READ HTTP_GET HTTP_GET LOGOUT CACHE_READ,7,92.0,350193,0,0,0
sess_02752,user_029,server_16,git,LOGIN READ_FILE PULL CREATE_BRANCH COMMIT READ_FILE PUSH LOGOUT,8,90.0,399283,0,0,0
sess_01756,user_046,server_09,git,LOGIN PULL READ_FILE READ_FILE COMMIT CREATE_BRANCH PUSH LOGOUT,8,91.75,359133,0,0,0
sess_03326,user_058,server_09,server,LOGIN HTTP_GET HTTP_GET DB_READ LOGOUT CACHE_READ,6,70.83,312824,0,0,0
sess_02131,user_057,server_17,server,LOGIN HTTP_GET DB_READ HTTP_POST DB_WRITE LOGOUT,6,102.67,313938,0,0,0
sess_02120,user_052,server_12,git,LOGIN PULL READ_FILE LOGOUT PUSH READ_FILE COMMIT,7,83.29,300189,0,0,0
sess_04916,user_099,server_16,server,LOGIN HTTP_GET DB_READ DB_WRITE LOGOUT HTTP_POST,6,76.5,276359,0,0,0
sess_00150,user_007,server_05,git,LOGIN PUSH CLONE READ_FILE LOGOUT COMMIT,6,89.33,302832,0,0,0
sess_00173,user_036,server_10,server,LOGIN HTTP_GET HTTP_GET CACHE_READ LOGOUT DB_READ CACHE_READ,7,71.29,310146,0,0,0
sess_03620,user_082,server_13,git,LOGIN PULL COMMIT PULL LOGOUT READ_FILE PUSH,7,90.0,334645,0,0,0
sess_04713,user_056,server_14,server,LOGIN HTTP_GET HTTP_GET DB_READ LOGOUT CACHE_READ CACHE_READ,7,84.71,348747,0,0,0
sess_03578,user_086,server_16,git,LOGIN CLONE READ_FILE COMMIT PUSH LOGOUT,6,79.67,321825,0,0,0
sess_01349,user_100,server_16,server,LOGIN HTTP_GET HTTP_POST DB_READ LOGOUT DB_WRITE CACHE_WRITE,7,93.71,374229,0,0,0
sess_04693,user_097,server_15,git,LOGIN READ_FILE CLONE COMMIT PUSH LOGOUT,6,88.0,255754,0,0,0
sess_03585,user_024,server_06,server,LOGIN DB_READ HTTP_GET CACHE_READ DB_WRITE LOGOUT HTTP_POST,7,99.0,372243,0,0,0
sess_03993,user_087,server_16,server,LOGIN DB_READ HTTP_GET HTTP_GET CACHE_READ LOGOUT,6,74.0,311358,0,0,0
sess_02115,user_070,server_11,git,LOGIN PULL READ_FILE PULL COMMIT PUSH LOGOUT,7,90.29,314524,0,0,0
sess_01532,user_017,server_18,server,LOGIN HTTP_GET CACHE_WRITE HTTP_POST DB_READ DB_WRITE LOGOUT,7,86.71,360993,0,0,0
sess_00695,user_100,server_01,git,LOGIN DOWNLOAD DOWNLOAD DOWNLOAD DELETE_REPO,5,106.8,15005940,0,0,1
sess_00100,user_043,server_08,git,LOGIN CLONE READ_FILE COMMIT LOGOUT PUSH,6,103.33,295149,0,0,0
sess_04409,user_100,server_05,git,LOGIN FAILED_LOGIN FAILED_LOGIN FAILED_LOGIN DOWNLOAD DELETE_REPO,6,109.67,5213954,3,3,1
sess_03976,user_088,server_08,git,LOGIN COMMIT CLONE READ_FILE LOGOUT PUSH,6,95.17,313318,0,0,0
sess_00813,user_064,server_16,server,LOGIN HTTP_GET DB_READ HTTP_POST DB_WRITE CACHE_WRITE LOGOUT,7,101.43,389573,0,0,0
sess_00722,user_008,server_13,git,LOGIN READ_FILE PULL PUSH COMMIT LOGOUT,6,82.33,299861,0,0,0
sess_04875,user_095,server_06,git,LOGIN READ_FILE COMMIT READ_FILE PULL CREATE_BRANCH PUSH LOGOUT,8,88.62,432400,0,0,0
sess_00400,user_053,server_20,server,LOGIN HTTP_GET CACHE_READ HTTP_GET DB_READ LOGOUT,6,99.0,298818,0,0,0
sess_04882,user_036,server_03,git,LOGIN PUSH CLONE COMMIT READ_FILE LOGOUT,6,94.33,366448,0,0,0
sess_03688,user_035,server_17,server,LOGIN DB_READ HTTP_GET HTTP_POST DB_WRITE LOGOUT CACHE_WRITE,7,102.43,383131,0,0,0
sess_03741,user_053,server_02,git,LOGIN PULL COMMIT PULL READ_FILE LOGOUT PUSH,7,95.71,336734,0,0,0
sess_00946,user_009,server_11,git,LOGIN PULL READ_FILE CREATE_BRANCH READ_FILE COMMIT LOGOUT PUSH,8,82.0,383618,0,0,0
sess_02337,user_053,server_10,server,LOGIN HTTP_GET CACHE_READ HTTP_GET CACHE_READ DB_READ LOGOUT,7,90.43,368140,0,0,0
sess_01401,user_040,server_06,server,LOGIN HTTP_GET DB_READ CACHE_READ LOGOUT HTTP_GET,6,91.17,352807,0,0,0
sess_02572,user_016,server_03,git,LOGIN PULL READ_FILE CREATE_BRANCH PUSH LOGOUT COMMIT,7,90.29,365368,0,0,0
sess_04811,user_063,server_01,server,LOGIN HTTP_GET HTTP_GET HTTP_GET HTTP_GET ERROR_500 ERROR_500,7,263.86,407340,2,0,1
sess_03906,user_097,server_17,git,LOGIN PUSH CLONE READ_FILE COMMIT LOGOUT,6,90.5,332955,0,0,0
sess_03931,user_063,server_05,git,LOGIN READ_FILE PULL PUSH COMMIT LOGOUT,6,95.33,320327,0,0,0
sess_00544,user_020,server_10,server,LOGIN HTTP_GET DB_WRITE DB_READ HTTP_POST LOGOUT,6,88.67,278008,0,0,0
sess_02585,user_039,server_10,git,LOGIN PULL COMMIT READ_FILE PUSH LOGOUT,6,109.0,241187,0,0,0
sess_00179,user_011,server_08,git,LOGIN PULL LOGOUT READ_FILE CREATE_BRANCH PUSH COMMIT,7,91.29,331016,0,0,0
sess_03637,user_020,server_08,git,LOGIN PULL READ_FILE PULL COMMIT PUSH LOGOUT,7,87.14,334510,0,0,0
sess_04079,user_073,server_08,git,LOGIN PULL READ_FILE PUSH COMMIT PULL LOGOUT,7,101.57,353180,0,0,0
sess_02873,user_094,server_06,git,LOGIN DOWNLOAD DOWNLOAD DOWNLOAD DELETE_REPO,5,108.6,14913624,0,0,1
sess_03135,user_034,server_18,git,LOGIN READ_FILE PULL PUSH COMMIT LOGOUT,6,99.17,275809,0,0,0
sess_04808,user_065,server_14,git,LOGIN CLONE LOGOUT READ_FILE COMMIT PUSH,6,84.0,303099,0,0,0
sess_04834,user_006,server_09,git,LOGIN FAILED_LOGIN FAILED_LOGIN DELETE_REPO FAILED_LOGIN DOWNLOAD,6,102.83,5149998,3,3,1
sess_02082,user_075,server_18,git,LOGIN PULL READ_FILE PUSH READ_FILE COMMIT LOGOUT,7,93.71,379711,0,0,0
sess_01046,user_084,server_06,git,LOGIN READ_FILE COMMIT PULL PULL PUSH LOGOUT,7,88.86,357352,0,0,0
sess_00627,user_037,server_06,git,LOGIN CLONE COMMIT READ_FILE LOGOUT PUSH,6,100.17,308674,0,0,0
sess_00546,user_019,server_03,server,LOGIN DB_READ HTTP_GET LOGOUT DB_WRITE HTTP_POST,6,83.67,323259,0,0,0
sess_04565,user_047,server_19,git,LOGIN READ_FILE CLONE PUSH COMMIT LOGOUT,6,94.83,324385,0,0,0
sess_03089,user_058,server_19,server,LOGIN HTTP_GET LOGOUT DB_READ DB_WRITE HTTP_POST,6,75.67,305947,0,0,0
sess_00703,user_052,server_10,git,LOGIN PULL READ_FILE COMMIT CREATE_BRANCH PUSH LOGOUT,7,87.43,353972,0,0,0
sess_00314,user_029,server_10,git,LOGIN PULL CREATE_BRANCH READ_FILE READ_FILE LOGOUT COMMIT PUSH,8,113.62,396768,0,0,0
sess_04892,user_077,server_10,git,LOGIN READ_FILE PULL COMMIT READ_FILE PUSH LOGOUT,7,93.0,355264,0,0,0
sess_03442,user_005,server_12,git,LOGIN READ_FILE PULL COMMIT PUSH LOGOUT,6,88.67,280411,0,0,0
sess_01645,user_041,server_08,server,LOGIN HTTP_GET CACHE_READ DB_READ HTTP_GET LOGOUT,6,82.67,320405,0,0,0
sess_00283,user_044,server_12,git,LOGIN PULL READ_FILE CREATE_BRANCH COMMIT PUSH LOGOUT,7,87.86,324534,0,0,0
sess_02247,user_099,server_20,git,LOGIN PULL READ_FILE PULL READ_FILE COMMIT PUSH LOGOUT,8,74.75,379238,0,0,0
sess_01921,user_086,server_04,git,LOGIN PULL READ_FILE PUSH COMMIT PULL LOGOUT,7,84.14,322465,0,0,0
sess_04310,user_010,server_02,server,LOGIN HTTP_GET HTTP_GET CACHE_READ DB_READ LOGOUT,6,89.5,306686,0,0,0
sess_02778,user_057,server_05,server,LOGIN HTTP_GET HTTP_POST DB_READ DB_WRITE CACHE_WRITE LOGOUT,7,70.86,343711,0,0,0
sess_00501,user_051,server_12,server,LOGIN HTTP_POST HTTP_GET DB_READ CACHE_WRITE LOGOUT DB_WRITE,7,96.0,292389,0,0,0
sess_03288,user_052,server_13,git,LOGIN PULL READ_FILE COMMIT PUSH PULL LOGOUT,7,111.29,334252,0,0,0
sess_02140,user_018,server_04,git,LOGIN READ_FILE PULL PULL COMMIT PUSH LOGOUT,7,103.14,405564,0,0,0
sess_02757,user_040,server_18,git,LOGIN PULL READ_FILE READ_FILE PUSH COMMIT CREATE_BRANCH LOGOUT,8,84.75,403633,0,0,0
sess_03437,user_100,server_03,git,LOGIN PULL COMMIT PULL READ_FILE PUSH LOGOUT,7,88.29,317538,0,0,0
sess_01511,user_078,server_19,git,LOGIN PULL READ_FILE PUSH COMMIT LOGOUT PULL,7,81.86,415769,0,0,0
sess_00023,user_032,server_20,git,LOGIN PULL READ_FILE LOGOUT COMMIT PULL PUSH,7,84.43,301374,0,0,0
sess_04623,user_038,server_07,server,LOGIN HTTP_GET CACHE_READ HTTP_GET DB_READ CACHE_READ LOGOUT,7,83.71,342111,0,0,0
sess_00704,user_045,server_19,server,LOGIN HTTP_GET CACHE_READ DB_READ HTTP_GET LOGOUT,6,74.5,308041,0,0,0
sess_03205,user_042,server_05,git,LOGIN READ_FILE PULL COMMIT LOGOUT CREATE_BRANCH PUSH,7,89.0,377097,0,0,0
sess_03152,user_023,server_06,git,LOGIN COMMIT PULL READ_FILE PUSH LOGOUT,6,100.5,282732,0,0,0
sess_00265,user_073,server_17,server,LOGIN HTTP_GET ERROR_500 HTTP_GET HTTP_GET ERROR_500 HTTP_GET,7,268.43,355673,2,0,1
sess_00128,user_089,server_12,server,LOGIN HTTP_GET LOGOUT CACHE_READ DB_READ HTTP_GET CACHE_READ,7,82.43,303457,0,0,0
sess_02558,user_038,server_06,server,LOGIN HTTP_GET CACHE_WRITE DB_READ HTTP_POST DB_WRITE LOGOUT,7,88.57,373201,0,0,0
sess_03287,user_088,server_05,git,LOGIN DOWNLOAD CREATE_BRANCH DELETE_REPO DOWNLOAD,5,90.4,10299450,0,0,1
sess_02872,user_013,server_12,git,LOGIN PUSH CLONE READ_FILE LOGOUT COMMIT,6,99.0,300066,0,0,0
sess_01959,user_006,server_12,server,LOGIN DB_READ HTTP_GET HTTP_POST LOGOUT DB_WRITE CACHE_WRITE,7,87.14,359824,0,0,0
sess_03376,user_011,server_14,server,LOGIN HTTP_GET DB_READ LOGOUT HTTP_POST DB_WRITE CACHE_READ CACHE_WRITE,8,81.0,362760,0,0,0
sess_02340,user_041,server_06,git,LOGIN PULL READ_FILE PUSH CREATE_BRANCH READ_FILE COMMIT LOGOUT,8,109.12,328279,0,0,0
sess_01481,user_070,server_16,server,LOGIN HTTP_GET DB_READ LOGOUT DB_WRITE HTTP_POST,6,90.5,316733,0,0,0
sess_03429,user_080,server_17,git,LOGIN CLONE READ_FILE COMMIT PUSH LOGOUT,6,91.0,292019,0,0,0
sess_00699,user_095,server_10,git,LOGIN PULL READ_FILE CREATE_BRANCH COMMIT PUSH LOGOUT,7,103.29,298105,0,0,0
sess_01145,user_061,server_19,server,LOGIN CACHE_READ DB_READ LOGOUT HTTP_POST HTTP_GET DB_WRITE CACHE_WRITE,8,95.88,387787,0,0,0
sess_03480,user_047,server_04,git,LOGIN PUSH READ_FILE CLONE COMMIT LOGOUT,6,93.0,302107,0,0,0
sess_00443,user_012,server_16,git,LOGIN PULL PUSH READ_FILE LOGOUT COMMIT READ_FILE,7,92.14,308806,0,0,0
sess_04585,user_070,server_15,server,LOGIN DB_READ HTTP_POST HTTP_GET CACHE_READ CACHE_WRITE DB_WRITE LOGOUT,8,90.88,424587,0,0,0
sess_00948,user_059,server_17,git,LOGIN CLONE COMMIT LOGOUT READ_FILE READ_FILE PUSH,7,78.0,352280,0,0,0
sess_03313,user_079,server_01,server,LOGIN HTTP_GET CACHE_READ HTTP_POST DB_READ DB_WRITE LOGOUT,7,102.14,320206,0,0,0
sess_03393,user_020,server_01,git,LOGIN PULL READ_FILE COMMIT PUSH LOGOUT,6,81.5,300061,0,0,0
sess_03811,user_091,server_08,git,LOGIN READ_FILE READ_FILE PULL LOGOUT CREATE_BRANCH COMMIT PUSH,8,82.88,424838,0,0,0
sess_04202,user_016,server_11,git,LOGIN CLONE READ_FILE PUSH COMMIT LOGOUT,6,97.33,304439,0,0,0
sess_04348,user_042,server_08,server,LOGIN HTTP_GET DB_READ HTTP_POST LOGOUT DB_WRITE CACHE_READ CACHE_WRITE,8,100.12,372803,0,0,0
sess_04306,user_097,server_09,git,LOGIN CLONE READ_FILE COMMIT READ_FILE PUSH LOGOUT,7,108.43,335219,0,0,0
sess_03673,user_076,server_18,git,LOGIN PULL READ_FILE READ_FILE LOGOUT PUSH COMMIT,7,86.29,392120,0,0,0
sess_01929,user_100,server_06,git,LOGIN PULL READ_FILE PUSH CREATE_BRANCH LOGOUT COMMIT,7,97.29,385160,0,0,0
sess_04041,user_007,server_01,git,LOGIN PULL CREATE_BRANCH READ_FILE PUSH LOGOUT READ_FILE COMMIT,8,84.88,409649,0,0,0
sess_03374,user_070,server_02,git,LOGIN PULL LOGOUT PUSH CREATE_BRANCH READ_FILE COMMIT,7,72.71,382287,0,0,0
sess_01671,user_082,server_09,server,LOGIN DB_WRITE HTTP_GET DB_READ LOGOUT HTTP_POST,6,85.67,352354,0,0,0
sess_04206,user_029,server_17,server,LOGIN HTTP_GET CACHE_READ LOGOUT DB_READ HTTP_GET,6,100.33,283019,0,0,0
sess_04577,user_083,server_03,git,LOGIN CLONE COMMIT READ_FILE PUSH LOGOUT,6,74.17,294467,0,0,0
sess_03091,user_074,server_15,server,LOGIN DB_WRITE HTTP_GET DB_READ HTTP_POST LOGOUT,6,82.33,317553,0,0,0
sess_01844,user_046,server_20,server,LOGIN HTTP_GET CACHE_READ LOGOUT HTTP_GET DB_READ,6,93.0,324397,0,0,0
sess_04032,user_027,server_07,git,LOGIN CLONE READ_FILE COMMIT PUSH LOGOUT,6,92.83,240393,0,0,0
sess_00502,user_080,server_15,git,LOGIN PUSH READ_FILE PULL CREATE_BRANCH LOGOUT COMMIT,7,73.29,352358,0,0,0
sess_00571,user_078,server_10,server,LOGIN DB_WRITE HTTP_GET DB_READ HTTP_POST CACHE_WRITE LOGOUT,7,80.86,320203,0,0,0
sess_04733,user_059,server_02,git,LOGIN CLONE COMMIT READ_FILE PUSH LOGOUT,6,78.5,252560,0,0,0
sess_02371,user_039,server_09,server,LOGIN HTTP_GET CACHE_READ LOGOUT HTTP_GET DB_READ,6,85.83,329986,0,0,0
sess_02220,user_084,server_12,server,LOGIN HTTP_GET CACHE_READ DB_READ HTTP_POST DB_WRITE LOGOUT,7,90.14,329743,0,0,0
sess_03648,user_084,server_20,server,LOGIN HTTP_GET DB_READ CACHE_READ LOGOUT DB_WRITE HTTP_POST CACHE_WRITE,8,65.88,379001,0,0,0
sess_03786,user_097,server_19,server,LOGIN HTTP_GET ERROR_500 ERROR_500 DB_WRITE ERROR_500,6,436.33,283364,3,0,1
sess_00292,user_060,server_19,git,LOGIN PULL LOGOUT COMMIT READ_FILE CREATE_BRANCH PUSH,7,85.0,421145,0,0,0
sess_01040,user_073,server_06,git,LOGIN PULL COMMIT READ_FILE PULL READ_FILE PUSH LOGOUT,8,100.88,330607,0,0,0
sess_01290,user_099,server_02,git,LOGIN PULL PUSH READ_FILE COMMIT LOGOUT CREATE_BRANCH,7,94.0,325758,0,0,0
sess_04535,user_063,server_19,git,LOGIN PULL PUSH READ_FILE CREATE_BRANCH READ_FILE LOGOUT COMMIT,8,90.5,298915,0,0,0
sess_03088,user_041,server_05,server,LOGIN HTTP_GET HTTP_GET HTTP_GET HTTP_GET ERROR_500 ERROR_500,7,302.43,337263,2,0,1
sess_03860,user_004,server_16,git,LOGIN PUSH CLONE READ_FILE READ_FILE COMMIT LOGOUT,7,100.29,330775,0,0,0
sess_02469,user_090,server_14,server,LOGIN DB_READ HTTP_GET HTTP_GET CACHE_READ LOGOUT,6,79.17,306184,0,0,0
sess_03093,user_017,server_14,server,LOGIN HTTP_POST HTTP_GET DB_READ LOGOUT DB_WRITE,6,89.5,297267,0,0,0
sess_00830,user_005,server_08,server,LOGIN HTTP_GET LOGOUT DB_READ HTTP_POST DB_WRITE,6,88.5,271367,0,0,0
sess_03149,user_096,server_16,git,LOGIN CLONE READ_FILE LOGOUT COMMIT PUSH,6,93.17,292036,0,0,0
sess_04600,user_032,server_18,git,LOGIN PULL READ_FILE COMMIT LOGOUT PUSH,6,82.17,317037,0,0,0
sess_03342,user_020,server_08,server,LOGIN HTTP_GET CACHE_READ DB_READ HTTP_GET LOGOUT,6,85.17,315271,0,0,0
sess_04460,user_083,server_18,server,LOGIN HTTP_GET CACHE_READ DB_READ CACHE_READ HTTP_GET LOGOUT,7,96.14,375981,0,0,0
sess_00623,user_034,server_17,server,LOGIN HTTP_GET DB_READ CACHE_READ LOGOUT HTTP_GET,6,111.5,267070,0,0,0
sess_03035,user_087,server_02,git,LOGIN PULL COMMIT PULL READ_FILE PUSH LOGOUT,7,99.0,323609,0,0,0
sess_04002,user_059,server_01,server,LOGIN HTTP_GET CACHE_READ HTTP_POST DB_READ DB_WRITE CACHE_WRITE LOGOUT,8,83.38,421018,0,0,0
sess_03159,user_024,server_06,server,LOGIN HTTP_GET DB_READ HTTP_POST DB_WRITE LOGOUT,6,77.5,329833,0,0,0
sess_02832,user_080,server_02,server,LOGIN HTTP_GET HTTP_GET DB_READ CACHE_READ LOGOUT,6,109.0,306744,0,0,0
sess_03766,user_012,server_14,git,LOGIN PULL READ_FILE COMMIT READ_FILE CREATE_BRANCH PUSH LOGOUT,8,83.75,402599,0,0,0
sess_04278,user_006,server_17,server,LOGIN DB_READ HTTP_GET DB_WRITE HTTP_POST CACHE_WRITE LOGOUT,7,84.86,315179,0,0,0
sess_04386,user_091,server_09,server,LOGIN DB_READ HTTP_GET LOGOUT DB_WRITE HTTP_POST,6,95.0,317961,0,0,0
sess_01296,user_019,server_02,git,LOGIN PULL READ_FILE LOGOUT COMMIT PUSH,6,90.83,297441,0,0,0
sess_02091,user_017,server_05,git,LOGIN PULL COMMIT READ_FILE PULL PUSH LOGOUT,7,92.71,418211,0,0,0
sess_02412,user_039,server_18,git,LOGIN CLONE READ_FILE COMMIT PUSH LOGOUT,6,84.5,279528,0,0,0
sess_02036,user_006,server_10,server,LOGIN CACHE_READ HTTP_GET HTTP_GET CACHE_READ LOGOUT DB_READ,7,102.14,360294,0,0,0
sess_04871,user_081,server_16,server,LOGIN HTTP_GET LOGOUT DB_READ HTTP_POST DB_WRITE,6,97.83,314105,0,0,0
sess_00456,user_093,server_13,git,LOGIN PULL CREATE_BRANCH READ_FILE COMMIT PUSH LOGOUT,7,85.43,357135,0,0,0
sess_04474,user_018,server_11,server,LOGIN DB_READ CACHE_READ HTTP_GET HTTP_POST DB_WRITE LOGOUT,7,85.29,377356,0,0,0
sess_02239,user_056,server_19,git,LOGIN COMMIT PULL CREATE_BRANCH READ_FILE PUSH LOGOUT,7,89.29,386098,0,0,0
sess_03964,user_024,server_10,server,LOGIN FILE_DOWNLOAD FILE_DOWNLOAD FILE_DOWNLOAD HTTP_DELETE,5,86.2,15075647,0,0,1
sess_04003,user_019,server_10,server,LOGIN HTTP_GET DB_WRITE DB_READ HTTP_POST LOGOUT,6,103.5,275112,0,0,0
sess_01644,user_097,server_03,server,LOGIN HTTP_GET HTTP_GET CACHE_READ LOGOUT DB_READ,6,70.67,270131,0,0,0
sess_02664,user_038,server_12,git,LOGIN READ_FILE CLONE COMMIT PUSH LOGOUT,6,85.67,255999,0,0,0
sess_03899,user_088,server_20,server,LOGIN HTTP_GET CACHE_READ CACHE_WRITE DB_READ HTTP_POST DB_WRITE LOGOUT,8,92.75,394918,0,0,0
sess_04427,user_088,server_01,git,LOGIN READ_FILE READ_FILE PUSH PULL CREATE_BRANCH COMMIT LOGOUT,8,86.12,375993,0,0,0
sess_03214,user_088,server_20,git,LOGIN CLONE READ_FILE COMMIT PUSH LOGOUT,6,58.5,305653,0,0,0
sess_00191,user_064,server_06,git,LOGIN PULL READ_FILE COMMIT PULL PUSH LOGOUT,7,87.43,292112,0,0,0
sess_01881,user_002,server_04,server,LOGIN HTTP_GET LOGOUT DB_WRITE DB_READ HTTP_POST,6,84.83,296277,0,0,0
sess_03789,user_076,server_19,server,LOGIN HTTP_GET DB_WRITE DB_READ HTTP_POST LOGOUT,6,76.67,238834,0,0,0
sess_02887,user_061,server_02,server,LOGIN HTTP_GET LOGOUT HTTP_GET CACHE_READ DB_READ CACHE_READ,7,75.0,314989,0,0,0
sess_04822,user_094,server_10,server,LOGIN HTTP_GET LOGOUT CACHE_READ HTTP_GET DB_READ,6,88.33,295887,0,0,0
sess_02967,user_082,server_17,git,LOGIN READ_FILE CLONE COMMIT PUSH LOGOUT,6,96.0,333109,0,0,0
sess_01652,user_043,server_02,server,LOGIN HTTP_GET HTTP_GET CACHE_READ DB_READ LOGOUT,6,77.33,335370,0,0,0
sess_03258,user_044,server_08,server,LOGIN HTTP_GET DB_READ HTTP_GET LOGOUT CACHE_READ,6,78.83,278379,0,0,0
sess_02503,user_096,server_06,git,LOGIN READ_FILE PULL COMMIT PULL READ_FILE PUSH LOGOUT,8,105.5,377797,0,0,0
sess_03291,user_080,server_10,git,LOGIN PULL READ_FILE LOGOUT CREATE_BRANCH COMMIT PUSH,7,80.86,344190,0,0,0
sess_01108,user_074,server_17,server,LOGIN HTTP_GET LOGOUT DB_READ DB_WRITE HTTP_POST,6,108.33,281312,0,0,0
sess_00963,user_080,server_03,server,LOGIN CACHE_READ HTTP_GET DB_READ DB_WRITE CACHE_WRITE HTTP_POST LOGOUT,8,81.38,418696,0,0,0
sess_03638,user_030,server_18,git,LOGIN FAILED_LOGIN FAILED_LOGIN FAILED_LOGIN DOWNLOAD DELETE_REPO,6,95.33,5051247,3,3,1
sess_04380,user_085,server_07,server,LOGIN HTTP_GET DB_READ CACHE_READ HTTP_GET LOGOUT,6,86.5,299720,0,0,0
sess_02535,user_014,server_15,git,LOGIN PULL READ_FILE COMMIT PULL READ_FILE LOGOUT PUSH,8,81.38,376938,0,0,0
sess_02484,user_014,server_13,git,LOGIN PULL COMMIT PUSH READ_FILE PULL LOGOUT,7,88.57,364084,0,0,0
sess_02457,user_068,server_08,server,LOGIN HTTP_GET LOGOUT DB_READ HTTP_POST DB_WRITE,6,77.0,290088,0,0,0
sess_00126,user_056,server_02,git,LOGIN READ_FILE PULL PUSH COMMIT LOGOUT,6,80.17,249756,0,0,0
sess_00223,user_035,server_09,server,LOGIN HTTP_GET DB_READ HTTP_GET CACHE_READ LOGOUT,6,108.33,313890,0,0,0
sess_01194,user_022,server_12,server,LOGIN DB_READ HTTP_GET HTTP_POST LOGOUT DB_WRITE CACHE_WRITE,7,86.71,362989,0,0,0
sess_03081,user_044,server_12,git,LOGIN PULL PUSH READ_FILE CREATE_BRANCH COMMIT LOGOUT,7,94.57,333813,0,0,0
sess_03642,user_081,server_14,server,LOGIN HTTP_GET DB_WRITE DB_READ CACHE_WRITE HTTP_POST LOGOUT,7,94.14,407607,0,0,0
sess_01539,user_097,server_08,git,LOGIN PULL COMMIT READ_FILE CREATE_BRANCH PUSH LOGOUT,7,82.71,354082,0,0,0
sess_01028,user_039,server_12,server,LOGIN CACHE_READ HTTP_GET DB_READ HTTP_GET LOGOUT,6,98.67,309790,0,0,0
sess_00421,user_022,server_04,git,LOGIN PULL READ_FILE LOGOUT COMMIT READ_FILE PUSH,7,81.0,293448,0,0,0
sess_03908,user_014,server_18,git,LOGIN PULL READ_FILE LOGOUT COMMIT PULL PUSH,7,84.43,353758,0,0,0
sess_01508,user_017,server_07,server,LOGIN HTTP_POST CACHE_WRITE HTTP_GET LOGOUT DB_READ DB_WRITE,7,82.71,389614,0,0,0
sess_03695,user_011,server_14,git,LOGIN DOWNLOAD DOWNLOAD DOWNLOAD DELETE_REPO,5,103.4,14954608,0,0,1
sess_01454,user_055,server_12,git,LOGIN PULL CREATE_BRANCH READ_FILE PUSH LOGOUT COMMIT,7,86.43,350846,0,0,0
sess_04507,user_036,server_17,server,LOGIN DB_WRITE HTTP_GET CACHE_READ DB_READ HTTP_POST LOGOUT,7,90.0,366339,0,0,0
sess_02783,user_007,server_11,git,LOGIN PULL READ_FILE COMMIT CREATE_BRANCH LOGOUT PUSH,7,79.14,349997,0,0,0
sess_02795,user_051,server_17,git,LOGIN PULL PULL READ_FILE LOGOUT PUSH COMMIT,7,82.14,375789,0,0,0
sess_03494,user_080,server_17,git,LOGIN PULL READ_FILE PULL COMMIT PUSH LOGOUT,7,86.86,350906,0,0,0
sess_04941,user_030,server_11,git,LOGIN PULL READ_FILE CREATE_BRANCH LOGOUT COMMIT PUSH,7,83.43,347586,0,0,0
sess_03941,user_005,server_17,git,LOGIN CLONE PUSH LOGOUT READ_FILE COMMIT,6,76.33,349447,0,0,0
sess_04045,user_011,server_15,git,LOGIN PULL READ_FILE PULL PUSH COMMIT LOGOUT,7,91.57,315475,0,0,0
sess_04174,user_016,server_17,git,LOGIN PULL PULL READ_FILE COMMIT PUSH LOGOUT,7,89.43,360054,0,0,0
sess_01562,user_022,server_20,git,LOGIN DOWNLOAD CREATE_BRANCH DELETE_REPO DOWNLOAD,5,83.4,10080151,0,0,1
sess_02030,user_030,server_19,git,LOGIN READ_FILE CREATE_BRANCH PULL PUSH COMMIT LOGOUT,7,108.29,298474,0,0,0
sess_02141,user_083,server_12,server,LOGIN HTTP_GET DB_READ HTTP_GET CACHE_READ LOGOUT,6,83.5,332617,0,0,0
sess_03643,user_010,server_04,git,LOGIN COMMIT READ_FILE PULL PULL PUSH LOGOUT,7,99.14,301543,0,0,0
sess_03481,user_005,server_19,server,LOGIN DB_READ HTTP_GET CACHE_WRITE HTTP_POST DB_WRITE LOGOUT,7,84.0,361213,0,0,0
sess_04119,user_007,server_11,git,LOGIN CREATE_BRANCH DELETE_REPO DOWNLOAD DOWNLOAD,5,101.4,9978538,0,0,1
sess_01398,user_029,server_20,server,LOGIN CACHE_READ HTTP_GET HTTP_GET CACHE_READ DB_READ LOGOUT,7,95.71,356309,0,0,0
sess_02651,user_087,server_02,server,LOGIN HTTP_GET DB_READ LOGOUT CACHE_READ CACHE_READ HTTP_GET,7,88.86,386919,0,0,0
sess_04824,user_048,server_05,git,LOGIN PULL COMMIT READ_FILE PULL LOGOUT PUSH,7,72.71,386316,0,0,0
sess_03041,user_011,server_05,git,LOGIN PULL LOGOUT COMMIT READ_FILE PULL PUSH,7,87.43,363692,0,0,0
sess_01889,user_060,server_09,git,LOGIN COMMIT PULL PULL READ_FILE LOGOUT PUSH,7,82.71,353576,0,0,0
sess_04642,user_022,server_19,git,LOGIN READ_FILE CLONE LOGOUT PUSH COMMIT,6,82.83,301547,0,0,0
sess_01482,user_038,server_03,server,LOGIN HTTP_GET ERROR_500 ERROR_500 DB_WRITE ERROR_500,6,348.67,298512,3,0,1
sess_01501,user_040,server_18,server,LOGIN HTTP_GET DB_READ CACHE_WRITE CACHE_READ LOGOUT HTTP_POST DB_WRITE,8,94.38,408327,0,0,0
sess_04723,user_065,server_20,git,LOGIN CLONE READ_FILE PUSH COMMIT LOGOUT,6,84.83,277550,0,0,0
sess_03610,user_042,server_19,server,LOGIN HTTP_GET DB_READ HTTP_POST DB_WRITE LOGOUT CACHE_WRITE,7,78.71,345960,0,0,0
sess_04582,user_028,server_05,server,LOGIN DB_READ HTTP_GET LOGOUT HTTP_POST DB_WRITE CACHE_WRITE,7,90.57,345558,0,0,0
sess_03818,user_044,server_17,git,LOGIN READ_FILE PULL PUSH CREATE_BRANCH COMMIT LOGOUT,7,80.57,305554,0,0,0
sess_02205,user_045,server_18,git,LOGIN PULL LOGOUT READ_FILE READ_FILE COMMIT PUSH,7,103.86,337463,0,0,0
sess_03242,user_072,server_16,git,LOGIN CLONE PUSH READ_FILE LOGOUT COMMIT,6,89.17,261430,0,0,0
sess_01064,user_072,server_10,server,LOGIN HTTP_GET CACHE_READ DB_READ HTTP_GET LOGOUT CACHE_READ,7,109.29,401589,0,0,0
sess_04953,user_049,server_05,git,LOGIN PULL READ_FILE PUSH COMMIT LOGOUT,6,72.83,282482,0,0,0
sess_03862,user_029,server_07,git,LOGIN CLONE DOWNLOAD DELETE_REPO DOWNLOAD PUSH,6,87.33,10284007,0,0,1
sess_01800,user_053,server_18,server,LOGIN HTTP_GET DB_READ HTTP_GET LOGOUT CACHE_READ,6,81.83,289087,0,0,0
sess_01705,user_091,server_04,server,LOGIN HTTP_DELETE AUTH_FAILURE AUTH_FAILURE AUTH_FAILURE ERROR_500,6,216.33,250462,4,3,1
sess_02208,user_040,server_17,server,LOGIN CACHE_READ HTTP_GET HTTP_GET LOGOUT DB_READ,6,71.33,282683,0,0,0
sess_01590,user_022,server_17,server,LOGIN HTTP_GET HTTP_GET CACHE_READ CACHE_READ DB_READ LOGOUT,7,108.71,331802,0,0,0
sess_04398,user_047,server_17,git,LOGIN PULL PULL COMMIT READ_FILE PUSH LOGOUT,7,85.86,362168,0,0,0
sess_01661,user_053,server_05,git,LOGIN READ_FILE COMMIT PULL PULL PUSH LOGOUT,7,86.29,364162,0,0,0
sess_03869,user_052,server_07,server,LOGIN HTTP_GET HTTP_POST LOGOUT DB_WRITE DB_READ,6,91.67,310183,0,0,0
sess_04552,user_041,server_01,git,LOGIN PULL READ_FILE READ_FILE COMMIT CREATE_BRANCH LOGOUT PUSH,8,87.88,390951,0,0,0
sess_02423,user_054,server_15,git,LOGIN PULL COMMIT READ_FILE READ_FILE LOGOUT CREATE_BRANCH PUSH,8,116.25,390127,0,0,0
sess_02640,user_038,server_20,server,LOGIN DB_WRITE LOGOUT HTTP_GET HTTP_POST DB_READ,6,93.33,323584,0,0,0
sess_03228,user_016,server_17,git,LOGIN READ_FILE PULL COMMIT PUSH LOGOUT,6,89.33,332354,0,0,0
sess_04101,user_006,server_16,git,LOGIN DOWNLOAD DOWNLOAD DOWNLOAD DELETE_REPO,5,72.8,15145674,0,0,1
sess_01308,user_087,server_04,git,LOGIN PULL LOGOUT READ_FILE PUSH COMMIT,6,95.5,317407,0,0,0
sess_00269,user_021,server_17,git,LOGIN CLONE READ_FILE READ_FILE COMMIT PUSH LOGOUT,7,92.86,371923,0,0,0
sess_04316,user_020,server_12,git,LOGIN PULL READ_FILE COMMIT READ_FILE LOGOUT PUSH,7,88.29,341755,0,0,0
sess_02356,user_081,server_07,server,LOGIN HTTP_POST HTTP_GET LOGOUT DB_READ CACHE_READ CACHE_WRITE DB_WRITE,8,92.0,421381,0,0,0
sess_04220,user_073,server_01,git,LOGIN PULL COMMIT READ_FILE READ_FILE PUSH PULL LOGOUT,8,86.12,413138,0,0,0
sess_03204,user_038,server_18,server,LOGIN HTTP_GET CACHE_READ HTTP_GET DB_READ LOGOUT,6,78.17,261511,0,0,0
sess_01502,user_053,server_15,server,LOGIN DB_READ HTTP_GET LOGOUT HTTP_POST DB_WRITE CACHE_WRITE CACHE_READ,8,95.25,433086,0,0,0
sess_00457,user_018,server_03,git,LOGIN PULL COMMIT READ_FILE PUSH LOGOUT CREATE_BRANCH,7,85.57,314921,0,0,0
sess_03706,user_087,server_08,git,LOGIN PULL COMMIT READ_FILE PUSH LOGOUT,6,106.17,273368,0,0,0
sess_03554,user_077,server_04,git,LOGIN PULL READ_FILE CREATE_BRANCH READ_FILE LOGOUT COMMIT PUSH,8,85.5,432924,0,0,0
sess_00781,user_070,server_04,server,LOGIN HTTP_GET HTTP_POST DB_READ CACHE_READ DB_WRITE LOGOUT CACHE_WRITE,8,85.12,448616,0,0,0
sess_04057,user_073,server_03,git,LOGIN READ_FILE COMMIT PULL PULL PUSH LOGOUT,7,75.43,356273,0,0,0
sess_01127,user_083,server_18,git,LOGIN PUSH COMMIT PULL READ_FILE LOGOUT,6,114.5,285892,0,0,0
sess_02979,user_007,server_01,git,LOGIN PULL PUSH LOGOUT READ_FILE COMMIT,6,80.17,326228,0,0,0
sess_00428,user_095,server_03,git,LOGIN READ_FILE PULL READ_FILE CREATE_BRANCH PUSH COMMIT LOGOUT,8,87.38,453802,0,0,0
sess_02438,user_015,server_17,git,LOGIN COMMIT READ_FILE PULL READ_FILE CREATE_BRANCH LOGOUT PUSH,8,97.25,410624,0,0,0
sess_00183,user_089,server_20,server,LOGIN DB_READ HTTP_GET HTTP_POST DB_WRITE CACHE_READ LOGOUT,7,82.86,348288,0,0,0
sess_00973,user_061,server_12,git,LOGIN PULL LOGOUT CREATE_BRANCH READ_FILE COMMIT PUSH,7,83.0,325205,0,0,0
sess_04156,user_043,server_02,server,LOGIN CACHE_READ DB_READ CACHE_READ HTTP_GET LOGOUT HTTP_GET,7,73.14,398901,0,0,0
sess_02923,user_077,server_20,git,LOGIN CREATE_BRANCH DOWNLOAD DELETE_REPO DOWNLOAD,5,102.0,9935114,0,0,1
sess_04649,user_054,server_17,server,LOGIN HTTP_GET HTTP_GET DB_READ LOGOUT CACHE_READ,6,78.17,275466,0,0,0
sess_00629,user_057,server_13,server,LOGIN HTTP_GET CACHE_READ HTTP_GET CACHE_READ DB_READ LOGOUT,7,73.0,370401,0,0,0
sess_03293,user_059,server_03,git,LOGIN PULL READ_FILE COMMIT PULL READ_FILE PUSH LOGOUT,8,91.12,313112,0,0,0
sess_01506,user_054,server_01,git,LOGIN PULL CREATE_BRANCH READ_FILE LOGOUT COMMIT PUSH,7,92.14,405391,0,0,0
sess_03386,user_021,server_12,server,LOGIN HTTP_GET CACHE_READ HTTP_GET DB_READ LOGOUT,6,83.5,313263,0,0,0
sess_02695,user_088,server_01,git,LOGIN PULL READ_FILE COMMIT PUSH PULL LOGOUT,7,75.71,318517,0,0,0
sess_02154,user_037,server_01,git,LOGIN READ_FILE PULL COMMIT CREATE_BRANCH PUSH LOGOUT,7,95.71,350146,0,0,0
sess_04475,user_003,server_09,git,LOGIN CLONE COMMIT READ_FILE LOGOUT PUSH,6,94.33,302615,0,0,0
sess_01634,user_019,server_13,server,LOGIN FILE_DOWNLOAD HTTP_DELETE FILE_DOWNLOAD FILE_DOWNLOAD,5,91.8,15072264,0,0,1
sess_02349,user_046,server_04,git,LOGIN PULL COMMIT READ_FILE READ_FILE PUSH LOGOUT,7,58.86,376737,0,0,0
sess_04195,user_058,server_06,git,LOGIN CLONE READ_FILE COMMIT PUSH LOGOUT,6,92.0,290095,0,0,0
sess_03017,user_079,server_06,server,LOGIN HTTP_GET DB_READ LOGOUT CACHE_READ HTTP_GET,6,73.5,257120,0,0,0
sess_03843,user_091,server_19,server,LOGIN HTTP_GET HTTP_POST DB_READ LOGOUT DB_WRITE,6,96.0,307069,0,0,0
sess_03870,user_011,server_14,server,LOGIN HTTP_GET DB_READ DB_WRITE LOGOUT HTTP_POST,6,92.0,267214,0,0,0
sess_03305,user_033,server_20,git,LOGIN COMMIT CLONE READ_FILE PUSH LOGOUT,6,89.17,297229,0,0,0
sess_02950,user_017,server_07,server,LOGIN HTTP_GET CACHE_READ DB_READ HTTP_GET LOGOUT,6,72.17,296637,0,0,0
sess_03410,user_006,server_13,server,LOGIN HTTP_GET DB_READ HTTP_GET CACHE_READ LOGOUT,6,86.83,303340,0,0,0
sess_04662,user_069,server_20,git,LOGIN PULL READ_FILE PULL COMMIT PUSH LOGOUT,7,97.86,310194,0,0,0
sess_04968,user_035,server_15,server,LOGIN HTTP_GET CACHE_READ HTTP_GET DB_READ LOGOUT,6,82.5,281421,0,0,0
sess_00558,user_087,server_19,git,LOGIN CLONE COMMIT LOGOUT PUSH READ_FILE,6,89.0,316715,0,0,0
sess_01589,user_069,server_01,server,LOGIN FILE_DOWNLOAD FILE_DOWNLOAD FILE_DOWNLOAD HTTP_DELETE,5,95.4,14797120,0,0,1
sess_00639,user_003,server_07,git,LOGIN PULL LOGOUT COMMIT READ_FILE PUSH,6,95.83,318150,0,0,0
sess_04971,user_071,server_11,git,LOGIN PULL READ_FILE PUSH COMMIT LOGOUT,6,84.67,332787,0,0,0
sess_04870,user_071,server_08,server,LOGIN DB_WRITE LOGOUT HTTP_GET CACHE_WRITE DB_READ HTTP_POST,7,75.29,281755,0,0,0
sess_03865,user_080,server_02,git,LOGIN DOWNLOAD DELETE_REPO DOWNLOAD DOWNLOAD,5,86.4,14778808,0,0,1
sess_00858,user_077,server_17,server,LOGIN DB_READ HTTP_GET CACHE_WRITE CACHE_READ LOGOUT HTTP_POST DB_WRITE,8,98.38,369021,0,0,0
sess_01906,user_083,server_03,git,LOGIN CLONE READ_FILE COMMIT PUSH LOGOUT,6,93.67,263320,0,0,0
sess_04078,user_014,server_18,git,LOGIN READ_FILE PULL COMMIT PUSH LOGOUT,6,74.5,279378,0,0,0
sess_04937,user_024,server_08,server,LOGIN HTTP_GET DB_READ CACHE_READ HTTP_GET LOGOUT,6,93.33,247265,0,0,0
sess_03950,user_034,server_20,server,LOGIN DB_WRITE HTTP_GET HTTP_POST DB_READ CACHE_WRITE LOGOUT,7,82.57,354385,0,0,0
sess_02612,user_053,server_02,git,LOGIN DOWNLOAD DOWNLOAD DELETE_REPO DOWNLOAD,5,109.2,14828931,0,0,1
sess_01361,user_001,server_04,git,LOGIN PULL READ_FILE PULL COMMIT LOGOUT PUSH,7,98.86,409254,0,0,0
sess_01651,user_004,server_03,server,LOGIN HTTP_GET DB_READ HTTP_POST DB_WRITE LOGOUT,6,100.33,285724,0,0,0
sess_03377,user_067,server_14,server,LOGIN DB_READ HTTP_GET HTTP_POST DB_WRITE LOGOUT,6,83.0,232563,0,0,0
sess_04408,user_083,server_14,server,LOGIN DB_READ HTTP_GET CACHE_WRITE HTTP_POST DB_WRITE LOGOUT,7,93.71,366890,0,0,0
sess_03727,user_099,server_20,git,LOGIN PULL READ_FILE COMMIT PUSH LOGOUT,6,79.83,283595,0,0,0
sess_04461,user_019,server_05,server,LOGIN HTTP_GET DB_READ CACHE_READ HTTP_GET LOGOUT,6,79.83,251389,0,0,0
sess_03322,user_074,server_10,server,LOGIN HTTP_POST DB_READ HTTP_GET CACHE_WRITE LOGOUT DB_WRITE,7,94.29,352050,0,0,0
sess_00402,user_048,server_16,server,LOGIN CACHE_READ HTTP_GET HTTP_GET CACHE_READ DB_READ LOGOUT,7,100.14,312503,0,0,0
sess_02069,user_021,server_17,server,LOGIN CACHE_READ HTTP_GET HTTP_GET DB_READ LOGOUT,6,100.5,318214,0,0,0
sess_04977,user_064,server_20,server,LOGIN HTTP_GET ERROR_500 ERROR_500 DB_WRITE ERROR_500,6,476.5,350358,3,0,1
sess_00399,user_018,server_05,server,LOGIN CACHE_WRITE HTTP_GET HTTP_POST DB_WRITE DB_READ LOGOUT,7,91.14,287974,0,0,0
sess_03923,user_028,server_10,git,LOGIN PULL READ_FILE PUSH READ_FILE CREATE_BRANCH LOGOUT COMMIT,8,93.88,358864,0,0,0
sess_04423,user_064,server_12,git,LOGIN FAILED_LOGIN FAILED_LOGIN FAILED_LOGIN DELETE_REPO DOWNLOAD,6,110.67,5036160,3,3,1
sess_03156,user_098,server_06,git,LOGIN PULL CREATE_BRANCH READ_FILE COMMIT LOGOUT PUSH,7,101.57,314865,0,0,0
sess_03264,user_069,server_10,server,LOGIN HTTP_GET DB_READ CACHE_READ HTTP_GET LOGOUT,6,71.5,292537,0,0,0
sess_00198,user_083,server_18,git,LOGIN DOWNLOAD DELETE_REPO DOWNLOAD DOWNLOAD,5,90.0,15214044,0,0,1
sess_02001,user_003,server_04,server,LOGIN HTTP_POST HTTP_GET LOGOUT DB_READ DB_WRITE CACHE_WRITE,7,97.0,340484,0,0,0
sess_02401,user_065,server_05,server,LOGIN HTTP_GET DB_WRITE DB_READ CACHE_WRITE HTTP_POST LOGOUT,7,87.71,426879,0,0,0
sess_03095,user_012,server_01,git,LOGIN PULL LOGOUT COMMIT READ_FILE CREATE_BRANCH PUSH,7,99.57,328111,0,0,0
sess_04477,user_032,server_07,git,LOGIN CLONE DOWNLOAD DELETE_REPO DOWNLOAD PUSH,6,84.17,10133982,0,0,1
sess_04879,user_056,server_09,git,LOGIN PULL COMMIT READ_FILE PUSH LOGOUT,6,92.33,294616,0,0,0
sess_04391,user_088,server_20,server,LOGIN HTTP_GET DB_WRITE CACHE_WRITE DB_READ HTTP_POST LOGOUT,7,103.57,343731,0,0,0
sess_01036,user_014,server_10,git,LOGIN PULL PULL READ_FILE COMMIT PUSH LOGOUT,7,86.0,401402,0,0,0
sess_00542,user_038,server_17,git,LOGIN READ_FILE PUSH CLONE COMMIT LOGOUT,6,93.0,196365,0,0,0
sess_01010,user_088,server_10,git,LOGIN PULL COMMIT READ_FILE CREATE_BRANCH PUSH LOGOUT,7,94.86,295799,0,0,0
sess_03185,user_059,server_06,server,LOGIN DB_READ HTTP_GET HTTP_GET LOGOUT CACHE_READ,6,74.33,294850,0,0,0
sess_00370,user_088,server_12,git,LOGIN READ_FILE CLONE PUSH COMMIT READ_FILE LOGOUT,7,94.86,384813,0,0,0
sess_02161,user_016,server_02,git,LOGIN CLONE COMMIT READ_FILE PUSH LOGOUT,6,103.5,307266,0,0,0
sess_01625,user_096,server_04,git,LOGIN LOGOUT PULL READ_FILE COMMIT PULL PUSH,7,75.29,340303,0,0,0
sess_03182,user_024,server_12,server,LOGIN HTTP_GET CACHE_READ LOGOUT HTTP_GET DB_READ,6,86.5,268676,0,0,0
sess_00045,user_013,server_08,git,LOGIN PULL COMMIT READ_FILE PUSH PULL LOGOUT,7,72.0,386417,0,0,0
sess_01920,user_012,server_15,git,LOGIN CREATE_BRANCH DOWNLOAD DELETE_REPO DOWNLOAD,5,83.0,9993923,0,0,1
sess_01708,user_089,server_17,server,LOGIN HTTP_GET DB_READ LOGOUT HTTP_GET CACHE_READ,6,96.0,334091,0,0,0
sess_03143,user_014,server_12,git,LOGIN READ_FILE PULL PULL READ_FILE COMMIT LOGOUT PUSH,8,95.88,401874,0,0,0
sess_00177,user_023,server_19,git,LOGIN PULL READ_FILE COMMIT PUSH LOGOUT,6,78.83,285754,0,0,0
sess_04318,user_019,server_01,server,LOGIN DB_READ HTTP_GET HTTP_GET CACHE_READ LOGOUT,6,94.67,262670,0,0,0
sess_02745,user_008,server_08,server,LOGIN HTTP_GET CACHE_READ HTTP_GET LOGOUT DB_READ,6,91.67,294651,0,0,0
sess_00147,user_003,server_06,git,LOGIN READ_FILE COMMIT PULL LOGOUT READ_FILE CREATE_BRANCH PUSH,8,98.12,436333,0,0,0
sess_04587,user_080,server_01,git,LOGIN PULL PULL READ_FILE LOGOUT COMMIT PUSH,7,76.57,325884,0,0,0
sess_04843,user_022,server_15,git,LOGIN READ_FILE COMMIT PULL PULL PUSH LOGOUT READ_FILE,8,93.25,385051,0,0,0
sess_04307,user_090,server_16,git,LOGIN READ_FILE PULL COMMIT LOGOUT PUSH READ_FILE,7,90.0,379894,0,0,0
sess_04988,user_061,server_07,server,LOGIN HTTP_GET DB_READ HTTP_POST CACHE_WRITE DB_WRITE LOGOUT,7,82.71,355954,0,0,0
sess_03272,user_032,server_18,git,LOGIN FAILED_LOGIN FAILED_LOGIN FAILED_LOGIN DOWNLOAD DELETE_REPO,6,91.33,5156183,3,3,1
sess_04599,user_062,server_09,git,LOGIN PULL PUSH READ_FILE COMMIT LOGOUT CREATE_BRANCH,7,83.14,365862,0,0,0
sess_00026,user_086,server_13,server,LOGIN HTTP_GET CACHE_READ DB_READ HTTP_GET LOGOUT,6,80.83,318043,0,0,0
sess_01749,user_073,server_07,git,LOGIN READ_FILE PULL LOGOUT COMMIT READ_FILE PUSH,7,98.57,349286,0,0,0
sess_04815,user_098,server_05,git,LOGIN PULL COMMIT READ_FILE CREATE_BRANCH PUSH LOGOUT,7,89.86,325997,0,0,0
sess_02206,user_077,server_08,server,LOGIN CACHE_READ HTTP_GET DB_READ CACHE_READ HTTP_GET LOGOUT,7,90.29,329839,0,0,0
sess_00073,user_041,server_20,git,LOGIN READ_FILE PULL READ_FILE LOGOUT CREATE_BRANCH COMMIT PUSH,8,75.5,370597,0,0,0
sess_04217,user_012,server_15,git,LOGIN PULL PUSH READ_FILE COMMIT LOGOUT CREATE_BRANCH,7,87.14,325789,0,0,0
sess_01399,user_099,server_02,server,LOGIN HTTP_GET HTTP_POST DB_READ DB_WRITE LOGOUT CACHE_WRITE,7,101.14,342932,0,0,0
sess_04539,user_079,server_19,git,LOGIN PULL READ_FILE LOGOUT COMMIT PUSH,6,95.5,321868,0,0,0
sess_02943,user_016,server_07,server,LOGIN HTTP_GET LOGOUT DB_READ DB_WRITE HTTP_POST,6,89.67,374068,0,0,0
sess_04508,user_003,server_08,server,LOGIN HTTP_GET DB_READ CACHE_READ CACHE_WRITE LOGOUT HTTP_POST DB_WRITE,8,84.62,398358,0,0,0
sess_00814,user_068,server_15,git,LOGIN CLONE COMMIT READ_FILE LOGOUT PUSH,6,111.83,314845,0,0,0
sess_02166,user_024,server_06,server,LOGIN HTTP_GET DB_READ CACHE_READ LOGOUT DB_WRITE HTTP_POST,7,79.71,336792,0,0,0
sess_02440,user_096,server_17,server,LOGIN HTTP_GET CACHE_READ HTTP_GET DB_READ LOGOUT,6,88.0,260616,0,0,0
sess_03443,user_065,server_13,git,LOGIN READ_FILE PULL LOGOUT PUSH COMMIT,6,89.83,304647,0,0,0
sess_03903,user_021,server_05,git,LOGIN DOWNLOAD FAILED_LOGIN FAILED_LOGIN DELETE_REPO FAILED_LOGIN,6,86.0,5316732,3,3,1
sess_01847,user_003,server_18,server,LOGIN HTTP_GET LOGOUT CACHE_READ HTTP_GET DB_READ,6,99.33,305842,0,0,0
sess_02769,user_093,server_13,git,LOGIN PUSH CLONE LOGOUT READ_FILE READ_FILE COMMIT,7,87.0,366795,0,0,0
sess_01468,user_014,server_17,server,LOGIN AUTH_FAILURE AUTH_FAILURE AUTH_FAILURE HTTP_DELETE ERROR_500,6,145.0,264169,4,3,1
sess_03898,user_049,server_07,server,LOGIN HTTP_GET DB_READ LOGOUT CACHE_WRITE HTTP_POST DB_WRITE,7,85.14,367708,0,0,0
sess_01596,user_025,server_13,server,LOGIN HTTP_GET DB_READ CACHE_READ HTTP_GET LOGOUT,6,97.17,308512,0,0,0
sess_00511,user_088,server_20,server,LOGIN CACHE_READ DB_WRITE DB_READ HTTP_GET HTTP_POST LOGOUT,7,90.0,401419,0,0,0
sess_04903,user_039,server_07,git,LOGIN PULL READ_FILE READ_FILE COMMIT PULL PUSH LOGOUT,8,85.12,419040,0,0,0
sess_03816,user_020,server_14,server,LOGIN HTTP_GET LOGOUT CACHE_READ HTTP_GET CACHE_READ DB_READ,7,79.0,339718,0,0,0
sess_03375,user_040,server_10,server,LOGIN DB_READ CACHE_WRITE HTTP_GET HTTP_POST DB_WRITE LOGOUT,7,100.43,306018,0,0,0
sess_03458,user_044,server_05,server,LOGIN DB_WRITE HTTP_GET HTTP_POST DB_READ LOGOUT,6,103.0,279659,0,0,0
sess_04064,user_023,server_01,git,LOGIN CLONE DOWNLOAD DOWNLOAD DELETE_REPO PUSH,6,92.67,9982495,0,0,1
sess_03697,user_007,server_10,server,LOGIN CACHE_READ HTTP_GET CACHE_READ HTTP_GET LOGOUT DB_READ,7,66.57,332568,0,0,0
sess_02796,user_042,server_01,git,LOGIN PULL COMMIT PUSH READ_FILE LOGOUT,6,93.5,298545,0,0,0
sess_03501,user_092,server_05,git,LOGIN FAILED_LOGIN FAILED_LOGIN DOWNLOAD FAILED_LOGIN DELETE_REPO,6,114.17,5169951,3,3,1
sess_02315,user_018,server_04,git,LOGIN FAILED_LOGIN FAILED_LOGIN FAILED_LOGIN DELETE_REPO DOWNLOAD,6,91.5,5296407,3,3,1
sess_03460,user_086,server_17,server,LOGIN HTTP_GET DB_READ HTTP_POST DB_WRITE CACHE_WRITE LOGOUT,7,85.86,376067,0,0,0
sess_02244,user_071,server_10,git,LOGIN READ_FILE PULL PUSH LOGOUT COMMIT,6,97.83,279279,0,0,0
sess_00788,user_069,server_02,server,LOGIN HTTP_GET ERROR_500 ERROR_500 ERROR_500 DB_WRITE,6,440.67,256438,3,0,1
sess_02006,user_089,server_19,git,LOGIN PULL READ_FILE PULL COMMIT READ_FILE PUSH LOGOUT,8,88.0,430578,0,0,0
sess_00798,user_046,server_06,git,LOGIN CLONE READ_FILE COMMIT PUSH LOGOUT,6,108.17,333150,0,0,0
sess_03388,user_067,server_06,server,LOGIN HTTP_GET CACHE_READ DB_READ HTTP_GET LOGOUT,6,80.67,308768,0,0,0
sess_02002,user_043,server_16,git,LOGIN PULL PUSH LOGOUT READ_FILE COMMIT,6,90.0,282116,0,0,0
sess_01870,user_074,server_09,server,LOGIN HTTP_GET DB_READ HTTP_GET CACHE_READ LOGOUT,6,107.0,288612,0,0,0
sess_02636,user_087,server_07,git,LOGIN FAILED_LOGIN FAILED_LOGIN DOWNLOAD FAILED_LOGIN DELETE_REPO,6,126.33,5196458,3,3,1
sess_03519,user_020,server_10,server,LOGIN AUTH_FAILURE AUTH_FAILURE AUTH_FAILURE ERROR_500 HTTP_DELETE,6,219.5,318877,4,3,1
sess_01072,user_042,server_12,server,LOGIN DB_READ HTTP_GET HTTP_POST DB_WRITE LOGOUT,6,84.0,324565,0,0,0
sess_02782,user_076,server_13,server,LOGIN HTTP_GET ERROR_500 ERROR_500 ERROR_500 DB_WRITE,6,340.33,284516,3,0,1
sess_02543,user_023,server_15,server,LOGIN HTTP_GET DB_READ CACHE_READ HTTP_POST DB_WRITE CACHE_WRITE LOGOUT,8,91.62,414198,0,0,0
sess_01029,user_053,server_16,git,LOGIN READ_FILE CLONE COMMIT READ_FILE LOGOUT PUSH,7,74.0,348565,0,0,0
sess_02230,user_047,server_02,git,LOGIN PULL CREATE_BRANCH READ_FILE READ_FILE PUSH COMMIT LOGOUT,8,70.88,485625,0,0,0
sess_02629,user_077,server_16,git,LOGIN PULL READ_FILE LOGOUT COMMIT READ_FILE PUSH,7,97.43,360134,0,0,0
sess_01961,user_044,server_09,server,LOGIN HTTP_GET DB_WRITE DB_READ HTTP_POST LOGOUT,6,102.0,290142,0,0,0
sess_02018,user_057,server_08,git,LOGIN PULL READ_FILE COMMIT LOGOUT PUSH,6,99.5,341676,0,0,0
sess_04180,user_068,server_17,git,LOGIN READ_FILE PULL COMMIT PUSH LOGOUT,6,83.83,305654,0,0,0
sess_01111,user_074,server_11,git,LOGIN CLONE READ_FILE PUSH COMMIT READ_FILE LOGOUT,7,82.29,299775,0,0,0
sess_01045,user_057,server_11,git,LOGIN CLONE READ_FILE LOGOUT COMMIT READ_FILE PUSH,7,88.57,373278,0,0,0
sess_04168,user_055,server_07,server,LOGIN FILE_DOWNLOAD FILE_DOWNLOAD FILE_DOWNLOAD HTTP_DELETE,5,76.4,15128972,0,0,1
sess_03625,user_075,server_17,git,LOGIN DELETE_REPO CREATE_BRANCH DOWNLOAD DOWNLOAD,5,97.6,10023853,0,0,1
sess_03074,user_045,server_13,git,LOGIN PULL READ_FILE LOGOUT COMMIT PUSH,6,102.33,259366,0,0,0
sess_04905,user_035,server_20,git,LOGIN PULL CREATE_BRANCH LOGOUT READ_FILE PUSH COMMIT,7,83.86,301329,0,0,0
sess_02102,user_030,server_06,git,LOGIN PULL READ_FILE PUSH READ_FILE COMMIT PULL LOGOUT,8,91.12,381409,0,0,0
sess_01155,user_035,server_01,server,LOGIN HTTP_GET HTTP_GET DB_READ CACHE_READ LOGOUT,6,78.83,278313,0,0,0
sess_02128,user_015,server_06,git,LOGIN PULL COMMIT READ_FILE PUSH LOGOUT,6,84.33,308011,0,0,0
sess_03306,user_067,server_09,server,LOGIN HTTP_GET HTTP_GET CACHE_READ DB_READ LOGOUT,6,73.83,304538,0,0,0
sess_04113,user_066,server_19,server,LOGIN HTTP_GET DB_WRITE DB_READ CACHE_READ CACHE_WRITE LOGOUT HTTP_POST,8,91.0,403911,0,0,0
sess_01495,user_014,server_15,server,LOGIN DB_READ HTTP_GET LOGOUT HTTP_GET CACHE_READ,6,100.0,264809,0,0,0
sess_04925,user_015,server_19,git,LOGIN PULL PUSH READ_FILE COMMIT LOGOUT,6,98.67,312331,0,0,0
sess_00053,user_027,server_03,server,LOGIN CACHE_READ HTTP_GET DB_READ DB_WRITE HTTP_POST LOGOUT CACHE_WRITE,8,74.0,433923,0,0,0
sess_04668,user_030,server_09,server,LOGIN HTTP_GET DB_WRITE DB_READ HTTP_POST CACHE_WRITE LOGOUT,7,84.71,391329,0,0,0
sess_00252,user_012,server_13,git,LOGIN READ_FILE PULL READ_FILE PUSH COMMIT CREATE_BRANCH LOGOUT,8,97.25,360156,0,0,0
sess_04337,user_068,server_07,server,LOGIN CACHE_READ HTTP_GET HTTP_GET DB_READ LOGOUT CACHE_READ,7,92.71,323267,0,0,0
sess_00390,user_073,server_16,server,LOGIN HTTP_GET ERROR_500 ERROR_500 DB_WRITE ERROR_500,6,407.5,336122,3,0,1
sess_04620,user_094,server_03,git,LOGIN PULL READ_FILE COMMIT PUSH LOGOUT,6,108.5,326243,0,0,0
sess_03640,user_061,server_03,server,LOGIN HTTP_GET HTTP_GET DB_READ CACHE_READ LOGOUT,6,78.17,281853,0,0,0
sess_00984,user_078,server_17,server,LOGIN HTTP_GET DB_WRITE DB_READ LOGOUT HTTP_POST,6,92.17,308702,0,0,0
sess_03455,user_011,server_16,server,LOGIN HTTP_GET DB_READ HTTP_GET LOGOUT CACHE_READ,6,78.33,291823,0,0,0
sess_03430,user_004,server_13,git,LOGIN READ_FILE COMMIT PULL CREATE_BRANCH LOGOUT PUSH,7,84.43,324612,0,0,0
sess_02455,user_029,server_17,git,LOGIN COMMIT PULL READ_FILE READ_FILE PUSH PULL LOGOUT,8,85.62,416522,0,0,0
sess_04219,user_055,server_19,git,LOGIN READ_FILE PULL PULL COMMIT PUSH LOGOUT,7,77.43,335265,0,0,0
sess_02496,user_071,server_11,git,LOGIN PULL COMMIT READ_FILE PUSH LOGOUT,6,94.17,291930,0,0,0
sess_00182,user_063,server_20,git,LOGIN CLONE PUSH READ_FILE LOGOUT COMMIT,6,77.67,260593,0,0,0
sess_02217,user_081,server_13,git,LOGIN PULL LOGOUT CREATE_BRANCH READ_FILE COMMIT PUSH,7,77.14,329536,0,0,0
sess_01801,user_021,server_15,git,LOGIN PUSH PULL READ_FILE CREATE_BRANCH COMMIT LOGOUT,7,88.57,359045,0,0,0
sess_01236,user_023,server_11,server,LOGIN DB_READ HTTP_GET HTTP_GET LOGOUT CACHE_READ,6,81.0,317823,0,0,0
sess_00187,user_042,server_09,server,LOGIN HTTP_GET HTTP_GET DB_READ CACHE_READ LOGOUT,6,88.5,267526,0,0,0
sess_03627,user_026,server_06,server,LOGIN DB_WRITE HTTP_GET HTTP_POST DB_READ LOGOUT,6,89.17,320109,0,0,0
sess_01307,user_047,server_01,server,LOGIN HTTP_GET DB_WRITE DB_READ CACHE_WRITE LOGOUT HTTP_POST,7,89.14,327462,0,0,0
sess_04311,user_093,server_06,git,LOGIN READ_FILE COMMIT PULL LOGOUT PUSH,6,98.17,363317,0,0,0
sess_03692,user_062,server_12,git,LOGIN READ_FILE PUSH CLONE READ_FILE LOGOUT COMMIT,7,99.14,339060,0,0,0
sess_04443,user_011,server_01,git,LOGIN CLONE READ_FILE COMMIT PUSH LOGOUT,6,88.17,269759,0,0,0
sess_00828,user_039,server_08,git,LOGIN READ_FILE PULL COMMIT CREATE_BRANCH PUSH LOGOUT,7,87.57,361127,0,0,0
sess_04400,user_084,server_09,server,LOGIN HTTP_GET DB_READ LOGOUT CACHE_WRITE HTTP_POST DB_WRITE,7,78.57,390753,0,0,0
sess_04483,user_020,server_05,git,LOGIN PULL PUSH LOGOUT READ_FILE COMMIT,6,82.5,321022,0,0,0
sess_02108,user_073,server_06,git,LOGIN CLONE LOGOUT COMMIT READ_FILE PUSH,6,66.83,284545,0,0,0
sess_02751,user_026,server_19,git,LOGIN PULL PUSH READ_FILE COMMIT PULL LOGOUT,7,77.57,361132,0,0,0
sess_02185,user_081,server_19,server,LOGIN DB_READ HTTP_GET HTTP_POST DB_WRITE LOGOUT CACHE_WRITE,7,112.43,344415,0,0,0
sess_02881,user_035,server_16,git,LOGIN READ_FILE PUSH PULL COMMIT CREATE_BRANCH LOGOUT,7,74.57,317071,0,0,0
sess_03279,user_019,server_13,git,LOGIN CLONE READ_FILE COMMIT READ_FILE PUSH LOGOUT,7,78.43,340822,0,0,0
sess_02812,user_003,server_04,git,LOGIN PULL READ_FILE PUSH COMMIT CREATE_BRANCH LOGOUT,7,80.57,371722,0,0,0
sess_04829,user_058,server_02,server,LOGIN HTTP_GET HTTP_GET HTTP_GET HTTP_GET ERROR_500 ERROR_500,7,246.57,289859,2,0,1
sess_01410,user_062,server_12,git,LOGIN COMMIT PUSH CLONE READ_FILE LOGOUT,6,102.5,277376,0,0,0
sess_01346,user_013,server_01,git,LOGIN READ_FILE PULL PUSH CREATE_BRANCH COMMIT LOGOUT,7,104.43,426075,0,0,0
sess_01386,user_074,server_19,git,LOGIN PULL READ_FILE COMMIT PULL PUSH LOGOUT,7,98.43,398150,0,0,0
sess_02305,user_022,server_15,server,LOGIN CACHE_READ HTTP_GET HTTP_POST DB_WRITE DB_READ LOGOUT,7,83.43,348420,0,0,0
sess_00253,user_005,server_12,server,LOGIN HTTP_GET DB_READ DB_WRITE LOGOUT HTTP_POST,6,100.5,293226,0,0,0
sess_01720,user_018,server_14,git,LOGIN DOWNLOAD DOWNLOAD DELETE_REPO DOWNLOAD,5,83.4,14779601,0,0,1
sess_04887,user_008,server_05,git,LOGIN READ_FILE COMMIT PULL READ_FILE PUSH LOGOUT,7,75.57,423023,0,0,0
sess_02921,user_037,server_18,server,LOGIN HTTP_GET DB_READ HTTP_POST LOGOUT DB_WRITE CACHE_READ CACHE_WRITE,8,77.5,376672,0,0,0
sess_03233,user_010,server_02,server,LOGIN HTTP_GET DB_READ LOGOUT CACHE_READ HTTP_GET,6,91.33,313777,0,0,0
sess_03586,user_018,server_15,git,LOGIN PULL READ_FILE COMMIT READ_FILE LOGOUT PUSH,7,90.86,346437,0,0,0
sess_03137,user_024,server_15,git,LOGIN PULL READ_FILE READ_FILE COMMIT PUSH LOGOUT,7,103.14,355186,0,0,0
sess_00074,user_061,server_16,server,LOGIN HTTP_GET DB_READ DB_WRITE HTTP_POST LOGOUT,6,99.0,223555,0,0,0
sess_04279,user_083,server_13,git,LOGIN PUSH PULL READ_FILE LOGOUT READ_FILE COMMIT,7,85.29,364667,0,0,0
sess_02684,user_085,server_19,git,LOGIN READ_FILE PULL CREATE_BRANCH COMMIT PUSH LOGOUT,7,81.86,345142,0,0,0
sess_03746,user_074,server_01,server,LOGIN HTTP_GET DB_READ HTTP_POST DB_WRITE CACHE_READ LOGOUT,7,91.0,338286,0,0,0
sess_00301,user_059,server_13,server,LOGIN AUTH_FAILURE AUTH_FAILURE HTTP_DELETE AUTH_FAILURE ERROR_500,6,203.5,265159,4,3,1
sess_04886,user_047,server_13,git,LOGIN LOGOUT PULL READ_FILE COMMIT PUSH,6,81.83,298023,0,0,0
sess_01070,user_026,server_15,git,LOGIN PULL PUSH READ_FILE CREATE_BRANCH COMMIT LOGOUT,7,86.0,370901,0,0,0
sess_02748,user_085,server_11,git,LOGIN FAILED_LOGIN FAILED_LOGIN FAILED_LOGIN DELETE_REPO DOWNLOAD,6,102.17,5116755,3,3,1
sess_01403,user_067,server_01,server,LOGIN HTTP_GET DB_READ HTTP_GET CACHE_READ LOGOUT,6,118.17,317282,0,0,0
sess_00899,user_087,server_09,git,LOGIN CLONE READ_FILE READ_FILE LOGOUT PUSH COMMIT,7,93.43,367963,0,0,0
sess_02413,user_003,server_03,git,LOGIN DOWNLOAD DELETE_REPO DOWNLOAD DOWNLOAD,5,84.4,15185481,0,0,1
sess_00598,user_052,server_17,git,LOGIN CLONE COMMIT READ_FILE LOGOUT PUSH,6,83.83,258401,0,0,0
sess_02956,user_023,server_07,server,LOGIN HTTP_GET HTTP_GET HTTP_GET HTTP_GET ERROR_500 ERROR_500,7,283.86,269633,2,0,1
sess_01469,user_067,server_13,server,LOGIN HTTP_GET CACHE_READ DB_READ HTTP_GET LOGOUT CACHE_READ,7,79.29,344321,0,0,0
sess_01387,user_041,server_10,git,LOGIN FAILED_LOGIN FAILED_LOGIN DELETE_REPO FAILED_LOGIN DOWNLOAD,6,93.83,5212310,3,3,1
sess_02159,user_076,server_11,git,LOGIN COMMIT PULL READ_FILE PUSH LOGOUT,6,84.17,281525,0,0,0
sess_04169,user_083,server_03,server,LOGIN HTTP_GET HTTP_POST CACHE_WRITE DB_READ DB_WRITE LOGOUT,7,87.43,336125,0,0,0
sess_04390,user_058,server_19,git,LOGIN READ_FILE COMMIT PULL LOGOUT READ_FILE PUSH,7,94.0,361731,0,0,0
sess_04703,user_057,server_17,server,LOGIN HTTP_GET DB_WRITE HTTP_POST LOGOUT DB_READ,6,109.67,281816,0,0,0
sess_01630,user_043,server_05,git,LOGIN READ_FILE PULL LOGOUT READ_FILE PUSH CREATE_BRANCH COMMIT,8,103.5,433062,0,0,0
sess_00914,user_002,server_18,server,LOGIN CACHE_READ HTTP_GET HTTP_GET DB_READ LOGOUT,6,109.17,257010,0,0,0
sess_04908,user_081,server_10,server,LOGIN HTTP_GET DB_READ HTTP_GET CACHE_READ LOGOUT,6,84.33,296660,0,0,0
sess_00204,user_066,server_14,git,LOGIN PULL LOGOUT READ_FILE COMMIT PUSH,6,84.67,325625,0,0,0
sess_00358,user_092,server_10,server,LOGIN HTTP_GET LOGOUT DB_READ HTTP_GET CACHE_READ,6,65.0,301490,0,0,0
sess_04674,user_049,server_12,git,LOGIN PULL CREATE_BRANCH LOGOUT READ_FILE COMMIT PUSH,7,90.57,347434,0,0,0
sess_00043,user_055,server_08,server,LOGIN HTTP_GET HTTP_GET CACHE_READ LOGOUT DB_READ,6,100.83,250761,0,0,0
sess_01680,user_046,server_11,git,LOGIN FAILED_LOGIN FAILED_LOGIN DELETE_REPO DOWNLOAD FAILED_LOGIN,6,86.5,5055016,3,3,1
sess_04969,user_069,server_13,server,LOGIN HTTP_GET HTTP_POST DB_READ DB_WRITE LOGOUT CACHE_WRITE,7,110.0,351432,0,0,0
sess_03983,user_026,server_09,git,LOGIN PULL LOGOUT PUSH READ_FILE COMMIT,6,92.83,323519,0,0,0
sess_03220,user_075,server_06,git,LOGIN PULL PULL READ_FILE LOGOUT COMMIT PUSH,7,83.43,349945,0,0,0
sess_03396,user_010,server_19,server,LOGIN HTTP_GET DB_READ DB_WRITE HTTP_POST LOGOUT,6,99.0,318530,0,0,0
sess_02634,user_087,server_05,git,LOGIN CLONE PUSH COMMIT READ_FILE LOGOUT,6,88.0,293404,0,0,0
sess_01226,user_016,server_02,git,LOGIN PULL COMMIT LOGOUT PUSH READ_FILE,6,80.33,354245,0,0,0
sess_02777,user_030,server_04,server,LOGIN HTTP_GET HTTP_GET CACHE_READ LOGOUT DB_READ,6,112.17,315163,0,0,0
sess_04117,user_076,server_09,git,LOGIN READ_FILE COMMIT CLONE PUSH LOGOUT,6,93.83,290817,0,0,0
sess_03364,user_022,server_11,server,LOGIN HTTP_GET CACHE_READ DB_READ LOGOUT HTTP_GET,6,82.5,324950,0,0,0
sess_02212,user_098,server_18,git,LOGIN PULL CREATE_BRANCH READ_FILE COMMIT LOGOUT PUSH,7,81.43,358528,0,0,0
sess_01312,user_035,server_03,server,LOGIN HTTP_GET CACHE_WRITE HTTP_POST DB_READ DB_WRITE LOGOUT,7,103.57,354403,0,0,0
sess_02897,user_027,server_06,git,LOGIN FAILED_LOGIN DOWNLOAD FAILED_LOGIN FAILED_LOGIN DELETE_REPO,6,138.17,5324179,3,3,1
sess_01991,user_008,server_15,git,LOGIN PULL COMMIT READ_FILE PUSH PULL LOGOUT,7,59.57,371055,0,0,0
sess_01097,user_042,server_15,git,LOGIN READ_FILE CLONE COMMIT PUSH LOGOUT,6,90.0,313096,0,0,0
sess_00803,user_055,server_06,git,LOGIN CLONE READ_FILE COMMIT PUSH LOGOUT,6,85.67,257563,0,0,0
sess_02672,user_090,server_12,server,LOGIN HTTP_GET ERROR_500 HTTP_GET HTTP_GET HTTP_GET ERROR_500,7,227.29,381533,2,0,1
sess_00363,user_078,server_03,server,LOGIN DB_READ HTTP_GET DB_WRITE LOGOUT HTTP_POST,6,90.17,383972,0,0,0
sess_01514,user_061,server_06,server,LOGIN HTTP_GET DB_READ CACHE_READ HTTP_GET LOGOUT CACHE_READ,7,100.0,413280,0,0,0
sess_03700,user_019,server_10,git,LOGIN DOWNLOAD DOWNLOAD DELETE_REPO DOWNLOAD,5,91.0,14803410,0,0,1
sess_03318,user_087,server_14,git,LOGIN READ_FILE PULL PUSH COMMIT LOGOUT,6,91.83,328097,0,0,0
sess_03449,user_064,server_13,server,LOGIN HTTP_POST HTTP_GET LOGOUT DB_WRITE DB_READ CACHE_WRITE,7,106.86,344381,0,0,0
sess_03121,user_089,server_05,server,LOGIN DB_READ LOGOUT HTTP_GET HTTP_GET CACHE_READ,6,96.67,347615,0,0,0
sess_01667,user_001,server_02,git,LOGIN CLONE COMMIT READ_FILE LOGOUT PUSH,6,90.83,330865,0,0,0
sess_04351,user_005,server_18,server,LOGIN HTTP_GET HTTP_POST CACHE_WRITE DB_WRITE DB_READ LOGOUT,7,91.14,370762,0,0,0
sess_02701,user_011,server_10,git,LOGIN COMMIT LOGOUT PULL CREATE_BRANCH READ_FILE PUSH,7,76.57,358461,0,0,0
sess_00593,user_050,server_17,git,LOGIN CLONE DOWNLOAD DELETE_REPO DOWNLOAD PUSH,6,85.67,9890425,0,0,1
sess_00016,user_060,server_15,git,LOGIN CLONE READ_FILE COMMIT PUSH LOGOUT,6,91.83,252291,0,0,0
sess_01877,user_070,server_19,git,LOGIN COMMIT PULL READ_FILE CREATE_BRANCH PUSH LOGOUT,7,98.86,341915,0,0,0
sess_01281,user_045,server_11,server,LOGIN HTTP_GET ERROR_500 ERROR_500 ERROR_500 DB_WRITE,6,371.83,290779,3,0,1
sess_00200,user_044,server_19,git,LOGIN READ_FILE CLONE COMMIT LOGOUT PUSH,6,96.83,286836,0,0,0
sess_00318,user_092,server_20,git,LOGIN READ_FILE CLONE LOGOUT COMMIT PUSH,6,86.67,284469,0,0,0
sess_02800,user_030,server_19,git,LOGIN PULL READ_FILE COMMIT LOGOUT PUSH,6,96.67,323776,0,0,0
sess_02237,user_043,server_15,server,LOGIN HTTP_GET ERROR_500 ERROR_500 DB_WRITE ERROR_500,6,301.17,301086,3,0,1
sess_01483,user_056,server_05,git,LOGIN PULL READ_FILE COMMIT LOGOUT PUSH,6,70.5,283761,0,0,0
sess_01912,user_004,server_14,git,LOGIN READ_FILE PULL PUSH CREATE_BRANCH COMMIT LOGOUT,7,95.57,314374,0,0,0
sess_02771,user_055,server_18,server,LOGIN DB_WRITE LOGOUT HTTP_GET DB_READ HTTP_POST CACHE_WRITE,7,87.0,329760,0,0,0
sess_04012,user_053,server_02,server,LOGIN HTTP_GET LOGOUT DB_READ HTTP_POST DB_WRITE,6,95.5,297042,0,0,0
sess_02692,user_064,server_11,git,LOGIN COMMIT PULL PULL READ_FILE LOGOUT PUSH,7,102.14,381349,0,0,0
sess_01090,user_065,server_11,git,LOGIN PULL PULL READ_FILE COMMIT PUSH LOGOUT,7,94.86,324288,0,0,0
sess_01789,user_100,server_04,git,LOGIN PULL READ_FILE COMMIT PUSH LOGOUT,6,82.17,234554,0,0,0
sess_00364,user_025,server_18,server,LOGIN DB_READ HTTP_GET HTTP_GET LOGOUT CACHE_READ,6,104.33,269510,0,0,0
sess_02495,user_093,server_16,git,LOGIN COMMIT PULL READ_FILE PUSH PULL LOGOUT,7,76.43,353297,0,0,0
sess_04198,user_029,server_01,git,LOGIN PULL COMMIT PUSH READ_FILE LOGOUT,6,106.83,291094,0,0,0
sess_04305,user_096,server_11,git,LOGIN PUSH PULL COMMIT READ_FILE LOGOUT,6,108.33,309424,0,0,0
sess_01219,user_079,server_06,server,LOGIN HTTP_GET DB_READ HTTP_POST DB_WRITE LOGOUT,6,82.83,300490,0,0,0
sess_04619,user_085,server_12,server,LOGIN CACHE_READ HTTP_GET DB_READ HTTP_GET LOGOUT,6,99.67,292769,0,0,0
sess_01222,user_039,server_14,server,LOGIN DB_WRITE HTTP_GET HTTP_POST DB_READ LOGOUT,6,89.5,297901,0,0,0
sess_00879,user_064,server_11,server,LOGIN HTTP_GET LOGOUT DB_READ HTTP_POST DB_WRITE,6,79.0,323901,0,0,0
sess_01981,user_027,server_12,git,LOGIN READ_FILE PULL PULL COMMIT LOGOUT PUSH,7,82.43,354961,0,0,0
sess_01607,user_070,server_11,server,LOGIN HTTP_GET CACHE_READ HTTP_GET DB_READ LOGOUT,6,101.0,332293,0,0,0
sess_04603,user_016,server_09,git,LOGIN PULL CREATE_BRANCH COMMIT READ_FILE PUSH LOGOUT,7,85.0,325254,0,0,0
sess_01440,user_036,server_13,git,LOGIN PULL CREATE_BRANCH PUSH READ_FILE LOGOUT COMMIT,7,71.86,332005,0,0,0
sess_02480,user_039,server_11,server,LOGIN HTTP_GET DB_READ HTTP_POST DB_WRITE CACHE_WRITE LOGOUT,7,104.71,374269,0,0,0
sess_03990,user_095,server_14,server,LOGIN HTTP_GET HTTP_POST CACHE_WRITE CACHE_READ DB_READ LOGOUT DB_WRITE,8,88.88,418993,0,0,0
sess_02046,user_065,server_03,git,LOGIN PULL READ_FILE PUSH COMMIT LOGOUT,6,86.83,330825,0,0,0
sess_01306,user_039,server_16,git,LOGIN FAILED_LOGIN FAILED_LOGIN FAILED_LOGIN DELETE_REPO DOWNLOAD,6,110.0,5300290,3,3,1
sess_04464,user_002,server_06,git,LOGIN PUSH CREATE_BRANCH PULL COMMIT READ_FILE LOGOUT,7,89.29,403704,0,0,0
sess_00726,user_056,server_15,server,LOGIN DB_WRITE HTTP_GET LOGOUT DB_READ HTTP_POST,6,98.83,306100,0,0,0
sess_00768,user_002,server_02,server,LOGIN HTTP_GET HTTP_GET CACHE_READ DB_READ CACHE_READ LOGOUT,7,68.71,325537,0,0,0
sess_00031,user_041,server_15,server,LOGIN HTTP_GET DB_READ CACHE_READ LOGOUT HTTP_GET,6,85.67,302897,0,0,0
sess_01811,user_036,server_03,git,LOGIN PULL COMMIT READ_FILE PULL LOGOUT PUSH,7,70.0,344539,0,0,0
sess_01989,user_053,server_18,server,LOGIN HTTP_GET LOGOUT CACHE_READ HTTP_GET DB_READ,6,96.5,338536,0,0,0
sess_00528,user_097,server_07,git,LOGIN PULL LOGOUT READ_FILE READ_FILE COMMIT PUSH,7,95.29,349586,0,0,0
sess_00638,user_048,server_19,git,LOGIN CREATE_BRANCH DELETE_REPO DOWNLOAD DOWNLOAD,5,110.8,10221251,0,0,1
sess_03348,user_024,server_19,git,LOGIN LOGOUT PULL PUSH READ_FILE COMMIT,6,80.67,330723,0,0,0
sess_01724,user_031,server_03,server,LOGIN DB_READ HTTP_GET DB_WRITE HTTP_POST LOGOUT,6,81.5,321910,0,0,0
sess_02928,user_088,server_04,git,LOGIN PULL READ_FILE COMMIT LOGOUT PUSH,6,83.33,286279,0,0,0
sess_03112,user_006,server_11,server,LOGIN HTTP_GET HTTP_GET LOGOUT DB_READ CACHE_READ CACHE_READ,7,103.86,267795,0,0,0
sess_03856,user_011,server_03,git,LOGIN CREATE_BRANCH READ_FILE COMMIT PULL READ_FILE LOGOUT PUSH,8,81.38,425217,0,0,0
sess_02594,user_068,server_10,git,LOGIN PULL COMMIT READ_FILE CREATE_BRANCH LOGOUT PUSH,7,70.71,336059,0,0,0
sess_01245,user_091,server_18,git,LOGIN READ_FILE CLONE COMMIT LOGOUT PUSH,6,82.67,328079,0,0,0
sess_03933,user_021,server_02,server,LOGIN FILE_DOWNLOAD FILE_DOWNLOAD FILE_DOWNLOAD HTTP_DELETE,5,73.8,15028266,0,0,1
sess_01919,user_033,server_04,server,LOGIN HTTP_GET CACHE_READ LOGOUT CACHE_READ DB_READ HTTP_GET,7,87.0,355148,0,0,0
sess_04850,user_038,server_03,server,LOGIN LOGOUT HTTP_GET DB_WRITE HTTP_POST DB_READ CACHE_WRITE,7,69.0,338684,0,0,0
sess_04748,user_074,server_05,git,LOGIN DELETE_REPO CLONE DOWNLOAD DOWNLOAD PUSH,6,93.83,10436237,0,0,1
sess_00644,user_039,server_16,git,LOGIN CLONE LOGOUT COMMIT READ_FILE PUSH READ_FILE,7,90.0,354959,0,0,0
sess_04228,user_023,server_20,server,LOGIN HTTP_GET DB_WRITE CACHE_READ DB_READ LOGOUT HTTP_POST,7,88.71,296242,0,0,0
sess_01994,user_053,server_06,git,LOGIN FAILED_LOGIN FAILED_LOGIN FAILED_LOGIN DELETE_REPO DOWNLOAD,6,106.83,5444958,3,3,1
sess_02026,user_039,server_17,server,LOGIN HTTP_GET DB_WRITE HTTP_POST DB_READ CACHE_WRITE LOGOUT,7,95.14,292541,0,0,0
sess_04611,user_087,server_13,server,LOGIN DB_READ HTTP_GET HTTP_POST DB_WRITE CACHE_WRITE LOGOUT,7,93.71,322887,0,0,0
sess_03570,user_038,server_01,server,LOGIN HTTP_GET DB_READ CACHE_READ LOGOUT HTTP_POST CACHE_WRITE DB_WRITE,8,81.12,401505,0,0,0
sess_01939,user_070,server_08,git,LOGIN PULL COMMIT READ_FILE CREATE_BRANCH PUSH READ_FILE LOGOUT,8,95.38,403564,0,0,0
sess_02471,user_071,server_20,server,LOGIN DB_READ HTTP_POST HTTP_GET DB_WRITE LOGOUT CACHE_WRITE,7,90.57,391214,0,0,0
sess_03070,user_038,server_14,server,LOGIN FILE_DOWNLOAD FILE_DOWNLOAD FILE_DOWNLOAD HTTP_DELETE,5,115.2,14794639,0,0,1
sess_04183,user_039,server_09,server,LOGIN HTTP_GET LOGOUT DB_READ DB_WRITE HTTP_POST,6,86.5,234991,0,0,0
sess_04298,user_100,server_14,git,LOGIN CLONE COMMIT READ_FILE PUSH LOGOUT,6,84.5,312757,0,0,0
sess_00329,user_083,server_20,server,LOGIN DB_READ HTTP_GET CACHE_READ HTTP_GET LOGOUT,6,88.0,315376,0,0,0
sess_01465,user_041,server_10,server,LOGIN FILE_DOWNLOAD HTTP_DELETE FILE_DOWNLOAD FILE_DOWNLOAD,5,77.2,14890878,0,0,1
sess_00993,user_058,server_19,git,LOGIN CLONE READ_FILE LOGOUT COMMIT READ_FILE PUSH,7,78.86,326986,0,0,0
sess_03271,user_087,server_03,git,LOGIN PULL COMMIT READ_FILE LOGOUT READ_FILE PUSH,7,91.14,327402,0,0,0
sess_00602,user_090,server_04,server,LOGIN DB_READ HTTP_GET CACHE_READ HTTP_GET LOGOUT,6,96.5,320252,0,0,0
sess_03172,user_046,server_17,git,LOGIN CLONE COMMIT READ_FILE PUSH LOGOUT,6,74.67,319904,0,0,0
sess_02721,user_087,server_04,git,LOGIN READ_FILE CREATE_BRANCH PULL LOGOUT PUSH COMMIT,7,70.71,337545,0,0,0
sess_04438,user_058,server_07,server,LOGIN DB_WRITE HTTP_GET DB_READ HTTP_POST LOGOUT CACHE_WRITE,7,92.86,294428,0,0,0
sess_02416,user_044,server_10,server,LOGIN HTTP_GET ERROR_500 ERROR_500 DB_WRITE ERROR_500,6,443.0,291269,3,0,1
sess_00077,user_054,server_16,server,LOGIN HTTP_GET CACHE_READ DB_READ HTTP_GET LOGOUT,6,78.33,289157,0,0,0
sess_01041,user_083,server_14,git,LOGIN CLONE READ_FILE COMMIT PUSH LOGOUT,6,92.5,277597,0,0,0
sess_03918,user_027,server_08,server,LOGIN HTTP_GET DB_READ HTTP_POST DB_WRITE LOGOUT,6,100.33,281792,0,0,0
sess_00362,user_040,server_20,server,LOGIN HTTP_GET DB_WRITE HTTP_POST DB_READ CACHE_READ CACHE_WRITE LOGOUT,8,76.75,380584,0,0,0
sess_03486,user_007,server_04,server,LOGIN HTTP_GET LOGOUT DB_READ CACHE_READ HTTP_GET,6,107.0,335257,0,0,0
sess_04788,user_058,server_04,server,LOGIN CACHE_READ HTTP_GET HTTP_GET LOGOUT DB_READ,6,92.17,302569,0,0,0
sess_03320,user_003,server_18,git,LOGIN CLONE COMMIT READ_FILE PUSH LOGOUT,6,93.5,325355,0,0,0
sess_00535,user_078,server_01,server,LOGIN HTTP_GET DB_READ DB_WRITE HTTP_POST CACHE_WRITE LOGOUT,7,77.43,398391,0,0,0
sess_02723,user_055,server_02,git,LOGIN PUSH CLONE READ_FILE LOGOUT COMMIT,6,83.5,312484,0,0,0
sess_01156,user_045,server_02,git,LOGIN PULL COMMIT READ_FILE CREATE_BRANCH LOGOUT PUSH,7,88.14,334650,0,0,0
sess_01129,user_011,server_15,git,LOGIN READ_FILE CLONE COMMIT LOGOUT PUSH,6,99.67,298688,0,0,0
sess_01395,user_022,server_01,server,LOGIN DB_READ HTTP_GET CACHE_WRITE HTTP_POST DB_WRITE LOGOUT,7,84.14,351637,0,0,0
sess_00256,user_030,server_15,git,LOGIN CLONE READ_FILE PUSH COMMIT LOGOUT,6,89.33,286894,0,0,0
sess_01996,user_075,server_02,git,LOGIN CLONE PUSH COMMIT READ_FILE LOGOUT,6,106.5,253636,0,0,0
sess_03767,user_095,server_06,git,LOGIN DOWNLOAD FAILED_LOGIN FAILED_LOGIN FAILED_LOGIN DELETE_REPO,6,101.67,5322250,3,3,1
sess_04059,user_004,server_18,git,LOGIN CLONE READ_FILE COMMIT LOGOUT PUSH,6,90.33,354997,0,0,0
sess_01656,user_047,server_19,server,LOGIN DB_READ DB_WRITE HTTP_GET CACHE_WRITE HTTP_POST LOGOUT,7,97.0,336851,0,0,0
sess_01636,user_091,server_18,git,LOGIN READ_FILE PULL COMMIT CREATE_BRANCH LOGOUT PUSH,7,96.14,279928,0,0,0
sess_02868,user_048,server_07,git,LOGIN FAILED_LOGIN FAILED_LOGIN FAILED_LOGIN DELETE_REPO DOWNLOAD,6,94.33,5278865,3,3,1
sess_02051,user_080,server_14,server,LOGIN HTTP_GET CACHE_WRITE LOGOUT DB_READ HTTP_POST DB_WRITE,7,102.71,316983,0,0,0
sess_00327,user_071,server_18,server,LOGIN HTTP_GET HTTP_GET ERROR_500 ERROR_500 HTTP_GET HTTP_GET,7,269.43,302013,2,0,1
sess_01313,user_036,server_03,git,LOGIN PULL COMMIT READ_FILE PUSH PULL LOGOUT,7,88.86,329389,0,0,0
sess_01940,user_018,server_10,git,LOGIN CLONE COMMIT LOGOUT READ_FILE PUSH,6,105.17,255126,0,0,0
sess_01411,user_041,server_19,server,LOGIN DB_READ DB_WRITE HTTP_GET HTTP_POST CACHE_WRITE LOGOUT,7,96.0,313035,0,0,0
sess_00490,user_002,server_05,server,LOGIN HTTP_GET DB_READ DB_WRITE HTTP_POST CACHE_WRITE LOGOUT,7,101.0,336932,0,0,0
sess_03332,user_043,server_19,git,LOGIN CLONE READ_FILE COMMIT PUSH LOGOUT,6,90.5,290893,0,0,0
sess_01986,user_016,server_17,git,LOGIN READ_FILE CLONE COMMIT LOGOUT PUSH,6,91.5,341549,0,0,0
sess_00589,user_045,server_17,git,LOGIN READ_FILE READ_FILE PULL PUSH CREATE_BRANCH COMMIT LOGOUT,8,95.5,371334,0,0,0
sess_04209,user_005,server_07,git,LOGIN CLONE READ_FILE LOGOUT COMMIT PUSH,6,46.83,321188,0,0,0
sess_01586,user_074,server_17,server,LOGIN HTTP_GET DB_READ HTTP_GET LOGOUT CACHE_READ,6,99.33,286438,0,0,0
sess_03681,user_013,server_14,git,LOGIN FAILED_LOGIN FAILED_LOGIN DOWNLOAD FAILED_LOGIN DELETE_REPO,6,111.5,5344274,3,3,1
sess_02088,user_003,server_03,server,LOGIN CACHE_READ HTTP_GET LOGOUT HTTP_GET DB_READ CACHE_READ,7,77.43,374116,0,0,0
sess_00939,user_017,server_04,server,LOGIN HTTP_GET LOGOUT DB_READ CACHE_READ HTTP_GET,6,82.67,278570,0,0,0
sess_03357,user_097,server_02,server,LOGIN HTTP_GET CACHE_READ DB_READ LOGOUT HTTP_POST DB_WRITE,7,83.29,338768,0,0,0
sess_02025,user_096,server_16,server,LOGIN HTTP_GET HTTP_POST DB_READ DB_WRITE LOGOUT,6,71.5,330301,0,0,0
sess_01085,user_004,server_18,server,LOGIN HTTP_GET CACHE_READ DB_READ LOGOUT HTTP_GET,6,78.67,306392,0,0,0
sess_00957,user_041,server_15,git,LOGIN FAILED_LOGIN FAILED_LOGIN FAILED_LOGIN DOWNLOAD DELETE_REPO,6,110.0,5292164,3,3,1
sess_00754,user_082,server_03,git,LOGIN PULL LOGOUT READ_FILE CREATE_BRANCH PUSH COMMIT,7,79.86,319062,0,0,0
sess_04008,user_088,server_12,git,LOGIN CLONE READ_FILE COMMIT READ_FILE PUSH LOGOUT,7,92.0,385172,0,0,0
sess_01084,user_057,server_04,git,LOGIN READ_FILE PULL READ_FILE PUSH COMMIT PULL LOGOUT,8,76.62,442830,0,0,0
sess_04245,user_028,server_16,server,LOGIN HTTP_GET DB_READ CACHE_WRITE HTTP_POST LOGOUT DB_WRITE,7,101.14,311178,0,0,0
sess_02893,user_097,server_17,git,LOGIN PULL PUSH LOGOUT COMMIT READ_FILE,6,95.67,297461,0,0,0
sess_03004,user_071,server_11,server,LOGIN HTTP_GET HTTP_POST DB_READ LOGOUT DB_WRITE CACHE_WRITE,7,104.14,340430,0,0,0
sess_03775,user_015,server_15,server,LOGIN HTTP_POST LOGOUT HTTP_GET CACHE_WRITE DB_READ DB_WRITE,7,100.29,394909,0,0,0
sess_02915,user_072,server_15,server,LOGIN HTTP_GET HTTP_POST DB_READ LOGOUT DB_WRITE,6,81.67,282940,0,0,0
sess_02754,user_092,server_17,git,LOGIN PULL COMMIT PUSH READ_FILE LOGOUT CREATE_BRANCH,7,94.29,289886,0,0,0
sess_04777,user_023,server_12,server,LOGIN DB_READ LOGOUT HTTP_GET CACHE_READ HTTP_GET,6,81.67,283804,0,0,0
sess_04352,user_001,server_15,git,LOGIN COMMIT CLONE LOGOUT READ_FILE PUSH,6,95.0,346772,0,0,0
sess_04595,user_096,server_05,server,LOGIN HTTP_GET LOGOUT HTTP_POST DB_READ DB_WRITE CACHE_WRITE,7,87.43,356433,0,0,0
sess_04806,user_016,server_01,server,LOGIN HTTP_GET CACHE_READ HTTP_GET DB_READ LOGOUT,6,96.0,349091,0,0,0
sess_03467,user_058,server_03,git,LOGIN CLONE COMMIT READ_FILE READ_FILE PUSH LOGOUT,7,95.0,419318,0,0,0
sess_00637,user_070,server_07,git,LOGIN PULL READ_FILE COMMIT LOGOUT PUSH,6,99.33,341047,0,0,0
sess_01486,user_030,server_07,git,LOGIN READ_FILE PULL COMMIT PUSH CREATE_BRANCH LOGOUT,7,92.43,312699,0,0,0
sess_04285,user_038,server_20,git,LOGIN PULL READ_FILE CREATE_BRANCH LOGOUT COMMIT PUSH,7,102.0,320848,0,0,0
sess_04112,user_059,server_18,server,LOGIN HTTP_GET HTTP_GET HTTP_GET HTTP_GET ERROR_500 ERROR_500,7,270.43,261525,2,0,1
sess_04998,user_010,server_12,server,LOGIN HTTP_GET CACHE_READ DB_READ LOGOUT HTTP_GET,6,104.83,337678,0,0,0
sess_00741,user_013,server_14,git,LOGIN READ_FILE PULL COMMIT LOGOUT PUSH,6,81.33,239952,0,0,0
sess_02844,user_012,server_17,git,LOGIN PULL READ_FILE COMMIT PULL PUSH LOGOUT,7,88.29,340864,0,0,0
sess_01816,user_059,server_03,server,LOGIN HTTP_GET DB_READ LOGOUT DB_WRITE CACHE_READ HTTP_POST,7,95.86,322756,0,0,0
sess_01887,user_008,server_19,server,LOGIN HTTP_GET LOGOUT DB_READ CACHE_WRITE HTTP_POST DB_WRITE,7,93.43,345967,0,0,0
sess_02111,user_022,server_03,server,LOGIN LOGOUT HTTP_GET CACHE_READ HTTP_GET DB_READ,6,92.5,289165,0,0,0
sess_00582,user_057,server_03,git,LOGIN READ_FILE PULL CREATE_BRANCH COMMIT LOGOUT PUSH,7,102.29,373993,0,0,0
sess_00659,user_003,server_11,server,LOGIN HTTP_GET DB_READ HTTP_GET CACHE_READ CACHE_READ LOGOUT,7,79.57,353297,0,0,0
sess_01570,user_060,server_18,git,LOGIN READ_FILE PULL PUSH COMMIT LOGOUT,6,103.67,305196,0,0,0
sess_01492,user_010,server_03,git,LOGIN PULL COMMIT READ_FILE LOGOUT READ_FILE PUSH,7,88.14,328914,0,0,0
sess_02741,user_007,server_01,git,LOGIN COMMIT PULL READ_FILE READ_FILE LOGOUT PUSH,7,98.14,377684,0,0,0
sess_02663,user_082,server_01,server,LOGIN DB_READ HTTP_GET HTTP_POST DB_WRITE LOGOUT,6,83.83,288270,0,0,0
sess_03450,user_094,server_17,git,LOGIN PULL COMMIT READ_FILE PULL LOGOUT PUSH,7,102.14,319171,0,0,0
sess_04218,user_045,server_10,server,LOGIN CACHE_READ HTTP_GET DB_READ HTTP_GET LOGOUT,6,77.83,314800,0,0,0
sess_02518,user_026,server_10,server,LOGIN DB_READ HTTP_GET HTTP_POST CACHE_WRITE DB_WRITE LOGOUT,7,86.86,387784,0,0,0
sess_02596,user_025,server_03,server,LOGIN HTTP_GET ERROR_500 ERROR_500 DB_WRITE ERROR_500,6,376.33,281273,3,0,1
sess_00278,user_094,server_13,git,LOGIN CLONE COMMIT PUSH READ_FILE LOGOUT,6,84.17,332500,0,0,0
sess_04787,user_070,server_15,git,LOGIN PULL COMMIT READ_FILE PULL LOGOUT PUSH,7,77.29,381257,0,0,0
sess_02815,user_078,server_14,git,LOGIN PULL PUSH READ_FILE CREATE_BRANCH COMMIT LOGOUT,7,91.43,318656,0,0,0
sess_02467,user_043,server_13,git,LOGIN READ_FILE PULL PUSH CREATE_BRANCH COMMIT LOGOUT,7,88.86,398081,0,0,0
sess_00494,user_073,server_13,server,LOGIN HTTP_GET DB_READ HTTP_POST LOGOUT DB_WRITE CACHE_WRITE,7,101.43,362484,0,0,0
sess_00481,user_033,server_18,git,LOGIN PULL LOGOUT READ_FILE COMMIT CREATE_BRANCH READ_FILE PUSH,8,86.88,391248,0,0,0
sess_01890,user_062,server_14,git,LOGIN PULL COMMIT PUSH CREATE_BRANCH READ_FILE LOGOUT,7,90.0,360914,0,0,0
sess_02706,user_030,server_03,git,LOGIN PULL READ_FILE PUSH COMMIT LOGOUT,6,106.17,293173,0,0,0
sess_04655,user_017,server_05,server,LOGIN HTTP_GET CACHE_READ DB_READ HTTP_GET CACHE_READ LOGOUT,7,95.57,323264,0,0,0
sess_03803,user_078,server_09,git,LOGIN PULL CREATE_BRANCH READ_FILE READ_FILE PUSH COMMIT LOGOUT,8,100.62,396334,0,0,0
sess_04880,user_074,server_17,git,LOGIN PULL CREATE_BRANCH READ_FILE LOGOUT COMMIT PUSH,7,79.57,438701,0,0,0
sess_02896,user_094,server_05,git,LOGIN PULL PUSH COMMIT READ_FILE LOGOUT,6,96.83,304699,0,0,0
sess_03111,user_023,server_20,git,LOGIN PULL PULL PUSH READ_FILE COMMIT LOGOUT,7,80.43,404981,0,0,0
sess_04634,user_032,server_04,git,LOGIN CLONE PUSH READ_FILE COMMIT LOGOUT,6,90.17,300468,0,0,0
sess_03469,user_083,server_09,git,LOGIN PULL READ_FILE LOGOUT COMMIT PULL READ_FILE PUSH,8,78.62,384450,0,0,0
sess_01654,user_030,server_12,git,LOGIN PULL READ_FILE READ_FILE PUSH CREATE_BRANCH LOGOUT COMMIT,8,83.62,433211,0,0,0
sess_03110,user_048,server_16,git,LOGIN READ_FILE PULL CREATE_BRANCH COMMIT PUSH LOGOUT,7,71.86,356139,0,0,0
sess_00084,user_075,server_02,git,LOGIN PULL CREATE_BRANCH READ_FILE LOGOUT COMMIT PUSH,7,86.14,311835,0,0,0
sess_02202,user_078,server_06,server,LOGIN HTTP_GET HTTP_POST LOGOUT CACHE_WRITE DB_READ DB_WRITE,7,82.14,291245,0,0,0
sess_03815,user_006,server_12,server,LOGIN HTTP_GET DB_READ LOGOUT DB_WRITE HTTP_POST,6,87.17,249371,0,0,0
sess_02827,user_001,server_14,git,LOGIN PULL PULL COMMIT READ_FILE PUSH LOGOUT,7,69.0,342237,0,0,0
sess_03502,user_065,server_08,server,LOGIN HTTP_GET DB_READ HTTP_GET LOGOUT CACHE_READ,6,89.0,279130,0,0,0
sess_00067,user_041,server_09,git,LOGIN DELETE_REPO CREATE_BRANCH DOWNLOAD DOWNLOAD,5,96.8,10025020,0,0,1
sess_02491,user_028,server_20,server,LOGIN FILE_DOWNLOAD FILE_DOWNLOAD FILE_DOWNLOAD HTTP_DELETE,5,78.6,15005054,0,0,1
sess_01316,user_040,server_09,git,LOGIN COMMIT PULL READ_FILE LOGOUT PUSH,6,102.5,329195,0,0,0
sess_01977,user_028,server_12,git,LOGIN PULL PUSH CREATE_BRANCH READ_FILE COMMIT LOGOUT,7,92.14,379628,0,0,0
sess_02549,user_080,server_17,git,LOGIN PULL LOGOUT COMMIT READ_FILE PUSH,6,89.83,325130,0,0,0
sess_04732,user_007,server_02,server,LOGIN HTTP_GET HTTP_POST DB_READ CACHE_WRITE DB_WRITE LOGOUT,7,99.0,277141,0,0,0
sess_04246,user_016,server_06,git,LOGIN READ_FILE PULL COMMIT READ_FILE PUSH LOGOUT,7,77.86,384948,0,0,0
sess_04677,user_075,server_17,server,LOGIN CACHE_READ HTTP_GET DB_READ LOGOUT DB_WRITE HTTP_POST,7,84.43,367625,0,0,0
sess_00188,user_084,server_03,server,LOGIN DB_WRITE HTTP_GET DB_READ HTTP_POST LOGOUT,6,100.33,333472,0,0,0
sess_04669,user_001,server_05,git,LOGIN CLONE READ_FILE COMMIT PUSH LOGOUT,6,75.0,343916,0,0,0
sess_00655,user_065,server_05,git,LOGIN READ_FILE PULL COMMIT PUSH LOGOUT,6,93.5,306730,0,0,0
sess_04317,user_040,server_04,git,LOGIN PULL READ_FILE PUSH CREATE_BRANCH LOGOUT COMMIT,7,83.29,345556,0,0,0
sess_02511,user_004,server_13,git,LOGIN DOWNLOAD CLONE DOWNLOAD DELETE_REPO PUSH,6,95.0,10017968,0,0,1
sess_00267,user_043,server_01,git,LOGIN CREATE_BRANCH DELETE_REPO DOWNLOAD DOWNLOAD,5,75.2,9978549,0,0,1
sess_00556,user_054,server_04,git,LOGIN PULL READ_FILE COMMIT PUSH LOGOUT,6,93.17,372602,0,0,0
sess_02086,user_085,server_05,server,LOGIN ERROR_500 HTTP_GET ERROR_500 ERROR_500 DB_WRITE,6,322.67,299586,3,0,1
sess_00259,user_023,server_11,git,LOGIN PULL PULL READ_FILE READ_FILE LOGOUT COMMIT PUSH,8,95.62,398826,0,0,0
sess_04104,user_010,server_17,git,LOGIN PULL READ_FILE COMMIT PUSH LOGOUT,6,91.67,302451,0,0,0
sess_03737,user_075,server_12,server,LOGIN HTTP_GET DB_READ HTTP_POST DB_WRITE LOGOUT CACHE_WRITE,7,94.71,338616,0,0,0
sess_03013,user_010,server_01,git,LOGIN PULL READ_FILE LOGOUT COMMIT PUSH,6,81.33,357816,0,0,0
sess_00815,user_028,server_05,git,LOGIN DOWNLOAD CLONE PUSH DOWNLOAD DELETE_REPO,6,91.5,10049300,0,0,1
sess_04457,user_055,server_15,git,LOGIN COMMIT PULL LOGOUT READ_FILE PUSH,6,91.17,278603,0,0,0
sess_01059,user_078,server_15,git,LOGIN PULL PUSH READ_FILE COMMIT LOGOUT,6,84.5,298471,0,0,0
sess_02443,user_030,server_03,server,LOGIN FILE_DOWNLOAD FILE_DOWNLOAD FILE_DOWNLOAD HTTP_DELETE,5,97.4,15162730,0,0,1
sess_02599,user_043,server_06,server,LOGIN CACHE_READ HTTP_GET HTTP_GET DB_READ LOGOUT,6,84.17,284815,0,0,0
sess_04036,user_040,server_01,server,LOGIN CACHE_READ HTTP_GET LOGOUT DB_READ HTTP_GET,6,93.67,339442,0,0,0
sess_00433,user_053,server_10,git,LOGIN READ_FILE PULL COMMIT LOGOUT PUSH PULL,7,77.57,338816,0,0,0
sess_04945,user_094,server_09,server,LOGIN HTTP_GET DB_READ LOGOUT HTTP_GET CACHE_READ,6,80.0,290176,0,0,0
sess_01764,user_070,server_19,server,LOGIN HTTP_GET HTTP_POST DB_READ CACHE_WRITE DB_WRITE LOGOUT,7,95.86,318632,0,0,0
sess_03960,user_036,server_18,git,LOGIN READ_FILE CLONE LOGOUT COMMIT PUSH,6,105.17,326987,0,0,0
sess_01926,user_023,server_08,git,LOGIN PULL READ_FILE PUSH LOGOUT COMMIT,6,78.5,248517,0,0,0
sess_04636,user_032,server_20,git,LOGIN READ_FILE PULL COMMIT PUSH LOGOUT,6,80.67,307785,0,0,0
sess_03255,user_100,server_20,git,LOGIN CLONE PUSH COMMIT READ_FILE LOGOUT,6,95.33,258160,0,0,0
sess_04485,user_059,server_16,git,LOGIN CREATE_BRANCH DELETE_REPO DOWNLOAD DOWNLOAD,5,81.2,10217771,0,0,1
sess_01804,user_041,server_15,server,LOGIN HTTP_GET DB_READ DB_WRITE CACHE_WRITE HTTP_POST CACHE_READ LOGOUT,8,92.12,334665,0,0,0
sess_00753,user_050,server_18,git,LOGIN COMMIT PULL READ_FILE LOGOUT READ_FILE PUSH,7,85.14,381736,0,0,0
sess_01647,user_003,server_02,git,LOGIN CLONE READ_FILE COMMIT PUSH LOGOUT,6,86.17,238379,0,0,0
sess_04944,user_055,server_20,server,LOGIN HTTP_POST HTTP_GET DB_READ LOGOUT DB_WRITE CACHE_WRITE,7,86.71,345509,0,0,0
sess_04690,user_060,server_09,git,LOGIN CLONE READ_FILE PUSH COMMIT READ_FILE LOGOUT,7,71.0,343241,0,0,0
sess_01896,user_006,server_09,server,LOGIN HTTP_GET LOGOUT HTTP_GET DB_READ CACHE_READ,6,106.5,290090,0,0,0
sess_03340,user_026,server_10,git,LOGIN READ_FILE CLONE PUSH COMMIT LOGOUT,6,80.0,309079,0,0,0
sess_02568,user_093,server_08,server,LOGIN FILE_DOWNLOAD FILE_DOWNLOAD FILE_DOWNLOAD HTTP_DELETE,5,82.4,14849107,0,0,1
sess_02550,user_097,server_17,git,LOGIN READ_FILE PULL COMMIT READ_FILE PUSH LOGOUT,7,77.57,330536,0,0,0
sess_01246,user_071,server_02,git,LOGIN READ_FILE PUSH CLONE COMMIT READ_FILE LOGOUT,7,90.43,364374,0,0,0
sess_04524,user_023,server_09,git,LOGIN PULL PULL READ_FILE PUSH COMMIT LOGOUT,7,84.43,299639,0,0,0
sess_00584,user_027,server_16,server,LOGIN HTTP_GET CACHE_READ HTTP_GET LOGOUT DB_READ,6,83.33,312574,0,0,0
sess_03334,user_065,server_05,git,LOGIN PULL PUSH PULL READ_FILE COMMIT LOGOUT,7,90.71,319193,0,0,0
sess_03262,user_050,server_17,git,LOGIN PULL READ_FILE COMMIT CREATE_BRANCH PUSH LOGOUT,7,90.29,346421,0,0,0
sess_04436,user_052,server_02,server,LOGIN HTTP_GET LOGOUT CACHE_READ HTTP_GET DB_READ,6,86.0,276709,0,0,0
sess_02348,user_093,server_04,server,LOGIN HTTP_GET DB_READ HTTP_POST DB_WRITE LOGOUT CACHE_WRITE,7,74.0,286191,0,0,0
sess_01421,user_012,server_20,git,LOGIN LOGOUT PULL READ_FILE PUSH CREATE_BRANCH COMMIT,7,92.43,351945,0,0,0
sess_01913,user_099,server_03,server,LOGIN DB_READ HTTP_GET DB_WRITE HTTP_POST CACHE_WRITE LOGOUT,7,82.86,284650,0,0,0
sess_03008,user_006,server_16,server,LOGIN HTTP_GET LOGOUT DB_READ CACHE_READ HTTP_GET,6,84.83,282525,0,0,0
sess_00121,user_029,server_11,server,LOGIN HTTP_GET LOGOUT HTTP_GET CACHE_READ DB_READ,6,110.83,294349,0,0,0
sess_00423,user_032,server_15,git,LOGIN READ_FILE CLONE COMMIT PUSH LOGOUT,6,70.33,301895,0,0,0
sess_00817,user_023,server_06,server,LOGIN DB_READ HTTP_GET LOGOUT HTTP_POST DB_WRITE,6,95.5,324017,0,0,0
sess_01972,user_098,server_15,server,LOGIN AUTH_FAILURE ERROR_500 AUTH_FAILURE AUTH_FAILURE HTTP_DELETE,6,170.33,274950,4,3,1
sess_04164,user_087,server_01,server,LOGIN HTTP_GET CACHE_READ HTTP_GET DB_READ LOGOUT,6,73.67,325681,0,0,0
sess_02716,user_082,server_02,server,LOGIN HTTP_GET DB_READ HTTP_POST DB_WRITE LOGOUT,6,72.67,310082,0,0,0
sess_03010,user_058,server_04,git,LOGIN PULL READ_FILE PUSH COMMIT PULL LOGOUT,7,102.29,325764,0,0,0
sess_00570,user_092,server_12,server,LOGIN DB_READ DB_WRITE HTTP_GET HTTP_POST LOGOUT,6,93.5,357418,0,0,0
sess_04126,user_089,server_04,git,LOGIN PULL PUSH LOGOUT READ_FILE COMMIT,6,82.0,324089,0,0,0
sess_01341,user_026,server_10,server,LOGIN HTTP_GET DB_WRITE DB_READ LOGOUT HTTP_POST,6,105.5,266177,0,0,0
sess_02630,user_002,server_08,git,LOGIN PULL READ_FILE CREATE_BRANCH COMMIT PUSH LOGOUT,7,108.57,336606,0,0,0
sess_03801,user_081,server_12,server,LOGIN HTTP_GET DB_READ HTTP_POST DB_WRITE LOGOUT,6,77.0,261344,0,0,0
sess_01066,user_100,server_14,server,LOGIN HTTP_POST HTTP_GET CACHE_READ DB_READ DB_WRITE LOGOUT,7,98.86,348486,0,0,0
sess_04340,user_046,server_08,server,LOGIN CACHE_READ LOGOUT HTTP_GET HTTP_GET CACHE_READ DB_READ,7,72.86,328947,0,0,0
sess_00284,user_026,server_19,git,LOGIN PULL READ_FILE PUSH COMMIT PULL LOGOUT,7,89.0,386721,0,0,0
sess_01279,user_035,server_15,git,LOGIN CLONE READ_FILE COMMIT PUSH LOGOUT,6,87.67,319919,0,0,0
sess_02941,user_088,server_12,git,LOGIN PULL READ_FILE LOGOUT PUSH COMMIT,6,87.17,317915,0,0,0
sess_02351,user_056,server_03,git,LOGIN PULL READ_FILE CREATE_BRANCH COMMIT LOGOUT PUSH,7,84.86,353476,0,0,0
sess_02611,user_013,server_19,server,LOGIN HTTP_GET DB_WRITE LOGOUT DB_READ HTTP_POST CACHE_WRITE,7,81.71,389074,0,0,0
sess_02990,user_022,server_08,server,LOGIN HTTP_GET DB_READ HTTP_GET CACHE_READ LOGOUT,6,77.83,299825,0,0,0
sess_04706,user_007,server_14,git,LOGIN READ_FILE PULL COMMIT LOGOUT PUSH PULL,7,92.57,332298,0,0,0
sess_02933,user_032,server_08,git,LOGIN COMMIT PULL READ_FILE PUSH PULL LOGOUT,7,85.29,341493,0,0,0
sess_01414,user_046,server_06,git,LOGIN PULL READ_FILE COMMIT PUSH LOGOUT,6,73.17,314560,0,0,0
sess_03822,user_019,server_16,git,LOGIN PULL PUSH READ_FILE COMMIT LOGOUT,6,86.33,269992,0,0,0
sess_01954,user_038,server_10,git,LOGIN DELETE_REPO CREATE_BRANCH DOWNLOAD DOWNLOAD,5,94.0,10254492,0,0,1
sess_01855,user_082,server_15,git,LOGIN PULL READ_FILE PUSH COMMIT CREATE_BRANCH LOGOUT READ_FILE,8,84.38,418649,0,0,0
sess_03144,user_011,server_18,git,LOGIN READ_FILE PULL COMMIT CREATE_BRANCH PUSH LOGOUT,7,85.43,345554,0,0,0
sess_00870,user_090,server_15,server,LOGIN HTTP_GET DB_READ HTTP_POST CACHE_WRITE DB_WRITE LOGOUT,7,80.43,365031,0,0,0
sess_02003,user_096,server_04,server,LOGIN AUTH_FAILURE HTTP_DELETE AUTH_FAILURE AUTH_FAILURE ERROR_500,6,220.33,217003,4,3,1
sess_00190,user_018,server_16,server,LOGIN HTTP_GET DB_READ DB_WRITE HTTP_POST LOGOUT,6,97.67,328375,0,0,0
sess_00833,user_010,server_18,git,LOGIN COMMIT LOGOUT CLONE READ_FILE PUSH,6,96.33,269523,0,0,0
sess_00731,user_090,server_03,server,LOGIN DB_READ HTTP_GET CACHE_READ CACHE_READ HTTP_GET LOGOUT,7,89.71,343654,0,0,0
sess_04935,user_043,server_04,server,LOGIN HTTP_GET DB_WRITE HTTP_POST CACHE_READ LOGOUT DB_READ,7,88.57,357203,0,0,0
sess_04847,user_015,server_18,server,LOGIN HTTP_GET CACHE_READ HTTP_GET DB_READ LOGOUT,6,88.17,340301,0,0,0
sess_04635,user_040,server_19,git,LOGIN PULL READ_FILE PULL COMMIT PUSH LOGOUT,7,85.29,346045,0,0,0
sess_02734,user_051,server_10,server,LOGIN ERROR_500 HTTP_GET ERROR_500 ERROR_500 DB_WRITE,6,381.83,289469,3,0,1
sess_04608,user_039,server_09,server,LOGIN HTTP_GET DB_WRITE DB_READ LOGOUT HTTP_POST,6,108.67,314171,0,0,0
sess_03505,user_056,server_09,git,LOGIN PULL READ_FILE COMMIT READ_FILE LOGOUT PUSH,7,90.57,382998,0,0,0
sess_00804,user_060,server_10,server,LOGIN HTTP_GET DB_READ HTTP_POST DB_WRITE LOGOUT,6,85.67,329286,0,0,0
sess_03716,user_074,server_19,server,LOGIN HTTP_GET LOGOUT DB_WRITE DB_READ HTTP_POST,6,97.17,332693,0,0,0
sess_00441,user_001,server_02,git,LOGIN PULL READ_FILE READ_FILE COMMIT CREATE_BRANCH LOGOUT PUSH,8,78.5,360344,0,0,0
sess_00700,user_021,server_04,git,LOGIN FAILED_LOGIN FAILED_LOGIN FAILED_LOGIN DOWNLOAD DELETE_REPO,6,89.5,5321155,3,3,1
sess_00119,user_086,server_16,git,LOGIN PULL READ_FILE COMMIT PULL PUSH LOGOUT,7,85.29,320262,0,0,0
sess_03043,user_075,server_14,server,LOGIN FILE_DOWNLOAD FILE_DOWNLOAD FILE_DOWNLOAD HTTP_DELETE,5,80.0,15252152,0,0,1
sess_02083,user_001,server_06,server,LOGIN HTTP_GET CACHE_READ HTTP_POST DB_READ LOGOUT DB_WRITE,7,104.43,361064,0,0,0
sess_01051,user_078,server_10,server,LOGIN HTTP_GET DB_READ HTTP_GET LOGOUT CACHE_READ,6,78.5,290741,0,0,0
sess_00624,user_015,server_06,git,LOGIN COMMIT READ_FILE PULL LOGOUT PUSH,6,86.17,321363,0,0,0
sess_01042,user_013,server_02,server,LOGIN FILE_DOWNLOAD FILE_DOWNLOAD FILE_DOWNLOAD HTTP_DELETE,5,104.0,14941264,0,0,1
sess_03176,user_092,server_03,git,LOGIN LOGOUT PULL READ_FILE COMMIT PUSH,6,88.33,340297,0,0,0
sess_03827,user_037,server_08,git,LOGIN PULL PUSH READ_FILE COMMIT PULL LOGOUT,7,87.29,321538,0,0,0
sess_02424,user_046,server_03,server,LOGIN HTTP_POST HTTP_GET DB_READ CACHE_WRITE LOGOUT DB_WRITE,7,91.71,355006,0,0,0
sess_03904,user_016,server_19,server,LOGIN HTTP_GET DB_READ DB_WRITE HTTP_POST LOGOUT CACHE_WRITE,7,86.0,363570,0,0,0
sess_00462,user_051,server_10,git,LOGIN PULL COMMIT READ_FILE CREATE_BRANCH LOGOUT PUSH,7,100.29,319270,0,0,0
sess_03624,user_053,server_19,server,LOGIN HTTP_GET DB_READ HTTP_GET CACHE_READ LOGOUT CACHE_READ,7,88.29,329757,0,0,0
sess_03555,user_061,server_03,git,LOGIN PULL READ_FILE READ_FILE PUSH COMMIT LOGOUT,7,87.14,438996,0,0,0
sess_04128,user_027,server_12,server,LOGIN HTTP_GET CACHE_READ HTTP_GET DB_READ LOGOUT,6,82.0,343394,0,0,0
sess_04415,user_008,server_02,git,LOGIN CLONE READ_FILE READ_FILE COMMIT LOGOUT PUSH,7,107.57,317125,0,0,0
sess_01419,user_099,server_05,git,LOGIN READ_FILE PULL COMMIT LOGOUT PULL PUSH,7,82.0,335732,0,0,0
sess_03631,user_092,server_18,server,LOGIN HTTP_GET DB_WRITE LOGOUT DB_READ HTTP_POST,6,98.67,273193,0,0,0
sess_04453,user_012,server_08,git,LOGIN COMMIT PULL CREATE_BRANCH READ_FILE LOGOUT PUSH,7,89.14,320394,0,0,0
sess_03063,user_007,server_01,git,LOGIN COMMIT CLONE READ_FILE PUSH LOGOUT,6,73.5,312577,0,0,0
sess_00308,user_010,server_10,git,LOGIN READ_FILE PULL CREATE_BRANCH LOGOUT COMMIT PUSH,7,87.0,345544,0,0,0
sess_01669,user_048,server_10,server,LOGIN HTTP_GET HTTP_GET ERROR_500 HTTP_GET HTTP_GET ERROR_500,7,242.43,262067,2,0,1
sess_01220,user_100,server_06,server,LOGIN DB_READ HTTP_GET HTTP_GET CACHE_READ LOGOUT,6,82.33,358387,0,0,0
sess_04082,user_060,server_12,git,LOGIN PULL LOGOUT READ_FILE CREATE_BRANCH PUSH COMMIT,7,77.29,341633,0,0,0
sess_01591,user_032,server_20,server,LOGIN CACHE_READ HTTP_GET HTTP_GET DB_READ LOGOUT,6,86.5,256290,0,0,0
sess_02168,user_043,server_14,git,LOGIN PUSH COMMIT PULL READ_FILE LOGOUT,6,95.5,248399,0,0,0
sess_00732,user_053,server_12,git,LOGIN CREATE_BRANCH DELETE_REPO DOWNLOAD DOWNLOAD,5,97.8,9839192,0,0,1
sess_02044,user_016,server_12,git,LOGIN PULL PUSH PULL READ_FILE LOGOUT COMMIT,7,87.29,319139,0,0,0
sess_01017,user_048,server_16,git,LOGIN CLONE READ_FILE COMMIT PUSH LOGOUT,6,93.17,297624,0,0,0
sess_02374,user_087,server_04,git,LOGIN PULL READ_FILE CREATE_BRANCH COMMIT PUSH LOGOUT,7,78.43,334479,0,0,0
sess_03454,user_074,server_08,server,LOGIN FILE_DOWNLOAD FILE_DOWNLOAD FILE_DOWNLOAD HTTP_DELETE,5,79.4,14768487,0,0,1
sess_01895,user_012,server_18,server,LOGIN HTTP_GET LOGOUT DB_READ CACHE_READ HTTP_GET CACHE_READ,7,85.43,353285,0,0,0
sess_00594,user_013,server_06,git,LOGIN CREATE_BRANCH DELETE_REPO DOWNLOAD DOWNLOAD,5,94.4,10078737,0,0,1
sess_00323,user_077,server_08,server,LOGIN HTTP_GET DB_READ LOGOUT HTTP_GET CACHE_READ,6,92.17,332424,0,0,0
sess_01016,user_086,server_14,server,LOGIN HTTP_GET CACHE_READ DB_READ HTTP_GET LOGOUT,6,101.17,292032,0,0,0
sess_00263,user_084,server_13,git,LOGIN COMMIT PULL READ_FILE PUSH LOGOUT,6,73.83,285304,0,0,0
sess_00210,user_099,server_02,server,LOGIN HTTP_GET HTTP_GET CACHE_READ DB_READ CACHE_READ LOGOUT,7,87.14,281083,0,0,0
sess_02199,user_047,server_11,server,LOGIN HTTP_GET CACHE_READ DB_READ HTTP_GET CACHE_READ LOGOUT,7,86.57,343880,0,0,0
sess_01322,user_034,server_09,server,LOGIN HTTP_GET LOGOUT DB_WRITE CACHE_READ DB_READ HTTP_POST,7,88.0,298843,0,0,0
sess_03575,user_010,server_17,git,LOGIN PULL READ_FILE PUSH COMMIT LOGOUT,6,114.0,312848,0,0,0
sess_00509,user_086,server_12,git,LOGIN CLONE DOWNLOAD DOWNLOAD DELETE_REPO PUSH,6,86.17,10311759,0,0,1
sess_04759,user_097,server_11,server,LOGIN HTTP_GET DB_WRITE HTTP_POST DB_READ LOGOUT,6,78.33,344408,0,0,0
sess_04917,user_030,server_15,server,LOGIN HTTP_GET DB_WRITE ERROR_500 ERROR_500 ERROR_500,6,426.33,289647,3,0,1
sess_03482,user_100,server_09,server,LOGIN HTTP_GET CACHE_READ HTTP_GET DB_READ LOGOUT,6,96.67,309550,0,0,0
sess_00908,user_069,server_10,git,LOGIN CLONE DOWNLOAD DOWNLOAD PUSH DELETE_REPO,6,81.5,10278824,0,0,1
sess_03118,user_064,server_12,server,LOGIN HTTP_GET DB_READ CACHE_WRITE HTTP_POST DB_WRITE LOGOUT,7,85.86,397219,0,0,0
sess_04019,user_089,server_19,server,LOGIN HTTP_GET HTTP_GET CACHE_READ DB_READ LOGOUT,6,80.67,260213,0,0,0
sess_04561,user_063,server_09,server,LOGIN HTTP_GET DB_READ HTTP_POST LOGOUT CACHE_WRITE DB_WRITE,7,84.29,355265,0,0,0
sess_03756,user_051,server_04,git,LOGIN CLONE LOGOUT READ_FILE COMMIT PUSH,6,100.0,303750,0,0,0
sess_03439,user_020,server_13,git,LOGIN READ_FILE PULL COMMIT PULL READ_FILE PUSH LOGOUT,8,84.62,454407,0,0,0
sess_03485,user_014,server_16,git,LOGIN PULL READ_FILE COMMIT PULL LOGOUT PUSH,7,95.86,356819,0,0,0
sess_00757,user_062,server_14,server,LOGIN HTTP_GET ERROR_500 ERROR_500 ERROR_500 DB_WRITE,6,479.17,283430,3,0,1
sess_03820,user_096,server_08,server,LOGIN HTTP_GET CACHE_READ DB_READ HTTP_GET LOGOUT,6,81.5,322627,0,0,0
sess_03996,user_081,server_16,server,LOGIN HTTP_GET HTTP_GET CACHE_READ CACHE_READ DB_READ LOGOUT,7,105.29,349421,0,0,0
sess_01446,user_079,server_20,server,LOGIN HTTP_GET HTTP_GET CACHE_READ DB_READ LOGOUT,6,112.33,287380,0,0,0
sess_04223,user_033,server_08,git,LOGIN COMMIT READ_FILE PULL PUSH LOGOUT,6,94.33,274859,0,0,0
sess_00357,user_005,server_01,git,LOGIN READ_FILE CLONE PUSH COMMIT LOGOUT,6,92.17,279647,0,0,0
sess_02488,user_036,server_11,server,LOGIN DB_READ CACHE_READ HTTP_GET HTTP_GET LOGOUT,6,75.83,275676,0,0,0
sess_04816,user_057,server_09,server,LOGIN DB_READ HTTP_GET CACHE_WRITE LOGOUT HTTP_POST DB_WRITE,7,84.43,330106,0,0,0
sess_01672,user_045,server_18,server,LOGIN HTTP_GET CACHE_READ HTTP_GET DB_READ LOGOUT,6,103.67,362299,0,0,0
sess_01627,user_092,server_06,git,LOGIN PULL PUSH READ_FILE READ_FILE COMMIT LOGOUT,7,79.0,354056,0,0,0
sess_03719,user_024,server_04,git,LOGIN PULL READ_FILE COMMIT PUSH LOGOUT,6,76.67,266445,0,0,0
sess_03807,user_026,server_03,server,LOGIN HTTP_GET CACHE_READ DB_READ LOGOUT HTTP_GET,6,75.67,342667,0,0,0
sess_01173,user_019,server_20,server,LOGIN HTTP_GET LOGOUT DB_READ CACHE_READ CACHE_READ HTTP_GET,7,91.57,388247,0,0,0
sess_04251,user_099,server_15,git,LOGIN PULL CREATE_BRANCH LOGOUT READ_FILE PUSH COMMIT,7,87.57,290383,0,0,0
sess_00807,user_019,server_03,server,LOGIN HTTP_GET CACHE_READ DB_READ LOGOUT HTTP_GET CACHE_READ,7,89.57,333288,0,0,0
sess_01528,user_054,server_18,server,LOGIN HTTP_POST DB_READ HTTP_GET DB_WRITE LOGOUT,6,102.17,326708,0,0,0
sess_02200,user_068,server_03,git,LOGIN PULL READ_FILE COMMIT PUSH CREATE_BRANCH READ_FILE LOGOUT,8,89.5,372389,0,0,0
sess_01909,user_081,server_19,server,LOGIN HTTP_GET HTTP_GET DB_READ LOGOUT CACHE_READ,6,85.0,289918,0,0,0
sess_00025,user_081,server_20,server,LOGIN HTTP_GET HTTP_GET CACHE_READ LOGOUT DB_READ,6,89.67,279494,0,0,0
sess_01146,user_082,server_16,git,LOGIN PULL COMMIT PULL READ_FILE PUSH LOGOUT,7,88.0,385817,0,0,0
sess_01232,user_051,server_06,git,LOGIN PULL READ_FILE COMMIT PUSH PULL LOGOUT,7,104.71,361105,0,0,0
sess_00824,user_034,server_10,server,LOGIN CACHE_READ HTTP_GET HTTP_GET DB_READ LOGOUT,6,82.67,266006,0,0,0
sess_02662,user_009,server_06,git,LOGIN READ_FILE PULL COMMIT READ_FILE LOGOUT PUSH PULL,8,86.12,383262,0,0,0
sess_00440,user_068,server_01,server,LOGIN HTTP_GET DB_READ HTTP_POST DB_WRITE LOGOUT,6,96.0,300672,0,0,0
sess_02021,user_028,server_19,git,LOGIN READ_FILE PULL PULL LOGOUT COMMIT PUSH,7,82.43,360843,0,0,0
sess_04322,user_090,server_11,server,LOGIN HTTP_GET CACHE_READ LOGOUT DB_READ HTTP_GET,6,68.67,341472,0,0,0
sess_02400,user_084,server_06,git,LOGIN PULL READ_FILE COMMIT PUSH PULL READ_FILE LOGOUT,8,90.88,347467,0,0,0
sess_03058,user_062,server_03,git,LOGIN READ_FILE PULL LOGOUT COMMIT PUSH,6,77.83,307523,0,0,0
sess_01781,user_020,server_20,server,LOGIN HTTP_GET ERROR_500 ERROR_500 ERROR_500 DB_WRITE,6,429.5,282173,3,0,1
sess_01489,user_075,server_01,git,LOGIN READ_FILE PULL PUSH COMMIT LOGOUT,6,100.33,308949,0,0,0
sess_00605,user_058,server_13,server,LOGIN HTTP_GET LOGOUT DB_READ HTTP_GET CACHE_READ,6,100.0,270512,0,0,0
sess_02649,user_095,server_06,server,LOGIN HTTP_GET LOGOUT DB_READ DB_WRITE HTTP_POST CACHE_WRITE,7,96.86,373969,0,0,0
sess_00663,user_056,server_10,server,LOGIN DB_WRITE DB_READ HTTP_GET HTTP_POST CACHE_READ LOGOUT,7,85.57,367199,0,0,0
sess_01545,user_051,server_02,server,LOGIN HTTP_GET DB_READ CACHE_READ HTTP_GET LOGOUT,6,107.17,270070,0,0,0
sess_01712,user_077,server_05,server,LOGIN HTTP_GET DB_READ CACHE_READ HTTP_GET LOGOUT,6,76.5,296902,0,0,0
sess_00042,user_047,server_05,server,LOGIN HTTP_GET CACHE_READ DB_READ LOGOUT CACHE_READ HTTP_GET,7,75.0,290032,0,0,0
sess_01616,user_036,server_07,server,LOGIN HTTP_GET CACHE_READ HTTP_GET LOGOUT DB_READ,6,69.67,278473,0,0,0
sess_00777,user_031,server_05,git,LOGIN PULL COMMIT LOGOUT READ_FILE PULL PUSH,7,98.14,350643,0,0,0
sess_01794,user_050,server_08,server,LOGIN HTTP_GET DB_READ LOGOUT DB_WRITE HTTP_POST,6,92.83,278430,0,0,0
sess_03878,user_048,server_09,git,LOGIN PUSH PULL READ_FILE COMMIT LOGOUT,6,106.5,327507,0,0,0
sess_01641,user_008,server_17,git,LOGIN PULL PUSH READ_FILE COMMIT LOGOUT,6,96.0,305571,0,0,0
sess_03854,user_052,server_06,git,LOGIN PULL READ_FILE CREATE_BRANCH LOGOUT PUSH COMMIT,7,91.0,367588,0,0,0
sess_02581,user_049,server_19,git,LOGIN PULL COMMIT READ_FILE PUSH LOGOUT,6,77.33,290712,0,0,0
sess_02907,user_065,server_05,git,LOGIN CLONE DOWNLOAD DELETE_REPO PUSH DOWNLOAD,6,85.17,9879517,0,0,1
sess_04266,user_001,server_10,git,LOGIN CLONE DOWNLOAD PUSH DOWNLOAD DELETE_REPO,6,84.17,10085275,0,0,1
sess_04271,user_055,server_20,git,LOGIN PULL LOGOUT READ_FILE COMMIT PULL PUSH,7,98.29,331709,0,0,0
sess_04709,user_076,server_19,git,LOGIN PULL READ_FILE COMMIT PULL LOGOUT PUSH,7,98.71,339271,0,0,0
sess_01345,user_047,server_20,git,LOGIN CLONE DOWNLOAD DOWNLOAD DELETE_REPO PUSH,6,86.33,10395513,0,0,1
sess_02824,user_018,server_12,git,LOGIN PULL COMMIT PULL READ_FILE PUSH LOGOUT,7,87.14,314059,0,0,0
sess_02565,user_081,server_14,git,LOGIN READ_FILE COMMIT PULL READ_FILE PUSH LOGOUT,7,89.14,389446,0,0,0
sess_03988,user_100,server_02,server,LOGIN HTTP_GET HTTP_GET DB_READ CACHE_READ LOGOUT,6,70.17,333115,0,0,0
sess_01510,user_080,server_01,git,LOGIN CLONE DOWNLOAD DOWNLOAD PUSH DELETE_REPO,6,85.83,10130236,0,0,1
sess_02242,user_081,server_20,server,LOGIN CACHE_READ HTTP_GET DB_READ CACHE_READ HTTP_GET LOGOUT,7,100.43,307996,0,0,0
sess_01515,user_085,server_11,server,LOGIN DB_READ HTTP_GET DB_WRITE HTTP_POST CACHE_WRITE LOGOUT,7,88.43,290027,0,0,0
sess_01609,user_043,server_14,git,LOGIN COMMIT PULL READ_FILE PULL PUSH LOGOUT,7,87.57,365503,0,0,0
sess_03404,user_001,server_20,server,LOGIN HTTP_GET HTTP_POST DB_READ LOGOUT DB_WRITE,6,78.67,265960,0,0,0
sess_01763,user_012,server_13,git,LOGIN CLONE PUSH READ_FILE COMMIT LOGOUT,6,87.0,356375,0,0,0
sess_01065,user_010,server_01,server,LOGIN HTTP_GET DB_READ LOGOUT HTTP_GET CACHE_READ,6,85.67,360868,0,0,0
sess_00860,user_044,server_13,server,LOGIN DB_READ HTTP_GET LOGOUT HTTP_GET CACHE_READ,6,94.17,303919,0,0,0
sess_00965,user_002,server_02,server,LOGIN DB_READ HTTP_GET HTTP_POST DB_WRITE LOGOUT CACHE_WRITE,7,101.29,366316,0,0,0
sess_00118,user_038,server_01,server,LOGIN HTTP_GET HTTP_GET LOGOUT CACHE_READ DB_READ,6,93.0,301142,0,0,0
sess_01831,user_056,server_15,git,LOGIN PULL READ_FILE COMMIT PUSH LOGOUT,6,90.83,307766,0,0,0
sess_01765,user_002,server_17,git,LOGIN PUSH PULL READ_FILE CREATE_BRANCH COMMIT LOGOUT,7,94.86,404479,0,0,0
sess_00469,user_057,server_07,git,LOGIN READ_FILE CLONE COMMIT PUSH LOGOUT,6,76.33,313268,0,0,0
sess_02360,user_085,server_15,server,LOGIN HTTP_GET DB_WRITE ERROR_500 ERROR_500 ERROR_500,6,339.5,274301,3,0,1
sess_02367,user_034,server_17,git,LOGIN PULL READ_FILE CREATE_BRANCH COMMIT PUSH LOGOUT,7,98.29,330530,0,0,0
sess_02065,user_071,server_04,git,LOGIN PULL READ_FILE CREATE_BRANCH COMMIT PUSH LOGOUT,7,103.86,338653,0,0,0
sess_04296,user_024,server_11,git,LOGIN PULL COMMIT READ_FILE PUSH LOGOUT,6,101.33,296735,0,0,0
sess_03412,user_091,server_17,git,LOGIN PULL READ_FILE COMMIT PULL LOGOUT PUSH,7,79.0,333483,0,0,0
sess_03085,user_021,server_18,server,LOGIN HTTP_GET HTTP_POST CACHE_READ DB_WRITE DB_READ LOGOUT,7,94.86,339622,0,0,0
sess_01043,user_051,server_03,git,LOGIN COMMIT PULL READ_FILE PUSH LOGOUT PULL,7,105.43,330069,0,0,0
sess_00751,user_003,server_13,git,LOGIN PULL LOGOUT READ_FILE PUSH COMMIT PULL,7,90.0,315739,0,0,0
sess_02668,user_098,server_17,server,LOGIN HTTP_GET DB_READ HTTP_GET LOGOUT CACHE_READ,6,90.83,365560,0,0,0
sess_01112,user_061,server_15,server,LOGIN HTTP_GET ERROR_500 ERROR_500 ERROR_500 DB_WRITE,6,381.0,282069,3,0,1
sess_01598,user_073,server_10,git,LOGIN CLONE READ_FILE COMMIT PUSH LOGOUT,6,93.67,291675,0,0,0
sess_02381,user_032,server_19,git,LOGIN READ_FILE READ_FILE PULL PUSH COMMIT LOGOUT,7,76.0,380201,0,0,0
sess_04888,user_056,server_14,server,LOGIN FILE_DOWNLOAD FILE_DOWNLOAD HTTP_DELETE FILE_DOWNLOAD,5,107.0,14855653,0,0,1
sess_03113,user_012,server_16,server,LOGIN DB_READ HTTP_GET HTTP_POST CACHE_WRITE LOGOUT DB_WRITE,7,85.71,290220,0,0,0
sess_00405,user_031,server_19,git,LOGIN FAILED_LOGIN FAILED_LOGIN FAILED_LOGIN DELETE_REPO DOWNLOAD,6,101.0,5183141,3,3,1
sess_01767,user_085,server_06,server,LOGIN HTTP_GET HTTP_GET DB_READ LOGOUT CACHE_READ,6,90.17,289568,0,0,0
sess_02084,user_093,server_10,git,LOGIN CLONE READ_FILE COMMIT PUSH READ_FILE LOGOUT,7,99.57,334416,0,0,0
sess_02434,user_096,server_17,git,LOGIN PULL READ_FILE COMMIT READ_FILE CREATE_BRANCH PUSH LOGOUT,8,96.88,384096,0,0,0
sess_00930,user_057,server_14,server,LOGIN FILE_DOWNLOAD FILE_DOWNLOAD FILE_DOWNLOAD HTTP_DELETE,5,86.8,14914579,0,0,1
sess_02260,user_062,server_10,server,LOGIN DB_READ DB_WRITE CACHE_WRITE HTTP_GET HTTP_POST LOGOUT,7,73.86,353510,0,0,0
sess_00006,user_050,server_15,server,LOGIN DB_READ HTTP_GET LOGOUT DB_WRITE HTTP_POST,6,83.67,299218,0,0,0
sess_02080,user_075,server_20,server,LOGIN CACHE_READ HTTP_GET LOGOUT HTTP_GET DB_READ,6,104.5,289915,0,0,0
sess_02519,user_074,server_06,git,LOGIN FAILED_LOGIN FAILED_LOGIN FAILED_LOGIN DOWNLOAD DELETE_REPO,6,99.17,5058019,3,3,1
sess_01294,user_025,server_01,git,LOGIN PULL READ_FILE COMMIT CREATE_BRANCH PUSH LOGOUT,7,81.43,395140,0,0,0
sess_01497,user_053,server_14,server,LOGIN DB_WRITE LOGOUT HTTP_GET DB_READ HTTP_POST,6,95.0,279407,0,0,0
sess_02683,user_021,server_01,server,LOGIN HTTP_GET DB_READ DB_WRITE CACHE_WRITE HTTP_POST LOGOUT,7,88.86,317688,0,0,0
sess_04497,user_054,server_16,server,LOGIN HTTP_GET HTTP_GET HTTP_GET ERROR_500 ERROR_500 HTTP_GET,7,200.0,374285,2,0,1
sess_01615,user_042,server_07,git,LOGIN DOWNLOAD CREATE_BRANCH DELETE_REPO DOWNLOAD,5,84.8,10154646,0,0,1
sess_04367,user_050,server_04,git,LOGIN READ_FILE PULL READ_FILE COMMIT PULL LOGOUT PUSH,8,90.75,382400,0,0,0
sess_04666,user_025,server_20,server,LOGIN FILE_DOWNLOAD FILE_DOWNLOAD FILE_DOWNLOAD HTTP_DELETE,5,93.0,15218911,0,0,1
sess_03747,user_033,server_08,git,LOGIN READ_FILE PULL COMMIT LOGOUT PUSH PULL,7,89.29,286048,0,0,0
sess_01397,user_021,server_20,git,LOGIN PULL COMMIT READ_FILE LOGOUT PUSH,6,111.67,304244,0,0,0
sess_00987,user_001,server_13,server,LOGIN HTTP_GET ERROR_500 ERROR_500 ERROR_500 DB_WRITE,6,424.5,329466,3,0,1
sess_04506,user_041,server_13,server,LOGIN HTTP_GET HTTP_GET CACHE_READ LOGOUT DB_READ,6,82.83,289153,0,0,0
sess_03259,user_052,server_18,server,LOGIN HTTP_GET DB_READ LOGOUT DB_WRITE HTTP_POST,6,95.17,339494,0,0,0
sess_04682,user_069,server_08,git,LOGIN PULL READ_FILE PUSH CREATE_BRANCH LOGOUT COMMIT,7,80.86,332348,0,0,0
sess_01819,user_076,server_10,server,LOGIN CACHE_READ HTTP_GET CACHE_READ DB_READ HTTP_GET LOGOUT,7,90.29,338836,0,0,0
sess_01400,user_010,server_11,server,LOGIN HTTP_GET DB_READ LOGOUT HTTP_POST DB_WRITE CACHE_WRITE,7,92.43,381913,0,0,0
sess_01244,user_041,server_09,git,LOGIN CLONE READ_FILE LOGOUT COMMIT PUSH,6,103.67,316568,0,0,0
sess_02866,user_007,server_19,server,LOGIN HTTP_GET DB_READ LOGOUT DB_WRITE HTTP_POST CACHE_WRITE,7,95.29,316660,0,0,0
sess_01216,user_035,server_02,git,LOGIN READ_FILE LOGOUT PUSH PULL COMMIT,6,85.33,312594,0,0,0
sess_02501,user_094,server_02,server,LOGIN HTTP_GET DB_READ LOGOUT DB_WRITE HTTP_POST,6,89.5,327350,0,0,0
sess_01428,user_095,server_20,git,LOGIN CLONE READ_FILE READ_FILE COMMIT LOGOUT PUSH,7,91.29,384408,0,0,0
sess_00024,user_024,server_13,git,LOGIN READ_FILE CLONE COMMIT LOGOUT PUSH,6,100.67,336519,0,0,0
sess_04950,user_077,server_20,server,LOGIN CACHE_READ DB_READ HTTP_GET LOGOUT HTTP_GET CACHE_READ,7,78.14,329551,0,0,0
sess_04785,user_016,server_14,server,LOGIN HTTP_GET DB_READ CACHE_WRITE HTTP_POST DB_WRITE LOGOUT,7,90.29,345909,0,0,0
sess_00625,user_061,server_08,server,LOGIN HTTP_POST DB_READ HTTP_GET CACHE_WRITE LOGOUT DB_WRITE,7,87.29,359803,0,0,0
sess_00652,user_083,server_13,git,LOGIN PULL PUSH COMMIT READ_FILE LOGOUT,6,91.67,257778,0,0,0
sess_04640,user_069,server_02,git,LOGIN PULL CREATE_BRANCH READ_FILE LOGOUT COMMIT PUSH,7,61.0,348202,0,0,0
sess_00890,user_055,server_07,server,LOGIN HTTP_GET CACHE_READ CACHE_READ LOGOUT DB_READ HTTP_GET,7,93.0,339054,0,0,0
sess_02194,user_077,server_14,server,LOGIN HTTP_GET DB_READ DB_WRITE CACHE_WRITE LOGOUT HTTP_POST,7,89.0,295536,0,0,0
sess_00588,user_042,server_17,git,LOGIN PULL READ_FILE CREATE_BRANCH LOGOUT COMMIT PUSH,7,106.0,321787,0,0,0
sess_04650,user_093,server_06,git,LOGIN PULL PULL LOGOUT READ_FILE COMMIT PUSH,7,85.0,337075,0,0,0
sess_01863,user_077,server_06,git,LOGIN READ_FILE PULL LOGOUT READ_FILE CREATE_BRANCH COMMIT PUSH,8,90.75,374827,0,0,0
sess_02452,user_074,server_05,git,LOGIN READ_FILE PULL COMMIT PUSH LOGOUT,6,93.0,280295,0,0,0
sess_02576,user_094,server_01,server,LOGIN HTTP_GET DB_WRITE DB_READ CACHE_WRITE HTTP_POST LOGOUT,7,97.14,314904,0,0,0
sess_04624,user_017,server_17,server,LOGIN FILE_DOWNLOAD FILE_DOWNLOAD FILE_DOWNLOAD HTTP_DELETE,5,93.8,15051202,0,0,1
sess_03968,user_088,server_01,git,LOGIN FAILED_LOGIN DOWNLOAD FAILED_LOGIN FAILED_LOGIN DELETE_REPO,6,122.0,5346460,3,3,1
sess_04818,user_098,server_18,git,LOGIN CLONE PUSH LOGOUT READ_FILE COMMIT,6,75.33,326519,0,0,0
sess_01860,user_094,server_09,server,LOGIN HTTP_GET DB_WRITE LOGOUT DB_READ HTTP_POST,6,89.0,319832,0,0,0
sess_01242,user_050,server_14,server,LOGIN CACHE_READ HTTP_GET HTTP_GET CACHE_READ DB_READ LOGOUT,7,79.14,373357,0,0,0
sess_00237,user_051,server_05,git,LOGIN PULL COMMIT READ_FILE PUSH LOGOUT,6,110.33,264896,0,0,0
sess_02562,user_074,server_07,git,LOGIN READ_FILE PULL COMMIT PUSH READ_FILE LOGOUT,7,99.14,412942,0,0,0
sess_00092,user_026,server_14,git,LOGIN PULL PULL COMMIT READ_FILE PUSH READ_FILE LOGOUT,8,86.75,356108,0,0,0
sess_01149,user_063,server_11,server,LOGIN HTTP_GET HTTP_POST DB_READ CACHE_WRITE DB_WRITE LOGOUT,7,92.29,341852,0,0,0
sess_01942,user_007,server_12,server,LOGIN AUTH_FAILURE AUTH_FAILURE HTTP_DELETE AUTH_FAILURE ERROR_500,6,221.5,262834,4,3,1
sess_03134,user_094,server_11,git,LOGIN READ_FILE CLONE LOGOUT COMMIT PUSH,6,91.67,309033,0,0,0
sess_01334,user_010,server_07,server,LOGIN CACHE_READ HTTP_GET HTTP_GET DB_READ CACHE_READ LOGOUT,7,93.43,363413,0,0,0
sess_04580,user_090,server_13,server,LOGIN HTTP_GET CACHE_READ CACHE_READ DB_READ HTTP_GET LOGOUT,7,96.43,345166,0,0,0
sess_02005,user_001,server_10,git,LOGIN CREATE_BRANCH PULL READ_FILE PUSH COMMIT LOGOUT,7,93.71,335716,0,0,0
sess_01026,user_031,server_16,server,LOGIN HTTP_POST HTTP_GET DB_READ DB_WRITE CACHE_WRITE LOGOUT,7,85.14,340717,0,0,0
sess_04592,user_058,server_16,git,LOGIN CLONE READ_FILE COMMIT PUSH LOGOUT,6,87.83,301704,0,0,0
sess_01217,user_048,server_20,server,LOGIN HTTP_GET DB_READ CACHE_WRITE HTTP_POST CACHE_READ LOGOUT DB_WRITE,8,93.75,461653,0,0,0
sess_02862,user_072,server_07,git,LOGIN DOWNLOAD DOWNLOAD DELETE_REPO DOWNLOAD,5,104.0,14976258,0,0,1
sess_01700,user_003,server_10,git,LOGIN FAILED_LOGIN FAILED_LOGIN DELETE_REPO DOWNLOAD FAILED_LOGIN,6,113.67,5196101,3,3,1
sess_01850,user_013,server_04,git,LOGIN FAILED_LOGIN FAILED_LOGIN FAILED_LOGIN DOWNLOAD DELETE_REPO,6,108.67,5130751,3,3,1
sess_03096,user_090,server_04,git,LOGIN PULL PULL READ_FILE COMMIT PUSH READ_FILE LOGOUT,8,70.12,457759,0,0,0
sess_00411,user_068,server_03,server,LOGIN HTTP_GET LOGOUT DB_READ CACHE_READ CACHE_READ HTTP_GET,7,84.0,306967,0,0,0
sess_01717,user_027,server_04,server,LOGIN HTTP_GET HTTP_GET DB_READ CACHE_READ LOGOUT,6,85.5,354051,0,0,0
sess_01884,user_029,server_06,git,LOGIN CREATE_BRANCH DELETE_REPO DOWNLOAD DOWNLOAD,5,85.4,10240991,0,0,1
sess_03680,user_072,server_20,server,LOGIN HTTP_GET HTTP_GET CACHE_READ LOGOUT DB_READ,6,102.5,306687,0,0,0
sess_01184,user_016,server_06,server,LOGIN HTTP_GET HTTP_GET HTTP_GET HTTP_GET ERROR_500 ERROR_500,7,300.86,360172,2,0,1
sess_02176,user_007,server_20,server,LOGIN HTTP_GET DB_READ HTTP_GET LOGOUT CACHE_READ,6,84.17,278577,0,0,0
sess_04295,user_019,server_20,git,LOGIN READ_FILE PULL READ_FILE CREATE_BRANCH COMMIT PUSH LOGOUT,8,80.25,370947,0,0,0
sess_01259,user_086,server_01,git,LOGIN DELETE_REPO DOWNLOAD DOWNLOAD DOWNLOAD,5,82.8,14999907,0,0,1
sess_01270,user_039,server_04,server,LOGIN HTTP_GET DB_READ HTTP_POST LOGOUT DB_WRITE,6,83.0,293061,0,0,0
sess_00590,user_004,server_13,server,LOGIN CACHE_READ HTTP_GET LOGOUT HTTP_POST DB_READ DB_WRITE CACHE_WRITE,8,83.25,378208,0,0,0
sess_02363,user_042,server_14,git,LOGIN PULL READ_FILE COMMIT CREATE_BRANCH PUSH LOGOUT,7,88.0,318740,0,0,0
sess_01218,user_085,server_02,server,LOGIN HTTP_GET DB_READ LOGOUT HTTP_GET CACHE_READ,6,92.83,331568,0,0,0
sess_00168,user_016,server_05,server,LOGIN DB_WRITE DB_READ HTTP_GET HTTP_POST LOGOUT,6,116.83,321160,0,0,0
sess_00775,user_016,server_12,server,LOGIN HTTP_GET HTTP_POST DB_READ CACHE_WRITE DB_WRITE LOGOUT,7,92.43,331412,0,0,0
sess_02359,user_005,server_15,server,LOGIN HTTP_GET CACHE_READ DB_READ HTTP_POST DB_WRITE LOGOUT,7,86.29,355709,0,0,0
sess_01814,user_038,server_06,git,LOGIN READ_FILE CLONE COMMIT PUSH LOGOUT,6,94.0,274458,0,0,0
sess_03792,user_098,server_20,server,LOGIN HTTP_GET ERROR_500 ERROR_500 ERROR_500 DB_WRITE,6,392.17,343048,3,0,1
sess_01892,user_073,server_09,server,LOGIN FILE_DOWNLOAD FILE_DOWNLOAD FILE_DOWNLOAD HTTP_DELETE,5,101.0,15435988,0,0,1
sess_03223,user_054,server_11,git,LOGIN CLONE LOGOUT READ_FILE COMMIT PUSH,6,82.33,283475,0,0,0
sess_04656,user_014,server_01,git,LOGIN PULL CREATE_BRANCH READ_FILE COMMIT PUSH LOGOUT,7,88.86,371757,0,0,0
sess_03409,user_027,server_20,git,LOGIN READ_FILE PULL COMMIT READ_FILE CREATE_BRANCH PUSH LOGOUT,8,102.25,386043,0,0,0
sess_04877,user_040,server_18,server,LOGIN HTTP_GET DB_WRITE HTTP_POST CACHE_READ LOGOUT DB_READ CACHE_WRITE,8,96.88,328568,0,0,0
sess_04419,user_045,server_03,git,LOGIN PULL READ_FILE PULL LOGOUT PUSH COMMIT,7,84.14,368813,0,0,0
sess_01734,user_006,server_18,server,LOGIN HTTP_GET CACHE_READ LOGOUT CACHE_READ DB_READ HTTP_GET,7,94.0,263753,0,0,0
sess_02994,user_061,server_01,git,LOGIN FAILED_LOGIN FAILED_LOGIN FAILED_LOGIN DOWNLOAD DELETE_REPO,6,102.33,4996334,3,3,1
sess_00980,user_031,server_10,git,LOGIN DOWNLOAD DOWNLOAD DELETE_REPO DOWNLOAD,5,106.8,14802861,0,0,1
sess_02110,user_023,server_15,server,LOGIN HTTP_GET LOGOUT DB_READ CACHE_READ HTTP_GET,6,99.67,295935,0,0,0
sess_04416,user_025,server_10,server,LOGIN HTTP_GET CACHE_READ CACHE_READ HTTP_GET DB_READ LOGOUT,7,94.14,303501,0,0,0
sess_01701,user_055,server_09,server,LOGIN DB_READ HTTP_GET HTTP_POST CACHE_WRITE DB_WRITE LOGOUT,7,80.57,390503,0,0,0
sess_03540,user_089,server_02,git,LOGIN PULL READ_FILE PUSH CREATE_BRANCH COMMIT LOGOUT,7,90.71,340125,0,0,0
sess_02181,user_007,server_13,git,LOGIN PULL READ_FILE COMMIT PUSH LOGOUT,6,79.67,355529,0,0,0
sess_03609,user_048,server_17,server,LOGIN HTTP_GET CACHE_READ DB_READ CACHE_READ HTTP_GET LOGOUT,7,99.43,394076,0,0,0
sess_02966,user_075,server_01,server,LOGIN HTTP_GET CACHE_WRITE LOGOUT CACHE_READ DB_READ HTTP_POST DB_WRITE,8,90.25,338438,0,0,0
sess_02346,user_014,server_01,server,LOGIN DB_WRITE HTTP_GET DB_READ HTTP_POST LOGOUT,6,79.5,273548,0,0,0
sess_03588,user_032,server_11,server,LOGIN HTTP_GET DB_READ DB_WRITE HTTP_POST CACHE_WRITE LOGOUT,7,83.14,411871,0,0,0
sess_04832,user_084,server_05,git,LOGIN CREATE_BRANCH DOWNLOAD DOWNLOAD DELETE_REPO,5,102.8,10002711,0,0,1
sess_02254,user_098,server_15,git,LOGIN PULL READ_FILE COMMIT CREATE_BRANCH PUSH LOGOUT,7,76.29,376471,0,0,0
sess_04588,user_050,server_07,git,LOGIN PULL READ_FILE PUSH CREATE_BRANCH COMMIT LOGOUT,7,91.14,407057,0,0,0
sess_01477,user_076,server_17,git,LOGIN READ_FILE CLONE COMMIT LOGOUT PUSH,6,86.17,325727,0,0,0
sess_04152,user_080,server_15,git,LOGIN CLONE LOGOUT READ_FILE READ_FILE COMMIT PUSH,7,98.57,313638,0,0,0
sess_02514,user_052,server_08,git,LOGIN PULL LOGOUT READ_FILE COMMIT PULL PUSH,7,72.71,356504,0,0,0
sess_02074,user_070,server_06,git,LOGIN PULL READ_FILE COMMIT PUSH LOGOUT,6,80.33,285830,0,0,0
sess_04309,user_096,server_09,git,LOGIN PULL READ_FILE READ_FILE COMMIT PUSH PULL LOGOUT,8,79.62,428645,0,0,0
sess_04688,user_065,server_03,server,LOGIN HTTP_GET DB_READ DB_WRITE LOGOUT HTTP_POST CACHE_WRITE,7,93.43,371956,0,0,0
sess_01574,user_028,server_02,git,LOGIN DELETE_REPO DOWNLOAD CREATE_BRANCH DOWNLOAD,5,87.2,10160127,0,0,1
sess_03104,user_030,server_05,server,LOGIN DB_READ HTTP_GET HTTP_GET LOGOUT CACHE_READ,6,87.67,322169,0,0,0
sess_03053,user_001,server_16,git,LOGIN PULL COMMIT PULL READ_FILE LOGOUT PUSH,7,75.0,343657,0,0,0
sess_01175,user_078,server_12,server,LOGIN CACHE_READ HTTP_POST DB_WRITE HTTP_GET CACHE_WRITE DB_READ LOGOUT,8,85.88,382072,0,0,0
sess_03341,user_062,server_19,git,LOGIN READ_FILE COMMIT CLONE LOGOUT PUSH,6,82.17,264478,0,0,0
sess_00852,user_073,server_01,git,LOGIN CREATE_BRANCH DELETE_REPO DOWNLOAD DOWNLOAD,5,97.2,10052300,0,0,1
sess_04269,user_058,server_01,git,LOGIN PULL COMMIT READ_FILE PUSH READ_FILE LOGOUT PULL,8,103.88,427541,0,0,0
sess_00052,user_084,server_06,git,LOGIN PULL PULL COMMIT READ_FILE PUSH LOGOUT,7,95.29,438092,0,0,0
sess_00989,user_094,server_14,server,LOGIN CACHE_READ HTTP_GET HTTP_GET DB_READ LOGOUT,6,76.5,328879,0,0,0
sess_02747,user_065,server_14,server,LOGIN DB_READ HTTP_GET DB_WRITE HTTP_POST LOGOUT,6,100.0,301558,0,0,0
sess_00763,user_004,server_12,git,LOGIN COMMIT CLONE READ_FILE PUSH READ_FILE LOGOUT,7,87.14,365977,0,0,0
sess_00234,user_058,server_11,git,LOGIN PULL READ_FILE READ_FILE COMMIT PUSH LOGOUT PULL,8,89.25,372547,0,0,0
sess_00735,user_053,server_03,git,LOGIN DOWNLOAD DOWNLOAD CLONE DELETE_REPO PUSH,6,91.5,10265147,0,0,1
sess_02717,user_023,server_03,git,LOGIN PULL LOGOUT READ_FILE COMMIT PUSH,6,87.0,304436,0,0,0
sess_03370,user_059,server_17,git,LOGIN COMMIT LOGOUT PULL READ_FILE PUSH CREATE_BRANCH,7,88.0,366737,0,0,0
sess_01885,user_095,server_11,server,LOGIN HTTP_GET DB_READ CACHE_WRITE DB_WRITE HTTP_POST LOGOUT,7,91.57,423931,0,0,0
sess_01646,user_047,server_13,git,LOGIN COMMIT PULL READ_FILE CREATE_BRANCH LOGOUT PUSH,7,89.14,378831,0,0,0
sess_02759,user_007,server_12,git,LOGIN DOWNLOAD DOWNLOAD DELETE_REPO DOWNLOAD,5,86.8,14866036,0,0,1
sess_04717,user_072,server_12,server,LOGIN HTTP_GET DB_READ HTTP_POST DB_WRITE LOGOUT CACHE_WRITE,7,84.86,383506,0,0,0
sess_02067,user_082,server_08,server,LOGIN HTTP_GET DB_WRITE ERROR_500 ERROR_500 ERROR_500,6,332.0,297207,3,0,1
sess_01812,user_068,server_03,git,LOGIN FAILED_LOGIN FAILED_LOGIN FAILED_LOGIN DOWNLOAD DELETE_REPO,6,98.33,5249821,3,3,1
sess_03883,user_064,server_08,server,LOGIN CACHE_READ HTTP_GET DB_READ DB_WRITE HTTP_POST LOGOUT,7,94.71,323919,0,0,0
sess_04909,user_056,server_05,server,LOGIN HTTP_GET CACHE_READ LOGOUT HTTP_GET CACHE_READ DB_READ,7,97.43,397982,0,0,0
sess_01212,user_087,server_01,git,LOGIN PULL PULL PUSH READ_FILE COMMIT LOGOUT,7,106.0,344309,0,0,0
sess_01601,user_094,server_19,server,LOGIN FILE_DOWNLOAD FILE_DOWNLOAD FILE_DOWNLOAD HTTP_DELETE,5,98.2,14856330,0,0,1
sess_04536,user_082,server_20,server,LOGIN HTTP_GET HTTP_GET DB_READ LOGOUT CACHE_READ,6,101.67,279975,0,0,0
sess_01594,user_006,server_08,git,LOGIN READ_FILE COMMIT CLONE PUSH LOGOUT,6,95.0,310208,0,0,0
sess_02705,user_088,server_09,git,LOGIN PULL PUSH READ_FILE CREATE_BRANCH COMMIT LOGOUT,7,90.14,334482,0,0,0
sess_00459,user_044,server_14,server,LOGIN DB_READ HTTP_GET HTTP_POST DB_WRITE CACHE_READ LOGOUT,7,85.71,365880,0,0,0
sess_04297,user_071,server_20,git,LOGIN PULL READ_FILE CREATE_BRANCH COMMIT LOGOUT READ_FILE PUSH,8,96.38,448291,0,0,0
sess_02191,user_013,server_17,git,LOGIN PULL PUSH READ_FILE COMMIT READ_FILE LOGOUT,7,89.43,344655,0,0,0
sess_01478,user_010,server_15,git,LOGIN READ_FILE CLONE LOGOUT COMMIT PUSH,6,86.17,307242,0,0,0
sess_00365,user_094,server_10,git,LOGIN PULL COMMIT READ_FILE PUSH PULL LOGOUT,7,82.0,329777,0,0,0
sess_00645,user_081,server_10,git,LOGIN PULL READ_FILE COMMIT PUSH LOGOUT,6,98.83,294137,0,0,0
sess_01692,user_072,server_01,git,LOGIN READ_FILE PUSH COMMIT CLONE LOGOUT,6,86.0,328768,0,0,0
sess_03073,user_036,server_11,git,LOGIN PULL READ_FILE PUSH COMMIT LOGOUT,6,86.17,343838,0,0,0
sess_04812,user_075,server_10,server,LOGIN HTTP_GET DB_READ LOGOUT DB_WRITE HTTP_POST,6,108.17,304746,0,0,0
sess_02595,user_081,server_14,server,LOGIN HTTP_GET DB_READ HTTP_POST LOGOUT DB_WRITE CACHE_WRITE,7,99.57,379119,0,0,0
sess_01416,user_023,server_12,server,LOGIN CACHE_WRITE CACHE_READ DB_WRITE HTTP_POST HTTP_GET DB_READ LOGOUT,8,83.12,452007,0,0,0
sess_01945,user_057,server_18,git,LOGIN PULL READ_FILE PUSH LOGOUT PULL COMMIT,7,85.57,339006,0,0,0
sess_00393,user_013,server_14,server,LOGIN HTTP_GET HTTP_GET DB_READ LOGOUT CACHE_READ,6,102.83,281743,0,0,0
sess_00715,user_033,server_09,git,LOGIN CLONE READ_FILE COMMIT PUSH LOGOUT,6,76.67,283643,0,0,0
sess_00628,user_028,server_04,git,LOGIN PULL READ_FILE COMMIT PUSH PULL LOGOUT,7,94.86,329983,0,0,0
sess_03772,user_100,server_20,git,LOGIN READ_FILE LOGOUT PULL PULL READ_FILE COMMIT PUSH,8,95.12,390429,0,0,0
sess_04597,user_088,server_03,server,LOGIN HTTP_GET CACHE_READ DB_READ LOGOUT HTTP_GET,6,100.17,288974,0,0,0
sess_00737,user_096,server_09,git,LOGIN CLONE READ_FILE COMMIT PUSH LOGOUT,6,83.5,279809,0,0,0
sess_03839,user_073,server_02,server,LOGIN DB_READ HTTP_GET LOGOUT DB_WRITE HTTP_POST,6,111.17,244748,0,0,0
sess_04051,user_005,server_09,server,LOGIN FILE_DOWNLOAD FILE_DOWNLOAD FILE_DOWNLOAD HTTP_DELETE,5,78.2,14671287,0,0,1
sess_01298,user_068,server_03,git,LOGIN PULL COMMIT LOGOUT READ_FILE CREATE_BRANCH PUSH,7,72.0,294774,0,0,0
sess_01093,user_076,server_08,git,LOGIN PULL READ_FILE COMMIT CREATE_BRANCH LOGOUT PUSH,7,80.0,332874,0,0,0
sess_03881,user_094,server_18,server,LOGIN HTTP_GET DB_READ DB_WRITE HTTP_POST LOGOUT,6,82.67,284185,0,0,0
sess_02255,user_057,server_12,server,LOGIN AUTH_FAILURE AUTH_FAILURE HTTP_DELETE AUTH_FAILURE ERROR_500,6,221.5,244551,4,3,1
sess_01512,user_087,server_04,git,LOGIN PULL COMMIT READ_FILE PUSH LOGOUT,6,101.5,341158,0,0,0
sess_02884,user_082,server_08,server,LOGIN AUTH_FAILURE AUTH_FAILURE AUTH_FAILURE HTTP_DELETE ERROR_500,6,189.33,202113,4,3,1
sess_03323,user_017,server_16,git,LOGIN CLONE DOWNLOAD DOWNLOAD DELETE_REPO PUSH,6,90.83,9961916,0,0,1
sess_00127,user_084,server_11,server,LOGIN CACHE_READ HTTP_GET HTTP_GET LOGOUT DB_READ,6,77.67,322514,0,0,0
sess_04114,user_089,server_11,git,LOGIN PULL PULL READ_FILE COMMIT READ_FILE PUSH LOGOUT,8,105.25,412533,0,0,0
sess_01136,user_051,server_10,git,LOGIN PULL PUSH LOGOUT READ_FILE COMMIT,6,69.67,339320,0,0,0
sess_01318,user_089,server_20,server,LOGIN DB_READ DB_WRITE HTTP_GET HTTP_POST CACHE_WRITE LOGOUT,7,87.57,356830,0,0,0
sess_04934,user_027,server_13,git,LOGIN PULL READ_FILE CREATE_BRANCH COMMIT PUSH LOGOUT,7,82.14,375601,0,0,0
sess_03997,user_009,server_20,git,LOGIN PULL READ_FILE READ_FILE CREATE_BRANCH LOGOUT PUSH COMMIT,8,80.75,393776,0,0,0
sess_04102,user_043,server_13,server,LOGIN HTTP_GET DB_READ HTTP_GET LOGOUT CACHE_READ,6,84.0,271768,0,0,0
sess_03942,user_033,server_07,server,LOGIN HTTP_GET HTTP_GET ERROR_500 HTTP_GET ERROR_500 HTTP_GET,7,254.86,374753,2,0,1
sess_01900,user_014,server_01,server,LOGIN HTTP_GET DB_READ HTTP_POST LOGOUT CACHE_WRITE DB_WRITE,7,96.71,392293,0,0,0
sess_03345,user_066,server_05,git,LOGIN LOGOUT CLONE READ_FILE PUSH COMMIT,6,91.33,296360,0,0,0
sess_03861,user_084,server_04,git,LOGIN COMMIT READ_FILE PULL PUSH PULL LOGOUT,7,94.57,332484,0,0,0
sess_00641,user_074,server_11,server,LOGIN HTTP_GET DB_READ HTTP_POST DB_WRITE LOGOUT CACHE_WRITE,7,84.43,335563,0,0,0
sess_02694,user_065,server_03,git,LOGIN DOWNLOAD PUSH DOWNLOAD CLONE DELETE_REPO,6,83.0,10152618,0,0,1
sess_03194,user_017,server_14,server,LOGIN HTTP_GET HTTP_POST LOGOUT DB_READ DB_WRITE CACHE_WRITE,7,98.29,335635,0,0,0
sess_03261,user_074,server_19,server,LOGIN HTTP_GET DB_READ DB_WRITE HTTP_POST LOGOUT,6,107.0,269155,0,0,0
sess_01561,user_045,server_01,server,LOGIN DB_READ CACHE_READ HTTP_GET HTTP_GET LOGOUT,6,92.17,287688,0,0,0
sess_03484,user_010,server_02,git,LOGIN READ_FILE PULL PULL COMMIT PUSH LOGOUT,7,94.57,367074,0,0,0
sess_02056,user_020,server_12,server,LOGIN HTTP_GET CACHE_READ DB_READ HTTP_GET LOGOUT,6,99.67,331642,0,0,0
sess_01266,user_076,server_01,server,LOGIN HTTP_GET HTTP_GET CACHE_READ DB_READ LOGOUT,6,79.67,303659,0,0,0
sess_03240,user_067,server_19,server,LOGIN CACHE_READ HTTP_GET HTTP_GET DB_READ LOGOUT,6,74.0,349802,0,0,0
sess_01275,user_042,server_18,git,LOGIN PULL READ_FILE PULL READ_FILE COMMIT PUSH LOGOUT,8,87.0,368774,0,0,0
sess_03395,user_005,server_18,git,LOGIN PULL READ_FILE LOGOUT COMMIT PUSH,6,83.33,290127,0,0,0
sess_01263,user_027,server_09,git,LOGIN PUSH PULL READ_FILE COMMIT LOGOUT,6,95.0,320797,0,0,0
sess_03538,user_100,server_19,server,LOGIN HTTP_GET HTTP_GET CACHE_READ LOGOUT DB_READ,6,85.67,251098,0,0,0
sess_00419,user_048,server_12,git,LOGIN PULL READ_FILE COMMIT PULL PUSH LOGOUT,7,99.43,333924,0,0,0
sess_01695,user_024,server_08,git,LOGIN PULL READ_FILE READ_FILE CREATE_BRANCH PUSH LOGOUT COMMIT,8,82.25,363922,0,0,0
sess_04490,user_055,server_17,server,LOGIN CACHE_READ HTTP_GET HTTP_GET DB_READ LOGOUT,6,70.33,317878,0,0,0
sess_00564,user_054,server_05,server,LOGIN HTTP_GET HTTP_GET DB_READ CACHE_READ LOGOUT CACHE_READ,7,92.43,387016,0,0,0
sess_03447,user_087,server_20,git,LOGIN PULL READ_FILE LOGOUT PULL COMMIT PUSH,7,94.43,440078,0,0,0
sess_03795,user_007,server_10,git,LOGIN PULL READ_FILE LOGOUT COMMIT PUSH,6,84.33,344370,0,0,0
sess_00743,user_043,server_17,git,LOGIN PULL READ_FILE PULL READ_FILE PUSH COMMIT LOGOUT,8,79.38,356990,0,0,0
sess_03574,user_083,server_04,git,LOGIN READ_FILE PULL LOGOUT COMMIT PULL PUSH,7,83.14,383218,0,0,0
sess_01109,user_004,server_09,git,LOGIN CLONE PUSH READ_FILE COMMIT LOGOUT,6,79.33,274629,0,0,0
sess_03224,user_074,server_07,server,LOGIN HTTP_POST HTTP_GET DB_READ DB_WRITE CACHE_WRITE LOGOUT,7,89.14,415567,0,0,0
sess_01174,user_044,server_09,git,LOGIN CLONE READ_FILE PUSH COMMIT LOGOUT,6,111.17,352424,0,0,0
sess_00651,user_062,server_16,git,LOGIN READ_FILE PULL COMMIT LOGOUT PUSH READ_FILE CREATE_BRANCH,8,87.88,388111,0,0,0
sess_01643,user_023,server_15,server,LOGIN HTTP_GET DB_READ HTTP_POST DB_WRITE CACHE_WRITE LOGOUT,7,83.57,330036,0,0,0
sess_02198,user_093,server_03,git,LOGIN READ_FILE READ_FILE PULL LOGOUT COMMIT PUSH,7,108.86,372159,0,0,0
sess_02593,user_054,server_20,server,LOGIN HTTP_GET CACHE_READ CACHE_READ DB_READ LOGOUT HTTP_GET,7,88.71,323337,0,0,0
sess_02232,user_077,server_14,git,LOGIN PULL COMMIT PUSH READ_FILE PULL LOGOUT,7,92.29,381382,0,0,0
sess_03324,user_082,server_02,git,LOGIN READ_FILE PULL COMMIT PUSH PULL LOGOUT,7,103.57,326014,0,0,0
sess_00426,user_067,server_16,git,LOGIN PULL READ_FILE PUSH COMMIT LOGOUT,6,85.67,308199,0,0,0
sess_04989,user_076,server_11,git,LOGIN CLONE PUSH READ_FILE READ_FILE COMMIT LOGOUT,7,64.86,392236,0,0,0
sess_02970,user_006,server_15,server,LOGIN HTTP_GET DB_READ HTTP_GET CACHE_READ LOGOUT,6,87.5,332067,0,0,0
sess_03232,user_061,server_17,server,LOGIN FILE_DOWNLOAD FILE_DOWNLOAD HTTP_DELETE FILE_DOWNLOAD,5,104.8,15115116,0,0,1
sess_04819,user_063,server_12,git,LOGIN CLONE PUSH READ_FILE LOGOUT COMMIT,6,102.0,304033,0,0,0
sess_02802,user_048,server_07,server,LOGIN CACHE_WRITE HTTP_GET DB_WRITE DB_READ HTTP_POST LOGOUT,7,98.57,332493,0,0,0
sess_04591,user_088,server_06,server,LOGIN HTTP_GET HTTP_GET HTTP_GET HTTP_GET ERROR_500 ERROR_500,7,216.29,324766,2,0,1
sess_00900,user_015,server_20,git,LOGIN PULL READ_FILE PUSH COMMIT LOGOUT,6,98.83,293401,0,0,0
sess_03098,user_065,server_10,server,LOGIN HTTP_GET DB_READ DB_WRITE CACHE_READ HTTP_POST LOGOUT,7,75.29,332815,0,0,0
sess_04030,user_049,server_14,git,LOGIN CLONE DOWNLOAD DOWNLOAD PUSH DELETE_REPO,6,85.33,10123450,0,0,1
sess_04025,user_053,server_14,git,LOGIN CLONE LOGOUT READ_FILE COMMIT PUSH,6,85.83,318081,0,0,0
sess_00089,user_048,server_10,git,LOGIN DELETE_REPO DOWNLOAD DOWNLOAD DOWNLOAD,5,68.2,14993685,0,0,1
sess_01444,user_072,server_01,git,LOGIN PULL READ_FILE CREATE_BRANCH COMMIT PUSH LOGOUT,7,64.29,347893,0,0,0
sess_02839,user_053,server_05,git,LOGIN PULL PUSH READ_FILE COMMIT LOGOUT,6,93.0,296956,0,0,0
sess_02013,user_088,server_17,server,LOGIN HTTP_GET CACHE_READ HTTP_GET LOGOUT CACHE_READ DB_READ,7,89.57,355992,0,0,0
sess_03325,user_023,server_10,git,LOGIN PULL READ_FILE COMMIT PUSH PULL LOGOUT,7,85.14,297669,0,0,0
sess_02648,user_032,server_08,git,LOGIN PULL READ_FILE PULL COMMIT PUSH LOGOUT,7,82.14,370879,0,0,0
sess_03873,user_086,server_01,git,LOGIN PULL READ_FILE COMMIT PULL PUSH LOGOUT,7,94.14,290861,0,0,0
sess_04487,user_013,server_09,server,LOGIN DB_READ HTTP_POST HTTP_GET LOGOUT DB_WRITE,6,95.83,280822,0,0,0
sess_03260,user_063,server_13,server,LOGIN HTTP_GET DB_WRITE LOGOUT DB_READ HTTP_POST CACHE_WRITE,7,97.14,337111,0,0,0
sess_03924,user_096,server_06,server,LOGIN HTTP_GET DB_WRITE DB_READ HTTP_POST LOGOUT,6,96.83,262955,0,0,0
sess_02610,user_004,server_07,server,LOGIN HTTP_GET CACHE_READ HTTP_GET DB_READ LOGOUT,6,101.5,299178,0,0,0
sess_02449,user_057,server_08,server,LOGIN HTTP_GET CACHE_READ DB_WRITE DB_READ LOGOUT HTTP_POST,7,88.43,309636,0,0,0
sess_01159,user_026,server_20,server,LOGIN LOGOUT HTTP_GET DB_READ DB_WRITE HTTP_POST,6,77.33,254726,0,0,0
sess_03768,user_047,server_16,server,LOGIN HTTP_GET HTTP_GET DB_READ CACHE_READ LOGOUT,6,103.5,318121,0,0,0
sess_00498,user_069,server_14,git,LOGIN PULL READ_FILE CREATE_BRANCH PUSH COMMIT LOGOUT,7,91.71,365338,0,0,0
sess_00137,user_094,server_05,server,LOGIN HTTP_GET DB_READ CACHE_READ HTTP_GET LOGOUT,6,85.67,317134,0,0,0
sess_00539,user_076,server_11,server,LOGIN HTTP_GET HTTP_GET DB_READ LOGOUT CACHE_READ,6,98.33,267892,0,0,0
sess_00341,user_063,server_10,server,LOGIN HTTP_GET HTTP_GET HTTP_GET HTTP_GET ERROR_500 ERROR_500,7,304.0,316353,2,0,1
sess_04135,user_032,server_10,git,LOGIN PULL PULL PUSH READ_FILE COMMIT LOGOUT,7,77.14,375609,0,0,0
sess_03626,user_029,server_04,git,LOGIN READ_FILE PULL PULL COMMIT LOGOUT PUSH,7,95.71,324135,0,0,0
sess_00707,user_043,server_18,git,LOGIN PULL READ_FILE COMMIT LOGOUT PUSH PULL,7,81.57,371518,0,0,0
sess_00616,user_056,server_18,server,LOGIN FILE_DOWNLOAD FILE_DOWNLOAD FILE_DOWNLOAD HTTP_DELETE,5,89.0,14961341,0,0,1
sess_02821,user_039,server_05,git,LOGIN PULL LOGOUT CREATE_BRANCH READ_FILE COMMIT READ_FILE PUSH,8,93.12,461500,0,0,0
sess_03131,user_041,server_15,git,LOGIN PULL LOGOUT READ_FILE COMMIT PUSH,6,86.17,324080,0,0,0
sess_04284,user_009,server_14,server,LOGIN HTTP_GET CACHE_READ CACHE_READ HTTP_GET DB_READ LOGOUT,7,79.0,327272,0,0,0
sess_02973,user_030,server_02,git,LOGIN PULL READ_FILE READ_FILE PUSH LOGOUT COMMIT,7,87.29,333024,0,0,0
sess_01928,user_042,server_04,git,LOGIN PULL CREATE_BRANCH COMMIT READ_FILE PUSH LOGOUT,7,105.43,371402,0,0,0
sess_02133,user_005,server_12,git,LOGIN CLONE COMMIT READ_FILE PUSH LOGOUT,6,97.0,300244,0,0,0
sess_00131,user_008,server_16,git,LOGIN PULL READ_FILE PUSH LOGOUT COMMIT,6,96.5,317144,0,0,0
sess_04131,user_072,server_16,server,LOGIN FILE_DOWNLOAD FILE_DOWNLOAD FILE_DOWNLOAD HTTP_DELETE,5,75.4,15124566,0,0,1
sess_04984,user_002,server_10,git,LOGIN CLONE READ_FILE LOGOUT COMMIT PUSH,6,101.5,330260,0,0,0
sess_02646,user_021,server_04,git,LOGIN CLONE PUSH DOWNLOAD DOWNLOAD DELETE_REPO,6,81.17,10015877,0,0,1
sess_00496,user_035,server_04,git,LOGIN CLONE READ_FILE LOGOUT COMMIT PUSH,6,83.5,244247,0,0,0
sess_01858,user_070,server_06,git,LOGIN PULL READ_FILE COMMIT LOGOUT PUSH,6,91.33,363989,0,0,0
sess_03068,user_031,server_06,git,LOGIN READ_FILE READ_FILE PULL CREATE_BRANCH PUSH COMMIT LOGOUT,8,100.88,410877,0,0,0
sess_04354,user_040,server_16,server,LOGIN HTTP_GET DB_READ CACHE_READ HTTP_GET LOGOUT CACHE_READ,7,64.43,333983,0,0,0
sess_00101,user_059,server_08,server,LOGIN HTTP_GET ERROR_500 ERROR_500 ERROR_500 DB_WRITE,6,400.17,302326,3,0,1
sess_01484,user_094,server_17,server,LOGIN HTTP_GET LOGOUT DB_READ HTTP_POST DB_WRITE,6,87.5,263008,0,0,0
sess_00038,user_019,server_06,server,LOGIN HTTP_GET DB_READ HTTP_GET LOGOUT CACHE_READ,6,86.5,323141,0,0,0
sess_01321,user_016,server_14,git,LOGIN PULL COMMIT READ_FILE LOGOUT PUSH,6,97.17,323180,0,0,0
sess_02152,user_063,server_08,server,LOGIN HTTP_GET DB_WRITE DB_READ HTTP_POST LOGOUT,6,102.67,271840,0,0,0
sess_00304,user_082,server_10,git,LOGIN PULL READ_FILE READ_FILE CREATE_BRANCH PUSH COMMIT LOGOUT,8,92.12,342439,0,0,0
sess_02060,user_088,server_01,server,LOGIN CACHE_READ HTTP_GET HTTP_GET DB_READ LOGOUT,6,105.5,239203,0,0,0
sess_04860,user_015,server_05,server,LOGIN HTTP_GET DB_WRITE HTTP_POST DB_READ CACHE_READ CACHE_WRITE LOGOUT,8,82.62,454157,0,0,0
sess_02396,user_014,server_19,git,LOGIN PULL READ_FILE LOGOUT COMMIT PULL PUSH,7,93.43,323816,0,0,0
sess_04540,user_058,server_19,server,LOGIN HTTP_GET DB_READ DB_WRITE CACHE_READ HTTP_POST LOGOUT,7,106.57,372865,0,0,0
sess_00764,user_027,server_14,git,LOGIN PUSH CLONE COMMIT READ_FILE LOGOUT,6,95.17,314279,0,0,0
sess_04287,user_013,server_18,git,LOGIN PULL READ_FILE LOGOUT COMMIT PUSH,6,85.33,273137,0,0,0
sess_04387,user_009,server_12,git,LOGIN PULL READ_FILE LOGOUT PUSH COMMIT PULL,7,87.29,377380,0,0,0
sess_04011,user_095,server_03,git,LOGIN CLONE READ_FILE COMMIT PUSH LOGOUT,6,92.5,313819,0,0,0
sess_02972,user_064,server_08,server,LOGIN HTTP_GET DB_WRITE HTTP_POST DB_READ CACHE_WRITE LOGOUT,7,98.0,346246,0,0,0
sess_02526,user_034,server_12,server,LOGIN DB_READ HTTP_GET DB_WRITE CACHE_WRITE HTTP_POST LOGOUT,7,93.86,358198,0,0,0
sess_01420,user_051,server_06,git,LOGIN READ_FILE CLONE COMMIT PUSH LOGOUT,6,74.33,285942,0,0,0
sess_01840,user_004,server_19,server,LOGIN HTTP_GET CACHE_WRITE DB_READ HTTP_POST DB_WRITE LOGOUT,7,85.29,322252,0,0,0
sess_04097,user_045,server_14,git,LOGIN READ_FILE PUSH COMMIT PULL CREATE_BRANCH LOGOUT,7,97.86,383976,0,0,0
sess_01342,user_081,server_19,git,LOGIN DOWNLOAD DOWNLOAD DELETE_REPO DOWNLOAD,5,70.0,14915231,0,0,1
sess_02682,user_041,server_03,git,LOGIN CLONE READ_FILE READ_FILE COMMIT PUSH LOGOUT,7,85.29,264707,0,0,0
sess_02992,user_023,server_11,server,LOGIN HTTP_GET HTTP_GET DB_READ CACHE_READ CACHE_READ LOGOUT,7,84.14,337820,0,0,0
sess_01722,user_059,server_10,git,LOGIN PULL READ_FILE READ_FILE COMMIT PUSH LOGOUT,7,96.29,374694,0,0,0
sess_01821,user_006,server_06,git,LOGIN PULL COMMIT READ_FILE LOGOUT PUSH PULL,7,97.14,395834,0,0,0
sess_01573,user_095,server_16,server,LOGIN HTTP_GET DB_READ DB_WRITE LOGOUT HTTP_POST CACHE_WRITE,7,89.29,364176,0,0,0
sess_00561,user_068,server_18,server,LOGIN HTTP_GET LOGOUT CACHE_READ CACHE_READ DB_READ HTTP_GET,7,95.71,352789,0,0,0
sess_02725,user_044,server_08,git,LOGIN PULL COMMIT READ_FILE PUSH LOGOUT,6,87.67,297352,0,0,0
sess_02164,user_004,server_03,git,LOGIN PULL CREATE_BRANCH COMMIT READ_FILE LOGOUT PUSH,7,64.86,335952,0,0,0
sess_03490,user_033,server_18,server,LOGIN DB_READ HTTP_GET HTTP_POST LOGOUT CACHE_READ CACHE_WRITE DB_WRITE,8,71.0,414621,0,0,0
sess_01225,user_060,server_13,git,LOGIN CREATE_BRANCH DOWNLOAD DELETE_REPO DOWNLOAD,5,92.6,9686279,0,0,1
sess_01867,user_020,server_19,git,LOGIN CREATE_BRANCH DOWNLOAD DELETE_REPO DOWNLOAD,5,92.8,10074896,0,0,1
sess_02263,user_063,server_16,server,LOGIN CACHE_READ HTTP_GET CACHE_READ LOGOUT HTTP_GET DB_READ,7,96.0,347419,0,0,0
sess_04863,user_028,server_01,server,LOGIN HTTP_GET CACHE_READ HTTP_GET DB_READ LOGOUT,6,104.67,312330,0,0,0
sess_00368,user_084,server_04,server,LOGIN HTTP_GET DB_READ DB_WRITE CACHE_WRITE HTTP_POST LOGOUT,7,68.43,311164,0,0,0
sess_00396,user_041,server_01,server,LOGIN HTTP_GET DB_READ CACHE_READ CACHE_READ HTTP_GET LOGOUT,7,113.0,375086,0,0,0
sess_03199,user_024,server_14,server,LOGIN HTTP_GET DB_READ CACHE_READ HTTP_GET LOGOUT,6,101.67,311227,0,0,0
sess_00606,user_035,server_20,git,LOGIN PULL COMMIT PUSH READ_FILE LOGOUT PULL,7,93.71,395778,0,0,0
sess_00880,user_026,server_13,git,LOGIN PULL COMMIT READ_FILE PULL PUSH LOGOUT,7,100.43,326357,0,0,0
sess_02043,user_092,server_17,server,LOGIN HTTP_GET CACHE_READ HTTP_GET DB_READ LOGOUT CACHE_READ,7,98.29,363353,0,0,0
sess_01686,user_006,server_01,server,LOGIN HTTP_GET CACHE_READ DB_READ HTTP_GET LOGOUT,6,95.33,329563,0,0,0
sess_00746,user_099,server_06,git,LOGIN PULL PUSH READ_FILE CREATE_BRANCH COMMIT LOGOUT,7,94.57,311693,0,0,0
sess_04856,user_021,server_20,git,LOGIN DOWNLOAD CLONE DOWNLOAD DELETE_REPO PUSH,6,80.0,10389550,0,0,1
sess_02531,user_062,server_02,git,LOGIN CLONE PUSH LOGOUT COMMIT READ_FILE,6,84.5,371006,0,0,0
sess_02659,user_090,server_13,server,LOGIN HTTP_GET DB_READ CACHE_READ HTTP_POST DB_WRITE LOGOUT,7,92.14,309694,0,0,0
sess_03389,user_054,server_04,git,LOGIN READ_FILE READ_FILE PULL PULL LOGOUT COMMIT PUSH,8,84.75,427707,0,0,0
sess_00059,user_081,server_19,server,LOGIN HTTP_GET DB_READ DB_WRITE HTTP_POST LOGOUT,6,84.0,347794,0,0,0
sess_02129,user_081,server_14,git,LOGIN PULL READ_FILE PUSH COMMIT LOGOUT,6,84.83,330568,0,0,0
sess_01707,user_086,server_06,git,LOGIN PULL COMMIT PULL PUSH READ_FILE LOGOUT,7,83.57,333761,0,0,0
sess_02685,user_046,server_02,server,LOGIN HTTP_GET CACHE_READ HTTP_GET DB_READ LOGOUT,6,80.67,280779,0,0,0
sess_01000,user_052,server_08,git,LOGIN CLONE LOGOUT READ_FILE COMMIT PUSH,6,90.0,348018,0,0,0
sess_01237,user_058,server_08,server,LOGIN FILE_DOWNLOAD FILE_DOWNLOAD FILE_DOWNLOAD HTTP_DELETE,5,84.4,15017525,0,0,1
sess_01530,user_098,server_16,server,LOGIN HTTP_GET CACHE_READ DB_READ DB_WRITE HTTP_POST LOGOUT,7,102.0,373206,0,0,0
sess_02603,user_093,server_17,server,LOGIN HTTP_GET DB_READ LOGOUT HTTP_POST DB_WRITE,6,93.17,301521,0,0,0
sess_03191,user_090,server_05,git,LOGIN PULL READ_FILE COMMIT READ_FILE PUSH PULL LOGOUT,8,81.38,416903,0,0,0
sess_04742,user_028,server_19,git,LOGIN COMMIT PULL CREATE_BRANCH READ_FILE LOGOUT PUSH,7,81.0,392140,0,0,0
sess_01946,user_070,server_18,git,LOGIN PULL CREATE_BRANCH COMMIT READ_FILE LOGOUT PUSH,7,77.57,320898,0,0,0
sess_01195,user_094,server_17,git,LOGIN READ_FILE PULL PUSH CREATE_BRANCH READ_FILE COMMIT LOGOUT,8,95.88,433116,0,0,0
sess_00685,user_050,server_16,git,LOGIN CREATE_BRANCH PULL READ_FILE LOGOUT COMMIT PUSH,7,100.57,358597,0,0,0
sess_03751,user_003,server_19,server,LOGIN HTTP_GET ERROR_500 ERROR_500 ERROR_500 DB_WRITE,6,447.5,279207,3,0,1
sess_00207,user_099,server_05,server,LOGIN HTTP_GET DB_READ HTTP_GET CACHE_READ LOGOUT,6,87.67,277687,0,0,0
sess_02957,user_090,server_05,server,LOGIN DB_READ CACHE_WRITE HTTP_GET LOGOUT DB_WRITE HTTP_POST,7,99.86,389636,0,0,0
sess_01783,user_022,server_07,server,LOGIN HTTP_GET DB_READ HTTP_GET LOGOUT CACHE_READ,6,115.33,336351,0,0,0
sess_02805,user_037,server_09,server,LOGIN HTTP_GET DB_READ DB_WRITE LOGOUT HTTP_POST,6,92.67,294563,0,0,0
sess_04227,user_055,server_14,server,LOGIN HTTP_GET DB_READ CACHE_READ CACHE_READ LOGOUT HTTP_GET,7,80.71,383983,0,0,0
sess_03708,user_007,server_12,git,LOGIN PULL PUSH READ_FILE COMMIT LOGOUT,6,70.83,289851,0,0,0
sess_04323,user_052,server_17,server,LOGIN HTTP_GET CACHE_READ DB_READ DB_WRITE HTTP_POST LOGOUT,7,80.57,340739,0,0,0
sess_02323,user_013,server_11,git,LOGIN PULL READ_FILE READ_FILE CREATE_BRANCH COMMIT PUSH LOGOUT,8,89.38,479918,0,0,0
sess_00055,user_088,server_06,git,LOGIN READ_FILE CLONE COMMIT PUSH LOGOUT,6,80.17,297074,0,0,0
sess_03656,user_033,server_17,server,LOGIN HTTP_GET CACHE_READ HTTP_GET DB_READ LOGOUT,6,63.17,326441,0,0,0
sess_04458,user_053,server_18,git,LOGIN COMMIT CLONE READ_FILE PUSH LOGOUT,6,89.0,253741,0,0,0
sess_00829,user_020,server_07,server,LOGIN HTTP_GET CACHE_READ DB_READ HTTP_GET LOGOUT,6,80.33,282234,0,0,0
sess_02105,user_072,server_05,git,LOGIN PULL CREATE_BRANCH PUSH READ_FILE COMMIT LOGOUT,7,69.71,348697,0,0,0
sess_04385,user_006,server_20,git,LOGIN PULL COMMIT PULL READ_FILE READ_FILE PUSH LOGOUT,8,80.5,352759,0,0,0
sess_00439,user_087,server_09,git,LOGIN PULL CREATE_BRANCH READ_FILE PUSH COMMIT LOGOUT,7,94.43,335315,0,0,0
sess_01011,user_078,server_07,server,LOGIN HTTP_GET CACHE_READ HTTP_GET DB_READ LOGOUT,6,82.0,308998,0,0,0
sess_02708,user_057,server_10,git,LOGIN PULL COMMIT READ_FILE PUSH PULL LOGOUT,7,111.57,328408,0,0,0
sess_01234,user_008,server_07,git,LOGIN PULL READ_FILE READ_FILE CREATE_BRANCH PUSH LOGOUT COMMIT,8,92.25,372170,0,0,0
sess_00519,user_029,server_01,git,LOGIN READ_FILE LOGOUT PULL PULL READ_FILE PUSH COMMIT,8,79.12,333343,0,0,0
sess_03545,user_078,server_08,git,LOGIN PULL READ_FILE LOGOUT PUSH CREATE_BRANCH COMMIT,7,88.0,393966,0,0,0
sess_02675,user_026,server_20,git,LOGIN COMMIT CLONE READ_FILE LOGOUT PUSH,6,82.5,313680,0,0,0
sess_01874,user_010,server_10,server,LOGIN HTTP_GET LOGOUT CACHE_READ HTTP_GET DB_READ,6,86.33,295537,0,0,0
sess_03002,user_082,server_05,server,LOGIN HTTP_GET DB_READ HTTP_GET LOGOUT CACHE_READ,6,75.5,230517,0,0,0
sess_04791,user_089,server_15,server,LOGIN DB_READ CACHE_READ HTTP_POST HTTP_GET DB_WRITE LOGOUT,7,91.43,372740,0,0,0
sess_01618,user_062,server_18,server,LOGIN HTTP_GET HTTP_GET LOGOUT CACHE_READ DB_READ,6,94.17,304564,0,0,0
sess_02671,user_099,server_14,server,LOGIN HTTP_GET HTTP_GET DB_READ CACHE_READ LOGOUT,6,93.17,288816,0,0,0
sess_01326,user_070,server_09,server,LOGIN HTTP_GET DB_READ CACHE_WRITE DB_WRITE HTTP_POST LOGOUT,7,83.43,382536,0,0,0
sess_00551,user_058,server_02,git,LOGIN PULL READ_FILE READ_FILE LOGOUT PUSH COMMIT,7,92.43,344871,0,0,0
sess_02545,user_095,server_07,server,LOGIN HTTP_GET DB_READ HTTP_GET CACHE_READ LOGOUT,6,77.33,291760,0,0,0
sess_00463,user_072,server_17,server,LOGIN CACHE_READ DB_READ HTTP_GET HTTP_GET CACHE_READ LOGOUT,7,85.57,365109,0,0,0
sess_04431,user_032,server_12,git,LOGIN PULL PULL COMMIT READ_FILE LOGOUT PUSH,7,70.14,355157,0,0,0
sess_01221,user_066,server_14,server,LOGIN HTTP_GET DB_READ HTTP_POST DB_WRITE LOGOUT CACHE_WRITE,7,99.14,389470,0,0,0
sess_00075,user_053,server_13,server,LOGIN CACHE_READ HTTP_GET DB_READ HTTP_GET LOGOUT,6,89.17,322796,0,0,0
sess_01958,user_017,server_18,git,LOGIN DOWNLOAD DOWNLOAD DOWNLOAD DELETE_REPO,5,110.0,15094503,0,0,1
sess_04454,user_005,server_04,git,LOGIN PULL PUSH COMMIT READ_FILE LOGOUT PULL,7,80.71,341725,0,0,0
sess_04844,user_034,server_14,server,LOGIN HTTP_GET CACHE_WRITE DB_READ DB_WRITE LOGOUT HTTP_POST,7,98.71,371469,0,0,0
sess_03107,user_067,server_14,server,LOGIN HTTP_GET DB_WRITE DB_READ HTTP_POST LOGOUT,6,89.67,316261,0,0,0
sess_04772,user_030,server_04,git,LOGIN PULL PUSH COMMIT READ_FILE READ_FILE PULL LOGOUT,8,93.62,416467,0,0,0
sess_01227,user_073,server_05,git,LOGIN COMMIT READ_FILE PULL PULL LOGOUT PUSH,7,102.71,322137,0,0,0
sess_03543,user_095,server_11,server,LOGIN CACHE_READ DB_READ DB_WRITE HTTP_POST HTTP_GET LOGOUT,7,92.71,406636,0,0,0
sess_01007,user_018,server_06,server,LOGIN HTTP_GET HTTP_POST DB_READ DB_WRITE LOGOUT,6,91.33,338866,0,0,0
sess_00678,user_087,server_08,server,LOGIN FILE_DOWNLOAD FILE_DOWNLOAD HTTP_DELETE FILE_DOWNLOAD,5,79.8,15027518,0,0,1
sess_00868,user_084,server_04,server,LOGIN HTTP_GET DB_READ DB_WRITE CACHE_WRITE HTTP_POST LOGOUT,7,98.0,366815,0,0,0
sess_02270,user_061,server_13,server,LOGIN FILE_DOWNLOAD FILE_DOWNLOAD FILE_DOWNLOAD HTTP_DELETE,5,100.2,14962646,0,0,1
sess_04613,user_090,server_18,server,LOGIN HTTP_GET DB_WRITE DB_READ HTTP_POST LOGOUT,6,93.67,275584,0,0,0
sess_03777,user_094,server_18,server,LOGIN HTTP_GET DB_WRITE DB_READ HTTP_POST LOGOUT CACHE_WRITE,7,97.86,373928,0,0,0
sess_04166,user_020,server_06,server,LOGIN HTTP_GET CACHE_READ CACHE_READ DB_READ LOGOUT HTTP_GET,7,95.14,340320,0,0,0
sess_03676,user_037,server_03,git,LOGIN READ_FILE PULL LOGOUT COMMIT CREATE_BRANCH PUSH,7,86.71,328166,0,0,0
sess_01966,user_005,server_08,server,LOGIN CACHE_READ DB_READ HTTP_GET HTTP_GET LOGOUT,6,96.33,288894,0,0,0
sess_03533,user_094,server_13,git,LOGIN LOGOUT PULL PUSH READ_FILE COMMIT PULL,7,84.86,350228,0,0,0
sess_01262,user_064,server_12,server,LOGIN HTTP_GET CACHE_READ CACHE_READ HTTP_GET DB_READ LOGOUT,7,95.57,341350,0,0,0
sess_02301,user_016,server_14,git,LOGIN PULL READ_FILE READ_FILE PUSH COMMIT LOGOUT,7,91.29,335355,0,0,0
sess_01165,user_009,server_06,git,LOGIN READ_FILE READ_FILE LOGOUT PULL CREATE_BRANCH COMMIT PUSH,8,85.38,401679,0,0,0
sess_01100,user_058,server_03,git,LOGIN CLONE READ_FILE COMMIT READ_FILE PUSH LOGOUT,7,84.86,346556,0,0,0
sess_01412,user_086,server_18,server,LOGIN HTTP_GET HTTP_POST DB_READ DB_WRITE CACHE_WRITE LOGOUT,7,101.57,349494,0,0,0
sess_04900,user_096,server_01,git,LOGIN CLONE READ_FILE COMMIT PUSH LOGOUT,6,77.67,309464,0,0,0
sess_00122,user_067,server_08,server,LOGIN DB_READ HTTP_GET CACHE_READ HTTP_GET LOGOUT,6,91.17,262716,0,0,0
sess_02523,user_057,server_20,git,LOGIN PULL READ_FILE READ_FILE LOGOUT COMMIT PULL PUSH,8,83.12,365656,0,0,0
sess_02799,user_098,server_18,git,LOGIN PULL PUSH CREATE_BRANCH READ_FILE COMMIT READ_FILE LOGOUT,8,85.75,389517,0,0,0
sess_00049,user_059,server_13,server,LOGIN HTTP_GET DB_READ DB_WRITE HTTP_POST LOGOUT,6,104.5,298459,0,0,0
sess_03646,user_043,server_08,server,LOGIN HTTP_GET HTTP_GET DB_READ CACHE_READ LOGOUT,6,82.67,262887,0,0,0
sess_02620,user_059,server_01,git,LOGIN CLONE READ_FILE COMMIT PUSH LOGOUT,6,76.5,267442,0,0,0
sess_02378,user_042,server_09,git,LOGIN CLONE COMMIT PUSH READ_FILE READ_FILE LOGOUT,7,115.71,335756,0,0,0
sess_00387,user_001,server_18,git,LOGIN PULL COMMIT READ_FILE PULL PUSH LOGOUT,7,66.29,325328,0,0,0
sess_00012,user_066,server_20,git,LOGIN PULL COMMIT READ_FILE READ_FILE PULL PUSH LOGOUT,8,86.5,437439,0,0,0
sess_03721,user_045,server_15,git,LOGIN PULL CREATE_BRANCH PUSH READ_FILE LOGOUT COMMIT,7,76.86,345012,0,0,0
sess_01931,user_033,server_03,server,LOGIN HTTP_GET CACHE_READ DB_READ HTTP_GET LOGOUT,6,86.67,296297,0,0,0
sess_03434,user_020,server_16,git,LOGIN CLONE COMMIT PUSH READ_FILE LOGOUT,6,79.83,329598,0,0,0
sess_04440,user_017,server_10,git,LOGIN CLONE DOWNLOAD DOWNLOAD DELETE_REPO PUSH,6,101.33,10264065,0,0,1
sess_02354,user_041,server_15,server,LOGIN HTTP_GET CACHE_READ HTTP_GET LOGOUT DB_READ,6,80.33,297876,0,0,0
sess_01284,user_071,server_15,server,LOGIN DB_WRITE HTTP_GET DB_READ LOGOUT HTTP_POST,6,72.0,294838,0,0,0
sess_02666,user_056,server_07,git,LOGIN PULL READ_FILE COMMIT LOGOUT PUSH,6,104.17,251753,0,0,0
sess_01642,user_030,server_07,git,LOGIN CLONE READ_FILE COMMIT PUSH LOGOUT,6,111.5,302028,0,0,0
sess_01930,user_084,server_05,git,LOGIN PULL READ_FILE CREATE_BRANCH LOGOUT COMMIT READ_FILE PUSH,8,84.62,440469,0,0,0
sess_04972,user_073,server_03,git,LOGIN CLONE READ_FILE PUSH COMMIT LOGOUT,6,72.33,326274,0,0,0
sess_04260,user_055,server_12,server,LOGIN HTTP_GET DB_READ CACHE_WRITE CACHE_READ DB_WRITE HTTP_POST LOGOUT,8,85.5,421296,0,0,0
sess_03564,user_024,server_14,git,LOGIN LOGOUT CLONE COMMIT READ_FILE PUSH,6,99.0,333857,0,0,0
sess_03512,user_053,server_09,git,LOGIN PULL READ_FILE CREATE_BRANCH COMMIT PUSH LOGOUT,7,94.57,351965,0,0,0
sess_01289,user_035,server_14,server,LOGIN HTTP_GET DB_READ DB_WRITE HTTP_POST LOGOUT CACHE_WRITE,7,89.14,300448,0,0,0
sess_03398,user_066,server_18,git,LOGIN PULL READ_FILE PULL COMMIT LOGOUT PUSH,7,70.71,351220,0,0,0
sess_02980,user_038,server_07,server,LOGIN HTTP_GET DB_WRITE ERROR_500 ERROR_500 ERROR_500,6,343.67,337032,3,0,1
sess_00160,user_057,server_04,server,LOGIN HTTP_GET DB_READ LOGOUT HTTP_GET CACHE_READ,6,98.67,278989,0,0,0
sess_00913,user_068,server_16,git,LOGIN READ_FILE PULL CREATE_BRANCH LOGOUT COMMIT PUSH,7,72.57,403474,0,0,0
sess_01572,user_033,server_19,server,LOGIN HTTP_GET DB_READ DB_WRITE HTTP_POST CACHE_WRITE LOGOUT,7,99.57,305668,0,0,0
sess_02688,user_074,server_01,git,LOGIN PULL CREATE_BRANCH READ_FILE LOGOUT READ_FILE PUSH COMMIT,8,96.38,372894,0,0,0
sess_03356,user_050,server_11,git,LOGIN PULL PUSH CREATE_BRANCH READ_FILE COMMIT LOGOUT,7,80.14,365587,0,0,0
sess_01841,user_094,server_12,server,LOGIN HTTP_GET DB_READ DB_WRITE LOGOUT HTTP_POST,6,83.83,241237,0,0,0
sess_00132,user_023,server_01,server,LOGIN HTTP_GET CACHE_READ DB_READ HTTP_GET LOGOUT,6,82.5,275354,0,0,0
sess_02428,user_004,server_09,git,LOGIN PUSH PULL READ_FILE COMMIT LOGOUT,6,91.5,333568,0,0,0
sess_01829,user_029,server_05,server,LOGIN HTTP_GET DB_READ HTTP_GET LOGOUT CACHE_READ,6,94.0,247244,0,0,0
sess_00172,user_031,server_04,git,LOGIN PULL CREATE_BRANCH COMMIT PUSH READ_FILE LOGOUT,7,86.0,339439,0,0,0
sess_03438,user_058,server_19,git,LOGIN READ_FILE PULL READ_FILE PUSH CREATE_BRANCH COMMIT LOGOUT,8,83.88,374017,0,0,0
sess_00821,user_097,server_07,server,LOGIN HTTP_GET CACHE_READ DB_READ LOGOUT HTTP_GET,6,95.17,279924,0,0,0
sess_02879,user_038,server_20,server,LOGIN HTTP_GET DB_READ DB_WRITE CACHE_READ HTTP_POST LOGOUT CACHE_WRITE,8,97.62,434186,0,0,0
sess_03390,user_022,server_02,server,LOGIN FILE_DOWNLOAD FILE_DOWNLOAD FILE_DOWNLOAD HTTP_DELETE,5,99.4,15274977,0,0,1
sess_04258,user_053,server_10,git,LOGIN CREATE_BRANCH READ_FILE PULL READ_FILE COMMIT LOGOUT PUSH,8,78.12,432921,0,0,0
sess_02584,user_058,server_10,git,LOGIN DOWNLOAD DOWNLOAD DOWNLOAD DELETE_REPO,5,90.4,14961051,0,0,1
sess_03614,user_048,server_15,git,LOGIN CLONE READ_FILE COMMIT LOGOUT PUSH,6,89.5,270086,0,0,0
sess_00647,user_050,server_20,server,LOGIN FILE_DOWNLOAD FILE_DOWNLOAD HTTP_DELETE FILE_DOWNLOAD,5,98.6,15001259,0,0,1
sess_01828,user_031,server_13,server,LOGIN HTTP_GET DB_READ DB_WRITE HTTP_POST CACHE_WRITE LOGOUT,7,86.57,315385,0,0,0
sess_02846,user_013,server_10,server,LOGIN HTTP_GET CACHE_READ DB_READ CACHE_READ HTTP_GET LOGOUT,7,90.0,364424,0,0,0
sess_01726,user_047,server_14,server,LOGIN HTTP_GET DB_READ HTTP_GET LOGOUT CACHE_READ,6,76.17,290747,0,0,0
sess_03682,user_092,server_02,server,LOGIN HTTP_GET HTTP_POST DB_READ CACHE_READ CACHE_WRITE DB_WRITE LOGOUT,8,88.25,371011,0,0,0
sess_00448,user_016,server_12,server,LOGIN HTTP_DELETE FILE_DOWNLOAD FILE_DOWNLOAD FILE_DOWNLOAD,5,95.4,15101615,0,0,1
sess_02510,user_097,server_13,server,LOGIN DB_READ HTTP_GET CACHE_READ HTTP_GET LOGOUT,6,94.33,374523,0,0,0
sess_01170,user_092,server_16,git,LOGIN CREATE_BRANCH DOWNLOAD DELETE_REPO DOWNLOAD,5,86.2,9934194,0,0,1
sess_03321,user_008,server_02,git,LOGIN READ_FILE PULL COMMIT READ_FILE PUSH LOGOUT,7,87.0,367731,0,0,0
sess_02677,user_023,server_13,server,LOGIN HTTP_GET HTTP_GET HTTP_GET HTTP_GET ERROR_500 ERROR_500,7,207.29,355692,2,0,1
sess_00844,user_007,server_14,git,LOGIN DOWNLOAD DOWNLOAD DOWNLOAD DELETE_REPO,5,100.2,14976964,0,0,1
sess_00416,user_004,server_05,server,LOGIN HTTP_GET DB_READ CACHE_READ HTTP_GET LOGOUT,6,82.33,307073,0,0,0
sess_01796,user_099,server_12,server,LOGIN DB_READ HTTP_GET DB_WRITE HTTP_POST LOGOUT CACHE_WRITE,7,80.14,344678,0,0,0
sess_03283,user_089,server_17,server,LOGIN CACHE_READ HTTP_GET CACHE_READ DB_READ LOGOUT HTTP_GET,7,89.29,329559,0,0,0
sess_00951,user_075,server_19,server,LOGIN HTTP_GET LOGOUT HTTP_GET DB_READ CACHE_READ,6,71.67,273792,0,0,0
sess_03536,user_035,server_02,server,LOGIN DB_READ CACHE_WRITE HTTP_GET DB_WRITE HTTP_POST LOGOUT,7,89.71,397619,0,0,0
sess_04721,user_014,server_11,git,LOGIN PULL PULL COMMIT READ_FILE LOGOUT PUSH,7,92.57,323570,0,0,0
sess_00867,user_031,server_17,git,LOGIN PULL LOGOUT READ_FILE COMMIT PUSH,6,92.0,331364,0,0,0
sess_03012,user_057,server_11,git,LOGIN PULL READ_FILE CREATE_BRANCH COMMIT PUSH LOGOUT,7,90.57,360198,0,0,0
sess_01666,user_078,server_02,server,LOGIN HTTP_GET DB_WRITE HTTP_POST DB_READ CACHE_WRITE LOGOUT,7,97.29,372603,0,0,0
sess_00600,user_087,server_13,git,LOGIN READ_FILE PULL PUSH LOGOUT COMMIT,6,76.67,274663,0,0,0
sess_00254,user_093,server_19,git,LOGIN FAILED_LOGIN FAILED_LOGIN DOWNLOAD FAILED_LOGIN DELETE_REPO,6,104.67,5117834,3,3,1
sess_02310,user_011,server_14,server,LOGIN HTTP_GET DB_READ CACHE_READ LOGOUT HTTP_GET,6,78.33,330657,0,0,0
sess_02615,user_054,server_08,server,LOGIN HTTP_GET CACHE_READ DB_READ HTTP_GET LOGOUT,6,90.67,304151,0,0,0
sess_01463,user_023,server_08,git,LOGIN DOWNLOAD DOWNLOAD DOWNLOAD DELETE_REPO,5,104.8,15316873,0,0,1
sess_03915,user_096,server_09,git,LOGIN READ_FILE PULL COMMIT PULL LOGOUT PUSH,7,67.0,332358,0,0,0
sess_01189,user_092,server_12,git,LOGIN PULL COMMIT READ_FILE LOGOUT PUSH PULL,7,96.0,363746,0,0,0
sess_00518,user_043,server_07,server,LOGIN DB_READ HTTP_GET DB_WRITE HTTP_POST LOGOUT,6,102.5,337865,0,0,0
sess_00677,user_088,server_04,git,LOGIN PULL READ_FILE COMMIT PUSH LOGOUT,6,81.17,321186,0,0,0
sess_01167,user_100,server_16,git,LOGIN CLONE READ_FILE LOGOUT COMMIT PUSH,6,95.83,309327,0,0,0
sess_02240,user_100,server_05,git,LOGIN PULL PUSH READ_FILE COMMIT LOGOUT,6,92.33,300464,0,0,0
sess_00621,user_002,server_13,git,LOGIN PULL READ_FILE COMMIT PUSH LOGOUT,6,89.5,271208,0,0,0
sess_01795,user_099,server_04,git,LOGIN PULL READ_FILE PUSH COMMIT PULL LOGOUT,7,86.43,335772,0,0,0
sess_00291,user_097,server_08,git,LOGIN PULL READ_FILE LOGOUT PUSH CREATE_BRANCH COMMIT,7,89.14,317982,0,0,0
sess_00671,user_027,server_11,git,LOGIN FAILED_LOGIN FAILED_LOGIN FAILED_LOGIN DOWNLOAD DELETE_REPO,6,132.67,5156098,3,3,1
sess_04512,user_040,server_13,git,LOGIN READ_FILE PULL READ_FILE PUSH COMMIT LOGOUT,7,81.86,360885,0,0,0
sess_03177,user_049,server_03,git,LOGIN READ_FILE PULL COMMIT PULL LOGOUT PUSH,7,100.57,358593,0,0,0
sess_00795,user_056,server_05,server,LOGIN DB_READ CACHE_READ LOGOUT HTTP_GET DB_WRITE HTTP_POST CACHE_WRITE,8,100.5,449117,0,0,0
sess_02420,user_086,server_19,server,LOGIN HTTP_GET DB_READ HTTP_GET CACHE_READ LOGOUT,6,92.67,244740,0,0,0
sess_01197,user_053,server_04,server,LOGIN HTTP_GET DB_READ LOGOUT CACHE_READ DB_WRITE HTTP_POST,7,92.71,353248,0,0,0
sess_00837,user_058,server_17,git,LOGIN COMMIT LOGOUT PULL READ_FILE PUSH,6,107.17,320139,0,0,0
sess_04129,user_050,server_03,server,LOGIN HTTP_GET DB_WRITE DB_READ HTTP_POST LOGOUT,6,86.5,324323,0,0,0
sess_01835,user_050,server_09,server,LOGIN HTTP_GET CACHE_READ HTTP_GET DB_READ LOGOUT,6,88.33,306637,0,0,0
sess_04825,user_027,server_19,server,LOGIN HTTP_GET HTTP_GET DB_READ LOGOUT CACHE_READ,6,81.5,292119,0,0,0
sess_03981,user_068,server_15,server,LOGIN HTTP_GET DB_READ HTTP_GET CACHE_READ LOGOUT,6,85.17,295109,0,0,0
sess_03804,user_010,server_18,git,LOGIN READ_FILE CLONE PUSH COMMIT READ_FILE LOGOUT,7,84.57,366123,0,0,0
sess_01937,user_013,server_14,server,LOGIN HTTP_GET DB_READ HTTP_POST DB_WRITE CACHE_WRITE LOGOUT,7,78.57,395660,0,0,0
sess_00142,user_027,server_17,server,LOGIN CACHE_READ HTTP_GET LOGOUT CACHE_READ HTTP_GET DB_READ,7,81.57,313147,0,0,0
sess_00592,user_087,server_07,git,LOGIN CREATE_BRANCH PULL READ_FILE PUSH COMMIT LOGOUT,7,97.29,331028,0,0,0
sess_00981,user_074,server_02,git,LOGIN PULL READ_FILE LOGOUT CREATE_BRANCH COMMIT PUSH,7,93.86,336865,0,0,0
sess_03914,user_005,server_11,git,LOGIN CLONE READ_FILE PUSH COMMIT LOGOUT,6,72.0,291872,0,0,0
sess_04531,user_036,server_08,git,LOGIN PULL READ_FILE COMMIT PUSH LOGOUT,6,94.67,263582,0,0,0
sess_00193,user_075,server_05,git,LOGIN CLONE DOWNLOAD DOWNLOAD PUSH DELETE_REPO,6,93.5,10209041,0,0,1
sess_04189,user_081,server_19,git,LOGIN READ_FILE PUSH PULL CREATE_BRANCH COMMIT LOGOUT,7,80.29,336263,0,0,0
sess_04923,user_064,server_05,git,LOGIN PULL READ_FILE PUSH COMMIT LOGOUT,6,104.0,286557,0,0,0
sess_00424,user_007,server_01,git,LOGIN CLONE LOGOUT READ_FILE COMMIT PUSH,6,114.17,298172,0,0,0
sess_02588,user_001,server_16,git,LOGIN CLONE READ_FILE PUSH COMMIT LOGOUT,6,98.5,303098,0,0,0
sess_02953,user_073,server_10,server,LOGIN HTTP_GET CACHE_READ LOGOUT DB_READ HTTP_GET,6,91.5,281438,0,0,0
sess_00667,user_036,server_15,git,LOGIN CLONE COMMIT READ_FILE READ_FILE LOGOUT PUSH,7,82.57,300444,0,0,0
sess_04414,user_052,server_14,git,LOGIN PULL READ_FILE COMMIT PUSH LOGOUT,6,72.17,314253,0,0,0
sess_01163,user_088,server_15,server,LOGIN HTTP_GET CACHE_READ DB_READ HTTP_GET LOGOUT,6,92.17,276184,0,0,0
sess_01852,user_096,server_14,server,LOGIN HTTP_GET LOGOUT DB_WRITE DB_READ HTTP_POST,6,88.0,294061,0,0,0
sess_04848,user_009,server_16,git,LOGIN CLONE READ_FILE COMMIT PUSH LOGOUT,6,93.67,314004,0,0,0
sess_01038,user_033,server_12,git,LOGIN COMMIT PULL READ_FILE CREATE_BRANCH PUSH LOGOUT,7,96.57,291314,0,0,0
sess_00716,user_015,server_18,git,LOGIN READ_FILE PULL COMMIT PUSH LOGOUT PULL,7,84.29,316759,0,0,0
sess_04643,user_043,server_07,server,LOGIN CACHE_READ HTTP_GET DB_READ HTTP_GET LOGOUT,6,96.0,293874,0,0,0
sess_02697,user_088,server_16,git,LOGIN PULL LOGOUT READ_FILE READ_FILE COMMIT PUSH,7,104.29,306878,0,0,0
sess_00711,user_028,server_05,server,LOGIN HTTP_GET LOGOUT DB_READ DB_WRITE HTTP_POST,6,88.17,323429,0,0,0
sess_02482,user_059,server_15,server,LOGIN DB_READ HTTP_GET HTTP_POST DB_WRITE LOGOUT,6,82.33,304723,0,0,0
sess_02222,user_093,server_03,git,LOGIN PULL READ_FILE COMMIT LOGOUT PUSH,6,82.83,324965,0,0,0
sess_01721,user_100,server_16,server,LOGIN DB_READ HTTP_GET DB_WRITE HTTP_POST LOGOUT,6,98.0,252109,0,0,0
sess_04574,user_069,server_07,server,LOGIN HTTP_GET DB_READ CACHE_READ HTTP_GET LOGOUT,6,87.17,309561,0,0,0
sess_00552,user_017,server_02,git,LOGIN READ_FILE PULL PUSH COMMIT LOGOUT,6,110.33,312673,0,0,0
sess_04920,user_048,server_15,server,LOGIN CACHE_READ LOGOUT HTTP_GET DB_READ CACHE_READ HTTP_GET,7,94.71,368188,0,0,0
sess_03445,user_020,server_15,server,LOGIN HTTP_GET DB_WRITE DB_READ HTTP_POST LOGOUT,6,79.67,288190,0,0,0
sess_00823,user_084,server_12,git,LOGIN CLONE DOWNLOAD DOWNLOAD PUSH DELETE_REPO,6,93.17,9998034,0,0,1
sess_03663,user_025,server_13,git,LOGIN READ_FILE PULL COMMIT LOGOUT PULL PUSH,7,98.43,360840,0,0,0
sess_00669,user_071,server_06,git,LOGIN PULL LOGOUT READ_FILE COMMIT PUSH,6,94.67,258747,0,0,0
sess_03108,user_015,server_05,git,LOGIN PULL READ_FILE CREATE_BRANCH COMMIT PUSH READ_FILE LOGOUT,8,88.62,422799,0,0,0
sess_03021,user_099,server_20,git,LOGIN DELETE_REPO CLONE DOWNLOAD DOWNLOAD PUSH,6,79.5,9971195,0,0,1
sess_03699,user_059,server_07,server,LOGIN CACHE_READ HTTP_GET DB_READ LOGOUT HTTP_GET CACHE_READ,7,92.71,432276,0,0,0
sess_02607,user_052,server_08,git,LOGIN PULL PUSH COMMIT READ_FILE PULL LOGOUT,7,104.0,318080,0,0,0
sess_02691,user_093,server_20,git,LOGIN PULL READ_FILE COMMIT PULL PUSH LOGOUT,7,97.0,311058,0,0,0
sess_03765,user_098,server_13,git,LOGIN READ_FILE PULL PUSH COMMIT LOGOUT,6,91.33,299135,0,0,0
sess_01964,user_089,server_04,git,LOGIN PULL READ_FILE COMMIT LOGOUT PUSH,6,87.0,352495,0,0,0
sess_03250,user_056,server_01,git,LOGIN PULL PUSH READ_FILE COMMIT LOGOUT,6,99.33,259749,0,0,0
sess_04347,user_031,server_13,git,LOGIN READ_FILE PULL COMMIT PUSH LOGOUT,6,87.5,283423,0,0,0
sess_00401,user_023,server_12,server,LOGIN HTTP_GET HTTP_POST DB_READ CACHE_WRITE DB_WRITE LOGOUT,7,87.43,330361,0,0,0
sess_01709,user_009,server_16,git,LOGIN CLONE COMMIT READ_FILE LOGOUT PUSH,6,85.5,301417,0,0,0
sess_01139,user_077,server_16,git,LOGIN CLONE READ_FILE LOGOUT PUSH COMMIT,6,96.0,345422,0,0,0
sess_04089,user_033,server_04,git,LOGIN PULL LOGOUT COMMIT READ_FILE PUSH,6,97.0,321947,0,0,0
sess_01300,user_057,server_05,git,LOGIN DOWNLOAD DOWNLOAD DOWNLOAD DELETE_REPO,5,117.4,14813746,0,0,1
sess_03422,user_014,server_05,git,LOGIN CLONE READ_FILE COMMIT LOGOUT PUSH,6,100.17,264819,0,0,0
sess_00336,user_086,server_04,server,LOGIN HTTP_GET DB_READ DB_WRITE HTTP_POST CACHE_WRITE LOGOUT,7,94.86,361771,0,0,0
sess_02736,user_098,server_02,server,LOGIN HTTP_GET DB_READ CACHE_READ LOGOUT HTTP_GET,6,73.5,311672,0,0,0
sess_02173,user_084,server_13,server,LOGIN CACHE_READ HTTP_GET HTTP_GET LOGOUT DB_READ CACHE_READ,7,95.71,344080,0,0,0
sess_03474,user_090,server_01,git,LOGIN PULL READ_FILE PULL COMMIT LOGOUT PUSH,7,106.0,386478,0,0,0
sess_00261,user_078,server_18,server,LOGIN DB_READ HTTP_GET CACHE_READ HTTP_GET LOGOUT,6,92.83,311731,0,0,0
sess_03292,user_062,server_11,git,LOGIN READ_FILE PULL PUSH LOGOUT COMMIT READ_FILE,7,97.0,342511,0,0,0
sess_03821,user_086,server_16,git,LOGIN PULL READ_FILE COMMIT PUSH CREATE_BRANCH LOGOUT,7,97.0,323239,0,0,0
sess_01314,user_013,server_18,git,LOGIN CLONE READ_FILE COMMIT PUSH READ_FILE LOGOUT,7,81.29,423229,0,0,0
sess_02975,user_042,server_20,git,LOGIN PULL CREATE_BRANCH COMMIT READ_FILE PUSH LOGOUT,7,93.29,340136,0,0,0
sess_04789,user_005,server_12,git,LOGIN READ_FILE PUSH PULL LOGOUT COMMIT,6,85.17,365155,0,0,0
sess_03198,user_082,server_13,git,LOGIN PULL READ_FILE READ_FILE LOGOUT COMMIT PUSH PULL,8,100.62,439993,0,0,0
sess_02180,user_089,server_11,git,LOGIN PULL PUSH READ_FILE COMMIT READ_FILE LOGOUT,7,83.0,338671,0,0,0
sess_02552,user_046,server_17,git,LOGIN PULL READ_FILE PUSH READ_FILE COMMIT PULL LOGOUT,8,79.75,407532,0,0,0
sess_02397,user_085,server_09,git,LOGIN PULL LOGOUT PUSH READ_FILE COMMIT PULL,7,78.86,301411,0,0,0
sess_03867,user_085,server_17,server,LOGIN HTTP_GET CACHE_READ LOGOUT DB_READ CACHE_READ HTTP_GET,7,103.0,324131,0,0,0
sess_02738,user_068,server_15,git,LOGIN PULL COMMIT READ_FILE CREATE_BRANCH PUSH LOGOUT,7,88.29,310677,0,0,0
sess_03415,user_098,server_11,server,LOGIN DB_READ HTTP_GET CACHE_WRITE HTTP_POST DB_WRITE LOGOUT,7,88.71,405794,0,0,0
sess_02172,user_002,server_01,git,LOGIN FAILED_LOGIN FAILED_LOGIN FAILED_LOGIN DOWNLOAD DELETE_REPO,6,108.33,5354727,3,3,1
sess_00120,user_067,server_07,git,LOGIN CLONE LOGOUT READ_FILE COMMIT PUSH,6,98.67,351568,0,0,0
sess_03668,user_067,server_06,server,LOGIN HTTP_GET HTTP_GET DB_READ LOGOUT CACHE_READ,6,88.33,318382,0,0,0
sess_04665,user_013,server_20,git,LOGIN PULL PULL READ_FILE READ_FILE COMMIT PUSH LOGOUT,8,104.12,445869,0,0,0
sess_03534,user_031,server_13,git,LOGIN CREATE_BRANCH PULL READ_FILE PUSH COMMIT LOGOUT,7,100.29,378641,0,0,0
sess_04948,user_095,server_06,server,LOGIN CACHE_READ HTTP_GET HTTP_GET LOGOUT DB_READ,6,88.33,297437,0,0,0
sess_03470,user_079,server_07,git,LOGIN PULL COMMIT READ_FILE LOGOUT PULL PUSH,7,81.0,430858,0,0,0
sess_02014,user_041,server_12,git,LOGIN PULL READ_FILE COMMIT PULL PUSH LOGOUT,7,97.29,372727,0,0,0
sess_04161,user_062,server_06,server,LOGIN HTTP_GET HTTP_GET DB_READ CACHE_READ LOGOUT,6,97.0,287449,0,0,0
sess_04686,user_021,server_16,server,LOGIN AUTH_FAILURE AUTH_FAILURE AUTH_FAILURE HTTP_DELETE ERROR_500,6,238.5,245890,4,3,1
sess_02334,user_044,server_16,server,LOGIN HTTP_GET HTTP_GET CACHE_READ DB_READ LOGOUT,6,72.0,292046,0,0,0
sess_03943,user_080,server_09,server,LOGIN DB_READ HTTP_GET CACHE_READ HTTP_GET LOGOUT,6,88.33,265970,0,0,0
sess_04107,user_009,server_07,git,LOGIN READ_FILE READ_FILE CLONE COMMIT PUSH LOGOUT,7,83.57,382449,0,0,0
sess_04110,user_025,server_17,server,LOGIN HTTP_GET HTTP_GET CACHE_READ DB_READ LOGOUT,6,77.33,319771,0,0,0
sess_01542,user_004,server_14,git,LOGIN COMMIT PULL READ_FILE PUSH LOGOUT,6,114.83,290932,0,0,0
sess_03217,user_017,server_09,git,LOGIN READ_FILE PUSH CLONE COMMIT READ_FILE LOGOUT,7,89.14,389729,0,0,0
sess_01690,user_087,server_02,git,LOGIN READ_FILE PULL CREATE_BRANCH PUSH COMMIT LOGOUT,7,75.86,383075,0,0,0
sess_03548,user_033,server_16,git,LOGIN PULL READ_FILE PUSH CREATE_BRANCH COMMIT LOGOUT,7,73.71,333660,0,0,0
sess_04965,user_060,server_18,git,LOGIN CLONE PUSH DOWNLOAD DOWNLOAD DELETE_REPO,6,79.17,10181737,0,0,1
sess_03471,user_038,server_17,git,LOGIN PULL READ_FILE PUSH COMMIT READ_FILE PULL LOGOUT,8,98.12,368087,0,0,0
sess_01047,user_044,server_12,server,LOGIN HTTP_GET DB_WRITE DB_READ CACHE_READ LOGOUT HTTP_POST,7,80.43,367481,0,0,0
sess_02948,user_055,server_01,git,LOGIN READ_FILE COMMIT LOGOUT PULL PULL PUSH,7,98.43,367799,0,0,0
sess_04549,user_026,server_07,server,LOGIN HTTP_GET DB_READ CACHE_READ HTTP_POST LOGOUT DB_WRITE CACHE_WRITE,8,85.25,382620,0,0,0
sess_00891,user_029,server_13,git,LOGIN COMMIT PULL PUSH READ_FILE LOGOUT PULL,7,79.43,325989,0,0,0
sess_04471,user_055,server_10,git,LOGIN FAILED_LOGIN FAILED_LOGIN FAILED_LOGIN DELETE_REPO DOWNLOAD,6,109.17,5139089,3,3,1
sess_01746,user_092,server_15,git,LOGIN READ_FILE PUSH PULL COMMIT PULL LOGOUT,7,91.29,338867,0,0,0
sess_03674,user_039,server_01,server,LOGIN HTTP_GET LOGOUT DB_READ CACHE_READ HTTP_GET,6,72.33,306267,0,0,0
sess_02609,user_001,server_12,git,LOGIN PULL COMMIT READ_FILE PULL PUSH LOGOUT,7,81.71,380755,0,0,0
sess_03042,user_034,server_17,git,LOGIN PULL READ_FILE COMMIT PUSH LOGOUT,6,81.0,398172,0,0,0
sess_00003,user_080,server_16,git,LOGIN PULL READ_FILE CREATE_BRANCH COMMIT PUSH LOGOUT,7,83.86,350706,0,0,0
sess_04956,user_057,server_03,git,LOGIN COMMIT LOGOUT PULL READ_FILE PUSH,6,93.17,288188,0,0,0
sess_01305,user_071,server_01,git,LOGIN READ_FILE PULL PULL READ_FILE COMMIT LOGOUT PUSH,8,96.75,375555,0,0,0
sess_01952,user_041,server_09,git,LOGIN CLONE READ_FILE PUSH LOGOUT COMMIT,6,90.83,283691,0,0,0
sess_04573,user_022,server_17,git,LOGIN CLONE READ_FILE LOGOUT READ_FILE COMMIT PUSH,7,94.57,362419,0,0,0
sess_00328,user_086,server_04,git,LOGIN CREATE_BRANCH DOWNLOAD DELETE_REPO DOWNLOAD,5,70.6,10299421,0,0,1
sess_01372,user_016,server_16,git,LOGIN PULL CREATE_BRANCH READ_FILE COMMIT READ_FILE PUSH LOGOUT,8,77.0,428245,0,0,0
sess_04099,user_053,server_12,server,LOGIN AUTH_FAILURE HTTP_DELETE AUTH_FAILURE AUTH_FAILURE ERROR_500,6,143.0,281665,4,3,1
sess_01144,user_071,server_01,git,LOGIN READ_FILE PULL READ_FILE COMMIT PUSH LOGOUT,7,98.57,349533,0,0,0
sess_02286,user_026,server_09,git,LOGIN COMMIT PULL READ_FILE PUSH LOGOUT,6,95.5,328642,0,0,0
sess_04581,user_049,server_14,server,LOGIN DB_READ HTTP_GET HTTP_GET CACHE_READ LOGOUT,6,82.33,302716,0,0,0
sess_01824,user_002,server_15,server,LOGIN HTTP_GET HTTP_POST DB_READ DB_WRITE LOGOUT,6,97.83,279346,0,0,0
sess_00233,user_059,server_11,git,LOGIN PULL COMMIT READ_FILE LOGOUT PULL PUSH,7,81.0,336634,0,0,0
sess_04291,user_056,server_04,git,LOGIN FAILED_LOGIN FAILED_LOGIN FAILED_LOGIN DELETE_REPO DOWNLOAD,6,121.5,5250090,3,3,1
sess_04029,user_018,server_14,git,LOGIN PULL READ_FILE COMMIT PUSH LOGOUT,6,71.17,318398,0,0,0
sess_00014,user_084,server_10,server,LOGIN HTTP_GET DB_READ HTTP_POST DB_WRITE LOGOUT,6,91.0,345488,0,0,0
sess_03892,user_001,server_16,git,LOGIN READ_FILE PULL PUSH COMMIT LOGOUT,6,70.67,283079,0,0,0
sess_02382,user_075,server_17,git,LOGIN PULL PULL PUSH READ_FILE COMMIT LOGOUT,7,85.14,387798,0,0,0
sess_01383,user_087,server_04,server,LOGIN HTTP_GET HTTP_GET DB_READ CACHE_READ LOGOUT,6,82.0,322506,0,0,0
sess_00875,user_053,server_10,git,LOGIN READ_FILE CLONE PUSH COMMIT LOGOUT,6,92.5,331724,0,0,0
sess_03809,user_064,server_04,server,LOGIN CACHE_READ DB_READ HTTP_GET CACHE_READ HTTP_GET LOGOUT,7,78.57,393017,0,0,0
sess_00773,user_044,server_11,git,LOGIN PULL READ_FILE COMMIT PUSH LOGOUT PULL,7,92.29,390926,0,0,0
sess_03755,user_038,server_20,server,LOGIN HTTP_GET DB_READ LOGOUT HTTP_GET CACHE_READ,6,104.5,251923,0,0,0
sess_01604,user_047,server_02,server,LOGIN HTTP_GET LOGOUT DB_READ HTTP_POST DB_WRITE,6,95.33,330716,0,0,0
sess_03762,user_092,server_04,server,LOGIN HTTP_GET HTTP_POST DB_READ CACHE_WRITE DB_WRITE LOGOUT,7,85.14,452701,0,0,0
sess_04237,user_011,server_08,git,LOGIN PULL PUSH COMMIT READ_FILE LOGOUT,6,108.83,264684,0,0,0
sess_00264,user_098,server_17,server,LOGIN DB_READ HTTP_GET HTTP_POST CACHE_WRITE LOGOUT DB_WRITE,7,85.14,347087,0,0,0
sess_04150,user_009,server_18,git,LOGIN CLONE COMMIT READ_FILE LOGOUT READ_FILE PUSH,7,92.0,314088,0,0,0
sess_03115,user_037,server_13,git,LOGIN PULL READ_FILE COMMIT PUSH LOGOUT,6,96.0,273706,0,0,0
sess_00410,user_100,server_11,server,LOGIN HTTP_GET DB_READ DB_WRITE HTTP_POST LOGOUT,6,84.0,316609,0,0,0
sess_00221,user_071,server_17,git,LOGIN PULL PULL READ_FILE COMMIT LOGOUT PUSH,7,82.43,338156,0,0,0
sess_02715,user_090,server_06,server,LOGIN HTTP_GET DB_READ HTTP_POST DB_WRITE CACHE_READ LOGOUT,7,98.14,317968,0,0,0
sess_02193,user_022,server_13,git,LOGIN READ_FILE CLONE COMMIT PUSH LOGOUT,6,90.17,311116,0,0,0
sess_02426,user_061,server_19,git,LOGIN CREATE_BRANCH READ_FILE PULL PUSH COMMIT LOGOUT,7,94.57,352319,0,0,0
sess_03123,user_025,server_16,server,LOGIN HTTP_GET DB_WRITE DB_READ HTTP_POST LOGOUT,6,75.83,304369,0,0,0
sess_00302,user_067,server_11,server,LOGIN DB_WRITE HTTP_GET HTTP_POST DB_READ LOGOUT,6,115.67,324180,0,0,0
sess_04067,user_020,server_20,server,LOGIN HTTP_GET ERROR_500 ERROR_500 DB_WRITE ERROR_500,6,407.67,338707,3,0,1
sess_03863,user_055,server_20,git,LOGIN PULL PULL READ_FILE LOGOUT COMMIT PUSH,7,63.86,369270,0,0,0
sess_04562,user_057,server_04,git,LOGIN READ_FILE READ_FILE PULL COMMIT LOGOUT PUSH,7,78.86,330715,0,0,0
sess_03523,user_020,server_01,git,LOGIN READ_FILE PULL CREATE_BRANCH COMMIT PUSH LOGOUT,7,91.29,295234,0,0,0
sess_01813,user_043,server_02,git,LOGIN FAILED_LOGIN FAILED_LOGIN DELETE_REPO FAILED_LOGIN DOWNLOAD,6,118.5,5001455,3,3,1
sess_02175,user_059,server_07,git,LOGIN READ_FILE PULL COMMIT LOGOUT PUSH,6,86.0,325831,0,0,0
sess_03371,user_048,server_03,server,LOGIN HTTP_GET CACHE_READ CACHE_READ DB_READ HTTP_GET LOGOUT,7,74.14,379772,0,0,0
sess_01177,user_045,server_04,server,LOGIN HTTP_GET DB_READ CACHE_WRITE DB_WRITE HTTP_POST LOGOUT CACHE_READ,8,90.0,375435,0,0,0
sess_02306,user_042,server_13,server,LOGIN HTTP_GET CACHE_READ DB_READ CACHE_READ HTTP_GET LOGOUT,7,81.43,382311,0,0,0
sess_03154,user_057,server_03,server,LOGIN DB_READ HTTP_GET HTTP_POST DB_WRITE LOGOUT CACHE_WRITE,7,93.29,373910,0,0,0
sess_02327,user_047,server_09,git,LOGIN CLONE LOGOUT READ_FILE COMMIT PUSH,6,78.67,254486,0,0,0
sess_04396,user_052,server_08,git,LOGIN READ_FILE CLONE READ_FILE PUSH COMMIT LOGOUT,7,81.29,345888,0,0,0
sess_00294,user_061,server_19,git,LOGIN DOWNLOAD DELETE_REPO DOWNLOAD DOWNLOAD,5,95.0,14856679,0,0,1
sess_03160,user_084,server_05,git,LOGIN CLONE READ_FILE PUSH COMMIT LOGOUT,6,98.33,288932,0,0,0
sess_04631,user_056,server_02,server,LOGIN HTTP_GET DB_READ LOGOUT HTTP_GET CACHE_READ,6,87.17,342842,0,0,0
sess_02118,user_069,server_10,git,LOGIN DOWNLOAD DOWNLOAD DOWNLOAD DELETE_REPO,5,88.4,15009867,0,0,1
sess_03799,user_024,server_16,git,LOGIN CREATE_BRANCH PULL READ_FILE COMMIT PUSH LOGOUT,7,97.29,365378,0,0,0
sess_03331,user_036,server_03,git,LOGIN READ_FILE PULL PUSH COMMIT CREATE_BRANCH LOGOUT,7,78.14,410905,0,0,0
sess_01274,user_029,server_11,git,LOGIN READ_FILE PULL CREATE_BRANCH COMMIT PUSH LOGOUT,7,82.86,339357,0,0,0
sess_00072,user_087,server_11,server,LOGIN HTTP_GET DB_WRITE LOGOUT CACHE_READ DB_READ HTTP_POST,7,115.86,290000,0,0,0
sess_00687,user_005,server_14,server,LOGIN HTTP_GET CACHE_WRITE LOGOUT DB_WRITE DB_READ HTTP_POST,7,91.57,342045,0,0,0
sess_00480,user_008,server_08,server,LOGIN HTTP_GET CACHE_READ HTTP_POST DB_READ DB_WRITE LOGOUT CACHE_WRITE,8,77.75,409659,0,0,0
sess_04075,user_069,server_06,server,LOGIN DB_READ HTTP_GET CACHE_READ HTTP_GET LOGOUT,6,79.17,323578,0,0,0
sess_00640,user_026,server_01,server,LOGIN HTTP_POST HTTP_GET DB_READ LOGOUT DB_WRITE,6,96.5,316104,0,0,0
sess_03361,user_095,server_07,git,LOGIN PULL READ_FILE COMMIT CREATE_BRANCH PUSH LOGOUT,7,85.0,322324,0,0,0
sess_03769,user_093,server_14,server,LOGIN HTTP_GET DB_READ DB_WRITE LOGOUT HTTP_POST,6,87.83,299095,0,0,0
sess_00408,user_067,server_01,git,LOGIN PULL CREATE_BRANCH READ_FILE LOGOUT PUSH READ_FILE COMMIT,8,95.0,434191,0,0,0
sess_04801,user_047,server_01,server,LOGIN DB_WRITE DB_READ HTTP_GET HTTP_POST LOGOUT,6,97.67,305167,0,0,0
sess_02245,user_049,server_04,server,LOGIN CACHE_READ HTTP_GET DB_READ LOGOUT HTTP_GET,6,94.33,293959,0,0,0
sess_03641,user_062,server_10,git,LOGIN PULL READ_FILE LOGOUT COMMIT PULL PUSH,7,93.86,348615,0,0,0
sess_04276,user_052,server_07,server,LOGIN HTTP_GET HTTP_GET CACHE_READ DB_READ LOGOUT,6,113.5,285904,0,0,0
sess_04590,user_038,server_17,git,LOGIN READ_FILE PUSH PULL READ_FILE COMMIT PULL LOGOUT,8,85.25,386545,0,0,0
sess_04091,user_045,server_10,server,LOGIN DB_READ HTTP_GET HTTP_POST DB_WRITE CACHE_WRITE LOGOUT,7,91.14,384372,0,0,0
sess_02218,user_011,server_01,server,LOGIN DB_READ HTTP_GET HTTP_GET LOGOUT CACHE_READ,6,79.17,286879,0,0,0
sess_03472,user_049,server_04,git,LOGIN READ_FILE PULL COMMIT PUSH PULL LOGOUT,7,98.71,391885,0,0,0
sess_00778,user_072,server_08,server,LOGIN HTTP_POST DB_WRITE HTTP_GET DB_READ LOGOUT,6,84.5,308523,0,0,0
sess_04397,user_057,server_04,server,LOGIN LOGOUT HTTP_GET DB_READ HTTP_POST DB_WRITE,6,87.17,335047,0,0,0
sess_04750,user_058,server_02,server,LOGIN HTTP_GET HTTP_GET LOGOUT CACHE_READ DB_READ,6,86.0,318285,0,0,0
sess_00933,user_001,server_10,server,LOGIN HTTP_GET HTTP_POST DB_READ LOGOUT DB_WRITE,6,95.33,288217,0,0,0
sess_02775,user_009,server_19,server,LOGIN DB_READ HTTP_GET HTTP_POST CACHE_WRITE DB_WRITE LOGOUT,7,89.86,344097,0,0,0
sess_01915,user_010,server_05,git,LOGIN CLONE PUSH READ_FILE READ_FILE COMMIT LOGOUT,7,93.71,353229,0,0,0
sess_00136,user_047,server_19,git,LOGIN PULL COMMIT READ_FILE CREATE_BRANCH LOGOUT PUSH,7,71.71,359156,0,0,0
sess_01202,user_054,server_15,server,LOGIN HTTP_GET DB_WRITE LOGOUT CACHE_WRITE DB_READ HTTP_POST,7,94.0,380073,0,0,0
sess_01207,user_076,server_09,git,LOGIN READ_FILE PULL LOGOUT PUSH CREATE_BRANCH COMMIT,7,91.29,389577,0,0,0
sess_04518,user_099,server_19,server,LOGIN HTTP_GET HTTP_GET CACHE_READ LOGOUT DB_READ,6,96.5,333643,0,0,0
sess_04647,user_064,server_19,server,LOGIN HTTP_GET CACHE_READ HTTP_GET LOGOUT DB_READ,6,87.0,291105,0,0,0
sess_01660,user_084,server_12,server,LOGIN HTTP_GET CACHE_READ DB_READ HTTP_GET LOGOUT,6,80.83,294375,0,0,0
sess_01182,user_068,server_09,git,LOGIN CREATE_BRANCH PULL READ_FILE COMMIT PUSH LOGOUT,7,92.0,356800,0,0,0
sess_03855,user_041,server_19,server,LOGIN HTTP_GET DB_WRITE DB_READ HTTP_POST LOGOUT,6,66.0,311179,0,0,0
sess_04876,user_017,server_15,git,LOGIN READ_FILE READ_FILE PUSH PULL COMMIT LOGOUT,7,78.0,349533,0,0,0
sess_04136,user_034,server_19,server,LOGIN HTTP_GET HTTP_GET DB_READ CACHE_READ LOGOUT,6,73.83,318110,0,0,0
sess_01433,user_002,server_15,server,LOGIN DB_READ HTTP_GET HTTP_POST LOGOUT DB_WRITE,6,93.33,294564,0,0,0
sess_01969,user_068,server_15,server,LOGIN HTTP_GET CACHE_READ LOGOUT HTTP_GET DB_READ,6,89.0,328106,0,0,0
sess_00577,user_092,server_02,server,LOGIN HTTP_GET CACHE_READ LOGOUT DB_READ HTTP_GET,6,89.83,319369,0,0,0
sess_00325,user_020,server_09,server,LOGIN HTTP_GET HTTP_GET DB_READ CACHE_READ LOGOUT,6,85.17,274953,0,0,0
sess_00497,user_023,server_20,server,LOGIN FILE_DOWNLOAD FILE_DOWNLOAD FILE_DOWNLOAD HTTP_DELETE,5,84.8,15136584,0,0,1
sess_00769,user_067,server_08,git,LOGIN CLONE DOWNLOAD DOWNLOAD DELETE_REPO PUSH,6,80.5,10058264,0,0,1
sess_00272,user_070,server_13,server,LOGIN HTTP_GET CACHE_READ DB_READ DB_WRITE LOGOUT HTTP_POST,7,102.86,348136,0,0,0
sess_02762,user_049,server_09,git,LOGIN PULL READ_FILE COMMIT PUSH LOGOUT,6,83.5,296203,0,0,0
sess_01578,user_010,server_03,git,LOGIN PULL READ_FILE CREATE_BRANCH COMMIT LOGOUT READ_FILE PUSH,8,94.0,372609,0,0,0
sess_04124,user_020,server_06,git,LOGIN CLONE PUSH LOGOUT READ_FILE COMMIT READ_FILE,7,89.57,351199,0,0,0
sess_03284,user_032,server_13,server,LOGIN HTTP_GET DB_READ HTTP_POST DB_WRITE LOGOUT,6,96.33,259817,0,0,0
sess_03365,user_096,server_01,server,LOGIN HTTP_GET CACHE_READ DB_READ CACHE_READ HTTP_GET LOGOUT,7,88.71,337192,0,0,0
sess_03814,user_031,server_04,git,LOGIN CLONE COMMIT READ_FILE PUSH LOGOUT,6,95.5,292043,0,0,0
sess_01739,user_062,server_18,git,LOGIN PULL CREATE_BRANCH READ_FILE LOGOUT COMMIT PUSH,7,95.71,355356,0,0,0
sess_01267,user_011,server_19,git,LOGIN PULL READ_FILE PULL PUSH LOGOUT COMMIT,7,98.43,398706,0,0,0
sess_03493,user_066,server_16,git,LOGIN PULL COMMIT READ_FILE PUSH LOGOUT,6,96.67,307430,0,0,0
sess_01422,user_077,server_11,server,LOGIN HTTP_GET DB_READ CACHE_READ HTTP_POST DB_WRITE CACHE_WRITE LOGOUT,8,106.25,445812,0,0,0
sess_04830,user_058,server_11,git,LOGIN PULL READ_FILE CREATE_BRANCH READ_FILE COMMIT PUSH LOGOUT,8,101.0,444354,0,0,0
sess_01803,user_099,server_12,server,LOGIN HTTP_GET LOGOUT DB_READ HTTP_POST DB_WRITE,6,85.67,247353,0,0,0
sess_04205,user_061,server_16,server,LOGIN HTTP_GET CACHE_READ CACHE_READ HTTP_GET LOGOUT DB_READ,7,104.86,279836,0,0,0
sess_02806,user_012,server_16,server,LOGIN HTTP_GET HTTP_GET CACHE_READ CACHE_READ LOGOUT DB_READ,7,87.86,331082,0,0,0
sess_04749,user_031,server_01,server,LOGIN DB_READ CACHE_READ HTTP_GET CACHE_READ HTTP_GET LOGOUT,7,80.14,343891,0,0,0
sess_03696,user_081,server_04,git,LOGIN PULL READ_FILE CREATE_BRANCH READ_FILE COMMIT LOGOUT PUSH,8,97.0,436110,0,0,0
sess_01329,user_003,server_12,git,LOGIN PULL READ_FILE COMMIT PULL PUSH LOGOUT,7,90.71,324054,0,0,0
sess_01172,user_012,server_04,server,LOGIN DB_READ HTTP_GET LOGOUT HTTP_GET CACHE_READ,6,102.83,278461,0,0,0
sess_03343,user_098,server_01,git,LOGIN COMMIT PULL PUSH READ_FILE PULL LOGOUT,7,77.43,393087,0,0,0
sess_01743,user_097,server_07,server,LOGIN HTTP_GET CACHE_READ HTTP_GET DB_READ LOGOUT,6,84.33,287950,0,0,0
sess_01467,user_054,server_09,git,LOGIN PULL READ_FILE COMMIT PULL PUSH LOGOUT,7,76.29,357425,0,0,0
sess_03984,user_024,server_05,git,LOGIN CLONE PUSH READ_FILE COMMIT LOGOUT,6,90.5,273471,0,0,0
sess_02850,user_064,server_13,server,LOGIN HTTP_GET DB_READ HTTP_GET CACHE_READ LOGOUT,6,88.17,305211,0,0,0
sess_04800,user_069,server_07,git,LOGIN CLONE COMMIT READ_FILE PUSH LOGOUT,6,104.67,324463,0,0,0
sess_01154,user_001,server_09,server,LOGIN HTTP_GET CACHE_READ DB_READ HTTP_GET LOGOUT,6,93.5,358824,0,0,0
sess_02502,user_061,server_18,git,LOGIN PULL COMMIT READ_FILE READ_FILE LOGOUT PUSH PULL,8,85.5,392927,0,0,0
sess_03616,user_073,server_14,git,LOGIN COMMIT PULL READ_FILE CREATE_BRANCH PUSH LOGOUT,7,84.29,308178,0,0,0
sess_01735,user_092,server_10,server,LOGIN HTTP_GET HTTP_GET DB_READ CACHE_READ LOGOUT,6,78.17,283200,0,0,0
sess_02425,user_092,server_05,git,LOGIN PULL READ_FILE COMMIT LOGOUT PULL PUSH,7,91.86,418767,0,0,0
sess_04504,user_016,server_17,server,LOGIN HTTP_GET HTTP_POST DB_READ CACHE_READ DB_WRITE LOGOUT,7,80.86,382855,0,0,0
sess_03244,user_055,server_02,server,LOGIN HTTP_GET DB_READ HTTP_POST CACHE_WRITE LOGOUT DB_WRITE,7,98.43,334723,0,0,0
sess_03366,user_046,server_07,git,LOGIN PULL COMMIT READ_FILE READ_FILE LOGOUT PULL PUSH,8,92.75,309357,0,0,0
sess_01943,user_013,server_14,server,LOGIN HTTP_GET DB_READ LOGOUT HTTP_POST DB_WRITE,6,84.0,291168,0,0,0
sess_02570,user_070,server_09,git,LOGIN PULL COMMIT READ_FILE LOGOUT PUSH PULL,7,101.86,395748,0,0,0
sess_03567,user_044,server_14,git,LOGIN PUSH PULL READ_FILE LOGOUT COMMIT,6,94.5,304784,0,0,0
sess_02221,user_064,server_02,git,LOGIN DOWNLOAD DOWNLOAD DOWNLOAD DELETE_REPO,5,83.8,14856979,0,0,1
sess_03116,user_075,server_19,server,LOGIN HTTP_GET HTTP_GET CACHE_READ DB_READ LOGOUT,6,91.5,350900,0,0,0
sess_00869,user_068,server_05,git,LOGIN CLONE READ_FILE COMMIT PUSH LOGOUT,6,86.0,268197,0,0,0
sess_01409,user_051,server_01,git,LOGIN DOWNLOAD DELETE_REPO DOWNLOAD DOWNLOAD,5,103.4,15061262,0,0,1
sess_04638,user_040,server_20,server,LOGIN CACHE_READ CACHE_READ LOGOUT HTTP_GET HTTP_GET DB_READ,7,82.14,362663,0,0,0
sess_04026,user_099,server_09,git,LOGIN PULL READ_FILE CREATE_BRANCH COMMIT LOGOUT PUSH,7,82.29,339791,0,0,0
sess_03397,user_038,server_03,git,LOGIN PULL COMMIT READ_FILE PUSH READ_FILE LOGOUT,7,77.71,304563,0,0,0
sess_03913,user_035,server_14,server,LOGIN LOGOUT HTTP_POST HTTP_GET DB_READ DB_WRITE,6,92.83,250351,0,0,0
sess_04369,user_064,server_04,server,LOGIN HTTP_GET HTTP_POST CACHE_READ DB_READ LOGOUT DB_WRITE CACHE_WRITE,8,86.75,426687,0,0,0
sess_03051,user_027,server_09,server,LOGIN HTTP_POST HTTP_GET DB_READ DB_WRITE CACHE_WRITE LOGOUT,7,94.14,385142,0,0,0
sess_01081,user_100,server_13,git,LOGIN READ_FILE PULL LOGOUT COMMIT PULL PUSH,7,97.29,332022,0,0,0
sess_01230,user_084,server_06,server,LOGIN DB_READ HTTP_GET CACHE_READ DB_WRITE HTTP_POST LOGOUT,7,84.71,340507,0,0,0
sess_00682,user_069,server_11,server,LOGIN HTTP_GET HTTP_GET DB_READ CACHE_READ LOGOUT,6,78.67,256203,0,0,0
sess_03947,user_096,server_03,git,LOGIN CLONE PUSH READ_FILE COMMIT LOGOUT,6,75.83,265140,0,0,0
sess_01525,user_092,server_11,server,LOGIN HTTP_GET DB_READ CACHE_READ DB_WRITE LOGOUT HTTP_POST,7,108.14,367164,0,0,0
sess_04253,user_050,server_02,server,LOGIN HTTP_GET CACHE_READ CACHE_READ HTTP_GET DB_READ LOGOUT,7,80.57,333481,0,0,0
sess_04468,user_026,server_09,git,LOGIN CREATE_BRANCH DOWNLOAD DELETE_REPO DOWNLOAD,5,67.2,10273742,0,0,1
sess_02207,user_084,server_11,server,LOGIN HTTP_GET CACHE_READ DB_READ HTTP_POST DB_WRITE CACHE_WRITE LOGOUT,8,95.5,364873,0,0,0
sess_01605,user_080,server_11,git,LOGIN READ_FILE PULL READ_FILE COMMIT PULL LOGOUT PUSH,8,81.5,427462,0,0,0
sess_04005,user_084,server_03,git,LOGIN PULL READ_FILE CREATE_BRANCH LOGOUT COMMIT PUSH,7,78.86,375188,0,0,0
sess_00802,user_054,server_14,git,LOGIN CLONE COMMIT READ_FILE LOGOUT PUSH,6,79.0,262166,0,0,0
sess_00152,user_012,server_19,git,LOGIN READ_FILE COMMIT PULL PULL PUSH LOGOUT,7,109.43,323179,0,0,0
sess_01280,user_071,server_04,git,LOGIN DOWNLOAD DOWNLOAD DELETE_REPO DOWNLOAD,5,67.6,14947424,0,0,1
sess_00953,user_054,server_07,git,LOGIN PULL READ_FILE LOGOUT READ_FILE COMMIT PUSH,7,77.14,328983,0,0,0
sess_04701,user_048,server_18,server,LOGIN HTTP_GET DB_READ HTTP_POST CACHE_WRITE DB_WRITE LOGOUT,7,92.14,346514,0,0,0
sess_04761,user_064,server_18,git,LOGIN PULL READ_FILE PULL COMMIT LOGOUT PUSH,7,77.43,293947,0,0,0
sess_04313,user_043,server_16,server,LOGIN FILE_DOWNLOAD FILE_DOWNLOAD FILE_DOWNLOAD HTTP_DELETE,5,108.8,14536018,0,0,1
sess_04368,user_060,server_02,server,LOGIN CACHE_READ HTTP_GET DB_WRITE DB_READ CACHE_WRITE HTTP_POST LOGOUT,8,87.12,407150,0,0,0
sess_04338,user_066,server_16,git,LOGIN PULL LOGOUT READ_FILE COMMIT PUSH,6,91.67,290336,0,0,0
sess_04679,user_003,server_03,git,LOGIN PULL READ_FILE PUSH CREATE_BRANCH COMMIT LOGOUT,7,94.43,336485,0,0,0
sess_03132,user_063,server_08,server,LOGIN DB_WRITE HTTP_GET DB_READ HTTP_POST LOGOUT,6,101.33,321965,0,0,0
sess_04911,user_086,server_16,git,LOGIN FAILED_LOGIN FAILED_LOGIN FAILED_LOGIN DOWNLOAD DELETE_REPO,6,116.83,5180610,3,3,1
sess_04680,user_062,server_02,server,LOGIN HTTP_GET ERROR_500 ERROR_500 ERROR_500 DB_WRITE,6,392.5,318166,3,0,1
sess_04747,user_089,server_14,server,LOGIN HTTP_GET HTTP_GET HTTP_GET HTTP_GET ERROR_500 ERROR_500,7,209.86,324114,2,0,1
sess_04633,user_036,server_15,server,LOGIN HTTP_GET CACHE_WRITE DB_READ DB_WRITE HTTP_POST LOGOUT,7,98.71,313192,0,0,0
sess_01518,user_024,server_01,server,LOGIN HTTP_GET HTTP_GET CACHE_READ DB_READ LOGOUT,6,78.33,267569,0,0,0
sess_01088,user_076,server_02,git,LOGIN CLONE COMMIT READ_FILE PUSH READ_FILE LOGOUT,7,86.71,393419,0,0,0
sess_04672,user_024,server_15,git,LOGIN CLONE READ_FILE COMMIT PUSH LOGOUT,6,81.33,320080,0,0,0
sess_04557,user_065,server_11,server,LOGIN HTTP_GET DB_READ HTTP_GET CACHE_READ LOGOUT,6,91.33,301528,0,0,0
sess_04946,user_065,server_18,git,LOGIN READ_FILE PULL LOGOUT CREATE_BRANCH COMMIT PUSH,7,86.0,385798,0,0,0
sess_00161,user_001,server_09,git,LOGIN PULL COMMIT LOGOUT READ_FILE CREATE_BRANCH PUSH,7,98.0,375500,0,0,0
sess_04795,user_027,server_07,git,LOGIN PULL READ_FILE COMMIT PUSH LOGOUT,6,77.0,255250,0,0,0
sess_00563,user_023,server_11,server,LOGIN HTTP_GET DB_WRITE DB_READ HTTP_POST CACHE_WRITE LOGOUT,7,78.43,337490,0,0,0
sess_02627,user_064,server_09,server,LOGIN HTTP_GET DB_READ DB_WRITE LOGOUT HTTP_POST,6,101.5,292678,0,0,0
sess_03930,user_039,server_13,server,LOGIN DB_READ HTTP_GET LOGOUT DB_WRITE HTTP_POST CACHE_WRITE,7,83.14,362080,0,0,0
sess_02539,user_025,server_06,server,LOGIN HTTP_GET HTTP_POST DB_READ DB_WRITE CACHE_WRITE LOGOUT,7,79.57,370640,0,0,0
sess_00766,user_042,server_13,server,LOGIN HTTP_GET CACHE_READ DB_READ HTTP_GET LOGOUT CACHE_READ,7,106.57,358800,0,0,0
sess_01369,user_064,server_20,git,LOGIN CLONE COMMIT READ_FILE LOGOUT PUSH,6,88.67,316208,0,0,0
sess_00228,user_088,server_16,git,LOGIN READ_FILE PULL COMMIT LOGOUT PUSH,6,81.33,285187,0,0,0
sess_00185,user_022,server_11,server,LOGIN HTTP_GET DB_READ LOGOUT HTTP_GET CACHE_READ,6,73.33,349854,0,0,0
sess_00924,user_094,server_17,git,LOGIN READ_FILE COMMIT CLONE LOGOUT PUSH,6,105.5,309202,0,0,0
sess_01429,user_002,server_02,git,LOGIN PULL READ_FILE READ_FILE COMMIT PULL LOGOUT PUSH,8,91.62,415142,0,0,0
sess_01204,user_067,server_03,git,LOGIN CLONE READ_FILE COMMIT LOGOUT PUSH,6,82.17,306533,0,0,0
sess_02506,user_019,server_02,server,LOGIN HTTP_GET ERROR_500 ERROR_500 DB_WRITE ERROR_500,6,313.17,305707,3,0,1
sess_00779,user_082,server_01,git,LOGIN PULL CREATE_BRANCH READ_FILE PUSH COMMIT LOGOUT,7,86.86,358451,0,0,0
sess_03735,user_063,server_20,server,LOGIN DB_READ HTTP_GET CACHE_READ HTTP_GET LOGOUT,6,99.83,291290,0,0,0
sess_01932,user_044,server_10,git,LOGIN CLONE PUSH READ_FILE COMMIT LOGOUT,6,101.17,258861,0,0,0
sess_00555,user_089,server_14,git,LOGIN READ_FILE CLONE LOGOUT COMMIT PUSH,6,65.5,281685,0,0,0
sess_00653,user_048,server_03,git,LOGIN PULL PUSH LOGOUT READ_FILE COMMIT,6,96.17,324445,0,0,0
sess_02551,user_007,server_02,git,LOGIN PULL READ_FILE PUSH PULL LOGOUT COMMIT,7,84.57,343523,0,0,0
sess_03308,user_055,server_08,git,LOGIN READ_FILE CLONE PUSH COMMIT LOGOUT,6,68.83,292978,0,0,0
sess_03710,user_071,server_13,server,LOGIN CACHE_READ DB_READ HTTP_GET HTTP_GET LOGOUT CACHE_READ,7,97.29,366253,0,0,0
sess_00842,user_001,server_11,git,LOGIN CLONE READ_FILE COMMIT PUSH LOGOUT,6,90.17,233022,0,0,0
sess_04239,user_100,server_04,git,LOGIN READ_FILE PUSH PULL LOGOUT COMMIT,6,96.33,323734,0,0,0
sess_01637,user_051,server_09,server,LOGIN HTTP_GET DB_WRITE CACHE_READ HTTP_POST DB_READ LOGOUT,7,85.57,363595,0,0,0
sess_01431,user_087,server_03,git,LOGIN PULL READ_FILE LOGOUT COMMIT PUSH,6,84.67,295839,0,0,0
sess_04610,user_001,server_12,git,LOGIN READ_FILE CLONE COMMIT PUSH LOGOUT,6,75.33,378275,0,0,0
sess_01513,user_091,server_11,git,LOGIN CLONE READ_FILE LOGOUT COMMIT PUSH,6,86.5,288989,0,0,0
sess_00997,user_008,server_06,server,LOGIN DB_READ HTTP_GET LOGOUT CACHE_READ HTTP_GET,6,92.83,307430,0,0,0
sess_00466,user_087,server_07,server,LOGIN HTTP_GET DB_READ LOGOUT HTTP_GET CACHE_READ,6,78.67,289327,0,0,0
sess_01740,user_075,server_03,git,LOGIN PULL READ_FILE COMMIT PULL PUSH LOGOUT,7,86.29,328359,0,0,0
sess_03257,user_098,server_14,git,LOGIN FAILED_LOGIN FAILED_LOGIN FAILED_LOGIN DELETE_REPO DOWNLOAD,6,98.0,5235167,3,3,1
sess_04186,user_081,server_04,git,LOGIN PULL READ_FILE LOGOUT COMMIT CREATE_BRANCH PUSH READ_FILE,8,89.0,392435,0,0,0
sess_04949,user_079,server_18,git,LOGIN PULL COMMIT READ_FILE PULL LOGOUT PUSH,7,92.86,354174,0,0,0
sess_04586,user_032,server_10,server,LOGIN HTTP_GET HTTP_GET DB_READ CACHE_READ LOGOUT,6,88.5,301172,0,0,0
sess_02942,user_028,server_06,server,LOGIN HTTP_GET HTTP_POST DB_READ LOGOUT CACHE_WRITE DB_WRITE,7,103.71,415835,0,0,0
sess_00548,user_035,server_04,server,LOGIN HTTP_GET HTTP_POST DB_READ DB_WRITE CACHE_WRITE LOGOUT,7,80.14,330453,0,0,0
sess_04272,user_091,server_10,git,LOGIN READ_FILE COMMIT READ_FILE PULL PUSH LOGOUT,7,83.14,320030,0,0,0
sess_00586,user_055,server_05,git,LOGIN PULL READ_FILE CREATE_BRANCH COMMIT PUSH LOGOUT,7,96.0,357199,0,0,0
sess_00632,user_096,server_17,server,LOGIN HTTP_GET HTTP_GET CACHE_READ DB_READ CACHE_READ LOGOUT,7,82.43,316624,0,0,0
sess_04332,user_084,server_03,git,LOGIN READ_FILE PULL READ_FILE COMMIT PULL LOGOUT PUSH,8,91.88,406584,0,0,0
sess_04734,user_093,server_11,git,LOGIN READ_FILE CREATE_BRANCH READ_FILE PULL LOGOUT COMMIT PUSH,8,99.25,380598,0,0,0
sess_00386,user_037,server_01,server,LOGIN DB_READ HTTP_GET CACHE_READ HTTP_GET LOGOUT,6,118.0,273537,0,0,0
sess_01953,user_004,server_04,server,LOGIN HTTP_GET DB_WRITE DB_READ HTTP_POST LOGOUT,6,89.33,291378,0,0,0
sess_04943,user_071,server_14,git,LOGIN CLONE COMMIT READ_FILE LOGOUT PUSH,6,69.67,343862,0,0,0
sess_01974,user_065,server_20,git,LOGIN PULL COMMIT CREATE_BRANCH READ_FILE LOGOUT PUSH,7,80.14,372576,0,0,0
sess_00240,user_047,server_14,git,LOGIN CLONE READ_FILE PUSH READ_FILE COMMIT LOGOUT,7,83.29,333922,0,0,0
sess_04138,user_006,server_15,server,LOGIN HTTP_GET HTTP_POST DB_READ CACHE_WRITE LOGOUT DB_WRITE,7,74.29,355637,0,0,0
sess_02962,user_062,server_18,server,LOGIN HTTP_GET DB_READ LOGOUT HTTP_GET CACHE_READ,6,80.83,310805,0,0,0
sess_03723,user_047,server_12,server,LOGIN HTTP_GET LOGOUT CACHE_READ DB_READ HTTP_GET,6,98.67,274287,0,0,0
sess_02304,user_049,server_10,git,LOGIN CLONE DOWNLOAD DOWNLOAD DELETE_REPO PUSH,6,91.17,10248271,0,0,1
sess_02937,user_012,server_19,git,LOGIN READ_FILE PULL PUSH READ_FILE LOGOUT COMMIT,7,90.29,325124,0,0,0
sess_00029,user_080,server_09,server,LOGIN HTTP_GET HTTP_GET DB_READ LOGOUT CACHE_READ,6,74.67,303230,0,0,0
sess_03391,user_053,server_06,server,LOGIN HTTP_GET CACHE_WRITE DB_WRITE DB_READ HTTP_POST LOGOUT,7,113.71,358480,0,0,0
sess_01575,user_056,server_02,git,LOGIN CLONE LOGOUT READ_FILE PUSH COMMIT,6,109.17,301950,0,0,0
sess_02661,user_041,server_06,git,LOGIN READ_FILE COMMIT PULL READ_FILE PULL PUSH LOGOUT,8,78.88,371350,0,0,0
sess_02049,user_026,server_05,server,LOGIN HTTP_GET HTTP_GET CACHE_READ LOGOUT DB_READ,6,107.83,259317,0,0,0
sess_00915,user_018,server_18,git,LOGIN PULL READ_FILE COMMIT PUSH PULL LOGOUT,7,109.57,342111,0,0,0
sess_00274,user_002,server_09,git,LOGIN DOWNLOAD CLONE DOWNLOAD PUSH DELETE_REPO,6,108.0,10547937,0,0,1
sess_00883,user_067,server_09,server,LOGIN HTTP_GET CACHE_READ DB_READ HTTP_GET LOGOUT,6,88.0,279364,0,0,0
sess_01817,user_051,server_07,server,LOGIN CACHE_READ HTTP_GET CACHE_READ DB_READ LOGOUT HTTP_GET,7,82.14,324825,0,0,0
sess_00610,user_015,server_11,server,LOGIN HTTP_GET DB_READ HTTP_POST CACHE_WRITE DB_WRITE LOGOUT,7,92.0,314982,0,0,0
sess_01556,user_042,server_07,server,LOGIN HTTP_GET DB_READ LOGOUT HTTP_POST CACHE_WRITE DB_WRITE,7,83.0,309407,0,0,0
sess_03153,user_070,server_07,server,LOGIN HTTP_GET LOGOUT CACHE_READ CACHE_READ HTTP_GET DB_READ,7,96.57,404591,0,0,0
sess_03840,user_018,server_12,git,LOGIN DOWNLOAD DOWNLOAD DELETE_REPO DOWNLOAD,5,97.6,14762690,0,0,1
sess_01842,user_030,server_14,git,LOGIN READ_FILE PULL READ_FILE COMMIT CREATE_BRANCH LOGOUT PUSH,8,91.0,438835,0,0,0
sess_02852,user_034,server_02,git,LOGIN PULL READ_FILE COMMIT PULL LOGOUT PUSH,7,99.71,361897,0,0,0
sess_01694,user_057,server_02,git,LOGIN READ_FILE PULL COMMIT READ_FILE PUSH LOGOUT,7,87.14,318669,0,0,0
sess_01580,user_064,server_09,server,LOGIN HTTP_GET CACHE_READ HTTP_GET CACHE_READ DB_READ LOGOUT,7,88.0,311857,0,0,0
sess_00241,user_087,server_12,server,LOGIN HTTP_GET DB_READ HTTP_POST CACHE_WRITE LOGOUT DB_WRITE,7,81.86,343168,0,0,0
sess_01210,user_088,server_03,git,LOGIN PULL READ_FILE READ_FILE PULL COMMIT LOGOUT PUSH,8,93.12,375961,0,0,0
sess_02143,user_033,server_03,server,LOGIN HTTP_GET CACHE_WRITE CACHE_READ DB_READ HTTP_POST LOGOUT DB_WRITE,8,79.88,363018,0,0,0
sess_03158,user_089,server_03,git,LOGIN PULL PULL READ_FILE COMMIT LOGOUT PUSH,7,95.29,268306,0,0,0
sess_03882,user_097,server_18,git,LOGIN PULL READ_FILE PULL LOGOUT COMMIT PUSH,7,82.14,312418,0,0,0
sess_04283,user_073,server_02,server,LOGIN HTTP_GET DB_READ HTTP_POST DB_WRITE CACHE_WRITE LOGOUT,7,69.29,335144,0,0,0
sess_02678,user_029,server_20,git,LOGIN PULL COMMIT PUSH READ_FILE LOGOUT PULL,7,92.0,341125,0,0,0
sess_04805,user_074,server_02,git,LOGIN PULL READ_FILE COMMIT CREATE_BRANCH LOGOUT PUSH,7,94.0,341609,0,0,0
sess_02253,user_040,server_10,server,LOGIN HTTP_GET DB_READ HTTP_POST CACHE_READ DB_WRITE LOGOUT,7,90.29,331389,0,0,0
sess_01166,user_083,server_05,server,LOGIN HTTP_POST DB_READ HTTP_GET DB_WRITE LOGOUT CACHE_WRITE,7,95.0,345384,0,0,0
sess_03951,user_043,server_06,server,LOGIN HTTP_GET DB_READ CACHE_READ HTTP_GET LOGOUT CACHE_READ,7,91.29,392114,0,0,0
sess_02608,user_087,server_03,git,LOGIN PULL COMMIT READ_FILE PUSH LOGOUT,6,68.17,271438,0,0,0
sess_04798,user_049,server_18,server,LOGIN DB_READ HTTP_GET HTTP_POST DB_WRITE CACHE_WRITE LOGOUT,7,63.86,357894,0,0,0
sess_03092,user_072,server_08,git,LOGIN READ_FILE READ_FILE PULL COMMIT PULL LOGOUT PUSH,8,96.62,366214,0,0,0
sess_04060,user_063,server_07,server,LOGIN HTTP_GET HTTP_GET CACHE_READ DB_READ LOGOUT,6,103.5,282892,0,0,0
sess_02553,user_018,server_17,server,LOGIN HTTP_GET DB_READ HTTP_GET CACHE_READ LOGOUT,6,84.5,327452,0,0,0
sess_00180,user_035,server_15,git,LOGIN CLONE COMMIT READ_FILE PUSH LOGOUT,6,86.33,309444,0,0,0
sess_03826,user_097,server_05,git,LOGIN PULL READ_FILE CREATE_BRANCH COMMIT PUSH LOGOUT,7,87.86,297494,0,0,0
sess_01632,user_026,server_14,server,LOGIN HTTP_GET CACHE_READ HTTP_GET DB_READ CACHE_READ LOGOUT,7,86.29,323388,0,0,0
sess_00115,user_082,server_10,server,LOGIN HTTP_GET DB_READ CACHE_READ CACHE_READ HTTP_GET LOGOUT,7,76.0,288307,0,0,0
sess_01584,user_061,server_12,git,LOGIN COMMIT PULL READ_FILE PUSH READ_FILE PULL LOGOUT,8,93.38,363372,0,0,0
sess_00276,user_093,server_09,git,LOGIN READ_FILE COMMIT PULL PUSH LOGOUT,6,88.83,244934,0,0,0
sess_03518,user_079,server_16,git,LOGIN CLONE COMMIT READ_FILE PUSH LOGOUT,6,95.17,298302,0,0,0
sess_01639,user_011,server_04,server,LOGIN HTTP_GET DB_READ HTTP_GET CACHE_READ LOGOUT,6,84.33,279272,0,0,0
sess_04014,user_074,server_05,server,LOGIN DB_READ HTTP_GET LOGOUT HTTP_GET CACHE_READ,6,100.0,304152,0,0,0
sess_01291,user_011,server_09,server,LOGIN DB_READ HTTP_GET HTTP_GET LOGOUT CACHE_READ,6,93.5,274148,0,0,0
sess_04413,user_085,server_18,git,LOGIN CLONE READ_FILE COMMIT READ_FILE PUSH LOGOUT,7,98.43,367354,0,0,0
sess_01118,user_097,server_02,git,LOGIN PULL READ_FILE LOGOUT COMMIT PULL PUSH READ_FILE,8,97.62,422099,0,0,0
sess_04563,user_009,server_08,server,LOGIN HTTP_GET HTTP_GET CACHE_READ LOGOUT CACHE_READ DB_READ,7,77.71,368061,0,0,0
sess_00656,user_040,server_17,git,LOGIN PULL COMMIT READ_FILE READ_FILE PUSH LOGOUT,7,63.29,309631,0,0,0
sess_03319,user_089,server_02,git,LOGIN PULL READ_FILE LOGOUT COMMIT PUSH PULL,7,96.71,364020,0,0,0
sess_02309,user_092,server_20,git,LOGIN PULL PUSH COMMIT READ_FILE CREATE_BRANCH LOGOUT,7,96.29,353883,0,0,0
sess_03658,user_061,server_03,git,LOGIN PULL LOGOUT READ_FILE COMMIT PUSH,6,83.83,263729,0,0,0
sess_03317,user_070,server_14,server,LOGIN HTTP_GET CACHE_WRITE HTTP_POST DB_READ DB_WRITE LOGOUT,7,91.86,337443,0,0,0
sess_00313,user_011,server_03,git,LOGIN PULL COMMIT READ_FILE LOGOUT READ_FILE PULL PUSH,8,89.62,387389,0,0,0
sess_02767,user_083,server_07,server,LOGIN CACHE_READ HTTP_GET DB_READ DB_WRITE HTTP_POST LOGOUT,7,82.57,339707,0,0,0
sess_04960,user_100,server_04,git,LOGIN FAILED_LOGIN FAILED_LOGIN FAILED_LOGIN DOWNLOAD DELETE_REPO,6,103.17,5200072,3,3,1
sess_02657,user_060,server_11,server,LOGIN CACHE_READ HTTP_GET DB_READ LOGOUT HTTP_GET,6,87.0,264730,0,0,0
sess_04794,user_053,server_02,server,LOGIN HTTP_GET DB_READ LOGOUT HTTP_GET CACHE_READ,6,87.5,291849,0,0,0
sess_01623,user_035,server_03,server,LOGIN HTTP_GET DB_READ HTTP_GET CACHE_READ LOGOUT,6,85.5,275927,0,0,0
sess_01273,user_041,server_16,server,LOGIN ERROR_500 HTTP_GET DB_WRITE ERROR_500 ERROR_500,6,382.0,261626,3,0,1
sess_01875,user_036,server_06,git,LOGIN READ_FILE CLONE COMMIT LOGOUT PUSH,6,85.0,286999,0,0,0
sess_02162,user_001,server_19,server,LOGIN HTTP_POST HTTP_GET DB_READ DB_WRITE CACHE_WRITE LOGOUT,7,95.29,346965,0,0,0
sess_00156,user_008,server_11,git,LOGIN PULL PUSH READ_FILE LOGOUT COMMIT,6,82.83,276668,0,0,0
sess_02250,user_092,server_04,server,LOGIN HTTP_GET DB_READ LOGOUT CACHE_READ HTTP_GET,6,81.67,311663,0,0,0
sess_02826,user_087,server_19,git,LOGIN PULL PUSH READ_FILE COMMIT CREATE_BRANCH LOGOUT,7,90.57,347732,0,0,0
sess_00446,user_022,server_20,server,LOGIN HTTP_GET DB_READ HTTP_POST DB_WRITE LOGOUT,6,98.5,298274,0,0,0
sess_01620,user_066,server_15,server,LOGIN HTTP_GET DB_READ CACHE_READ HTTP_GET LOGOUT,6,84.67,315798,0,0,0
sess_00486,user_003,server_07,git,LOGIN PULL READ_FILE PUSH PULL READ_FILE COMMIT LOGOUT,8,99.0,367611,0,0,0
sess_03825,user_005,server_06,git,LOGIN READ_FILE PULL COMMIT READ_FILE PUSH LOGOUT,7,75.29,298948,0,0,0
sess_00882,user_030,server_02,git,LOGIN PULL CREATE_BRANCH READ_FILE COMMIT LOGOUT PUSH,7,71.29,369115,0,0,0
sess_03730,user_040,server_11,git,LOGIN PULL READ_FILE COMMIT PULL READ_FILE PUSH LOGOUT,8,88.25,424605,0,0,0
sess_04392,user_058,server_14,git,LOGIN PULL PUSH READ_FILE COMMIT CREATE_BRANCH LOGOUT,7,93.57,397074,0,0,0
sess_03707,user_036,server_05,server,LOGIN AUTH_FAILURE AUTH_FAILURE AUTH_FAILURE HTTP_DELETE ERROR_500,6,213.5,223902,4,3,1
sess_00315,user_098,server_15,server,LOGIN DB_READ HTTP_GET HTTP_POST CACHE_WRITE DB_WRITE LOGOUT,7,86.29,336176,0,0,0
sess_03877,user_009,server_17,git,LOGIN COMMIT PULL READ_FILE LOGOUT PUSH,6,90.33,256366,0,0,0
sess_00536,user_055,server_01,server,LOGIN HTTP_GET LOGOUT CACHE_WRITE DB_READ HTTP_POST DB_WRITE,7,70.29,345486,0,0,0
sess_01710,user_014,server_12,git,LOGIN CLONE COMMIT READ_FILE PUSH LOGOUT,6,93.83,295926,0,0,0
sess_00397,user_016,server_14,git,LOGIN DELETE_REPO DOWNLOAD DOWNLOAD DOWNLOAD,5,80.6,14709921,0,0,1
sess_03725,user_081,server_19,server,LOGIN DB_READ HTTP_GET LOGOUT CACHE_READ HTTP_GET,6,75.17,350109,0,0,0
sess_02393,user_081,server_19,server,LOGIN HTTP_GET HTTP_GET HTTP_GET HTTP_GET ERROR_500 ERROR_500,7,267.71,349453,2,0,1
sess_00839,user_068,server_15,server,LOGIN CACHE_READ HTTP_GET CACHE_READ HTTP_GET DB_READ LOGOUT,7,97.43,401735,0,0,0
sess_04375,user_012,server_09,server,LOGIN HTTP_GET CACHE_READ HTTP_GET LOGOUT DB_READ CACHE_READ,7,74.0,375619,0,0,0
sess_02823,user_077,server_14,server,LOGIN HTTP_GET DB_WRITE LOGOUT DB_READ HTTP_POST,6,86.83,335879,0,0,0
sess_01868,user_074,server_08,git,LOGIN PUSH CLONE READ_FILE COMMIT LOGOUT,6,90.83,305988,0,0,0
sess_04499,user_073,server_07,server,LOGIN HTTP_GET HTTP_GET CACHE_READ DB_READ LOGOUT,6,74.33,286998,0,0,0
sess_00776,user_075,server_02,git,LOGIN PULL PULL READ_FILE LOGOUT PUSH COMMIT,7,83.29,391320,0,0,0
sess_02192,user_023,server_17,server,LOGIN HTTP_GET HTTP_GET CACHE_READ DB_READ LOGOUT,6,103.83,293800,0,0,0
sess_03662,user_018,server_20,server,LOGIN CACHE_READ HTTP_GET DB_READ HTTP_GET LOGOUT,6,97.83,307724,0,0,0
sess_01276,user_048,server_20,git,LOGIN PULL PULL COMMIT READ_FILE PUSH LOGOUT,7,84.57,385926,0,0,0
sess_02343,user_053,server_03,git,LOGIN PULL READ_FILE COMMIT PULL PUSH LOGOUT,7,83.29,329346,0,0,0
sess_04365,user_025,server_02,git,LOGIN READ_FILE COMMIT LOGOUT CLONE READ_FILE PUSH,7,99.71,339733,0,0,0
sess_03099,user_065,server_09,server,LOGIN HTTP_GET DB_READ HTTP_POST DB_WRITE LOGOUT,6,89.83,311928,0,0,0
sess_01519,user_021,server_02,git,LOGIN PULL READ_FILE READ_FILE COMMIT PUSH PULL LOGOUT,8,99.62,378868,0,0,0
sess_04331,user_073,server_19,server,LOGIN DB_READ HTTP_GET LOGOUT HTTP_POST DB_WRITE,6,81.17,338713,0,0,0
sess_04314,user_010,server_16,git,LOGIN READ_FILE PULL PUSH LOGOUT COMMIT,6,87.67,276726,0,0,0
sess_00166,user_036,server_04,git,LOGIN PULL READ_FILE LOGOUT PUSH COMMIT,6,86.5,300571,0,0,0
sess_02788,user_013,server_10,server,LOGIN HTTP_GET HTTP_POST DB_WRITE DB_READ LOGOUT,6,100.5,295461,0,0,0
sess_00521,user_011,server_19,server,LOGIN HTTP_GET DB_READ HTTP_GET CACHE_READ LOGOUT,6,97.33,310225,0,0,0
sess_00065,user_010,server_13,server,LOGIN HTTP_GET DB_READ CACHE_READ LOGOUT DB_WRITE HTTP_POST,7,79.0,360534,0,0,0
sess_04006,user_098,server_19,git,LOGIN PULL CREATE_BRANCH READ_FILE PUSH COMMIT LOGOUT,7,99.57,321828,0,0,0
sess_02252,user_098,server_02,git,LOGIN PULL COMMIT PUSH READ_FILE LOGOUT,6,102.67,359880,0,0,0
sess_02462,user_035,server_08,server,LOGIN HTTP_GET HTTP_GET CACHE_READ DB_READ LOGOUT,6,80.67,349163,0,0,0
sess_01768,user_027,server_03,git,LOGIN COMMIT CLONE READ_FILE LOGOUT PUSH,6,101.83,288084,0,0,0
sess_01380,user_077,server_13,server,LOGIN HTTP_GET DB_READ CACHE_READ HTTP_GET LOGOUT,6,72.5,316443,0,0,0
sess_03758,user_095,server_19,server,LOGIN HTTP_GET CACHE_READ HTTP_GET DB_READ LOGOUT,6,96.17,278129,0,0,0
sess_04846,user_027,server_10,server,LOGIN HTTP_GET DB_READ LOGOUT DB_WRITE HTTP_POST,6,89.17,336803,0,0,0
sess_01956,user_086,server_11,git,LOGIN CLONE READ_FILE LOGOUT COMMIT PUSH,6,92.83,333427,0,0,0
sess_03744,user_008,server_07,server,LOGIN HTTP_GET DB_READ HTTP_POST LOGOUT DB_WRITE,6,74.5,333715,0,0,0
sess_01621,user_011,server_06,server,LOGIN HTTP_GET HTTP_POST DB_READ CACHE_READ DB_WRITE CACHE_WRITE LOGOUT,8,94.88,377669,0,0,0
sess_02770,user_025,server_13,git,LOGIN COMMIT READ_FILE PULL PUSH LOGOUT,6,78.0,294096,0,0,0
sess_01019,user_077,server_16,git,LOGIN PULL READ_FILE COMMIT PUSH CREATE_BRANCH LOGOUT,7,78.43,352380,0,0,0
sess_01962,user_075,server_19,server,LOGIN HTTP_GET HTTP_GET CACHE_READ CACHE_READ DB_READ LOGOUT,7,91.0,339938,0,0,0
sess_04259,user_074,server_04,git,LOGIN READ_FILE PULL LOGOUT CREATE_BRANCH PUSH COMMIT,7,94.14,405559,0,0,0
sess_02486,user_069,server_16,server,LOGIN AUTH_FAILURE AUTH_FAILURE AUTH_FAILURE HTTP_DELETE ERROR_500,6,216.33,245541,4,3,1
sess_04080,user_070,server_14,git,LOGIN CLONE DELETE_REPO DOWNLOAD PUSH DOWNLOAD,6,87.0,10225408,0,0,1
sess_03146,user_006,server_10,server,LOGIN CACHE_WRITE HTTP_GET DB_READ HTTP_POST DB_WRITE LOGOUT,7,74.14,296468,0,0,0
sess_02150,user_013,server_02,server,LOGIN HTTP_GET HTTP_GET CACHE_READ CACHE_READ DB_READ LOGOUT,7,83.14,369077,0,0,0
sess_04992,user_088,server_05,server,LOGIN HTTP_GET HTTP_GET CACHE_READ DB_READ LOGOUT,6,96.0,337443,0,0,0
sess_03209,user_008,server_11,server,LOGIN DB_READ HTTP_GET DB_WRITE HTTP_POST LOGOUT,6,87.0,317214,0,0,0
sess_01181,user_086,server_19,server,LOGIN DB_WRITE HTTP_GET DB_READ HTTP_POST LOGOUT,6,102.17,314110,0,0,0
sess_04382,user_023,server_01,git,LOGIN COMMIT PULL LOGOUT PUSH READ_FILE,6,85.17,357371,0,0,0
sess_01633,user_066,server_01,git,LOGIN CLONE LOGOUT READ_FILE PUSH COMMIT,6,91.33,258700,0,0,0
sess_00505,user_021,server_19,server,LOGIN CACHE_READ HTTP_GET HTTP_GET DB_READ CACHE_READ LOGOUT,7,97.86,335933,0,0,0
sess_04044,user_047,server_18,git,LOGIN PULL LOGOUT READ_FILE CREATE_BRANCH COMMIT PUSH,7,117.86,354867,0,0,0
sess_01553,user_073,server_03,server,LOGIN HTTP_GET LOGOUT CACHE_READ HTTP_GET DB_READ,6,86.33,297838,0,0,0
sess_00344,user_091,server_14,git,LOGIN PULL READ_FILE CREATE_BRANCH LOGOUT PUSH COMMIT,7,85.29,292684,0,0,0
sess_01376,user_040,server_09,git,LOGIN PULL READ_FILE READ_FILE COMMIT LOGOUT PUSH,7,91.57,346975,0,0,0
sess_00895,user_017,server_08,git,LOGIN DOWNLOAD DOWNLOAD DOWNLOAD DELETE_REPO,5,79.2,15241957,0,0,1
sess_04148,user_093,server_19,git,LOGIN READ_FILE PULL PULL READ_FILE COMMIT PUSH LOGOUT,8,83.88,379373,0,0,0
sess_04270,user_095,server_20,git,LOGIN PULL COMMIT READ_FILE PUSH LOGOUT,6,83.33,343123,0,0,0
sess_04738,user_074,server_08,server,LOGIN HTTP_GET DB_READ CACHE_WRITE HTTP_POST DB_WRITE LOGOUT,7,102.29,315361,0,0,0
sess_01344,user_093,server_12,server,LOGIN DB_WRITE HTTP_GET DB_READ HTTP_POST CACHE_WRITE LOGOUT,7,92.43,372091,0,0,0
sess_02015,user_097,server_04,server,LOGIN HTTP_GET LOGOUT HTTP_GET CACHE_READ DB_READ CACHE_READ,7,92.43,412076,0,0,0
sess_00971,user_082,server_09,server,LOGIN HTTP_GET HTTP_POST DB_READ CACHE_WRITE CACHE_READ DB_WRITE LOGOUT,8,88.0,378464,0,0,0
sess_02925,user_080,server_03,git,LOGIN PULL READ_FILE LOGOUT READ_FILE COMMIT PUSH,7,86.29,358955,0,0,0
sess_02901,user_073,server_03,git,LOGIN PULL COMMIT READ_FILE PUSH LOGOUT,6,93.17,274385,0,0,0
sess_03067,user_093,server_05,server,LOGIN HTTP_GET ERROR_500 ERROR_500 ERROR_500 DB_WRITE,6,386.67,303063,3,0,1
sess_04473,user_045,server_12,git,LOGIN PULL READ_FILE COMMIT LOGOUT PUSH,6,101.5,294336,0,0,0
sess_00522,user_044,server_06,server,LOGIN HTTP_GET HTTP_POST DB_READ LOGOUT DB_WRITE CACHE_WRITE,7,96.71,311884,0,0,0
sess_03887,user_030,server_18,git,LOGIN CLONE READ_FILE LOGOUT COMMIT PUSH,6,87.83,277625,0,0,0
sess_03354,user_091,server_20,server,LOGIN DB_READ HTTP_GET HTTP_GET CACHE_READ CACHE_READ LOGOUT,7,90.86,392095,0,0,0
sess_01568,user_056,server_18,server,LOGIN DB_WRITE CACHE_READ HTTP_GET DB_READ LOGOUT HTTP_POST,7,91.0,272557,0,0,0
sess_03796,user_038,server_16,git,LOGIN PULL COMMIT READ_FILE PUSH LOGOUT,6,81.33,311361,0,0,0
sess_03581,user_037,server_08,server,LOGIN HTTP_GET HTTP_GET CACHE_READ DB_READ LOGOUT,6,87.33,261789,0,0,0
sess_03949,user_034,server_10,git,LOGIN READ_FILE CLONE LOGOUT COMMIT PUSH,6,91.17,276658,0,0,0
sess_04203,user_091,server_04,git,LOGIN READ_FILE PULL COMMIT PUSH LOGOUT,6,74.67,292260,0,0,0
sess_03496,user_023,server_01,git,LOGIN PULL READ_FILE COMMIT PULL PUSH LOGOUT,7,86.29,353375,0,0,0
sess_04085,user_010,server_10,server,LOGIN HTTP_GET DB_WRITE DB_READ HTTP_POST LOGOUT,6,99.5,270445,0,0,0
sess_02216,user_002,server_04,git,LOGIN COMMIT PULL READ_FILE PUSH LOGOUT,6,81.83,307001,0,0,0
sess_01107,user_061,server_17,server,LOGIN HTTP_GET HTTP_GET CACHE_READ DB_READ LOGOUT,6,91.17,305443,0,0,0
sess_00855,user_099,server_20,git,LOGIN CLONE COMMIT READ_FILE PUSH LOGOUT,6,93.67,265289,0,0,0
sess_03630,user_092,server_03,server,LOGIN CACHE_READ LOGOUT HTTP_GET DB_READ HTTP_GET,6,77.67,232430,0,0,0
sess_03173,user_038,server_10,git,LOGIN PULL COMMIT READ_FILE PULL LOGOUT PUSH,7,77.29,311729,0,0,0
sess_02528,user_045,server_01,git,LOGIN CLONE READ_FILE PUSH COMMIT LOGOUT,6,83.17,293623,0,0,0
sess_01449,user_025,server_04,server,LOGIN HTTP_GET HTTP_GET HTTP_GET ERROR_500 ERROR_500 HTTP_GET,7,253.71,300802,2,0,1
sess_00465,user_048,server_05,server,LOGIN HTTP_GET HTTP_POST DB_READ CACHE_WRITE DB_WRITE LOGOUT,7,85.29,383633,0,0,0
sess_03511,user_074,server_18,git,LOGIN CLONE READ_FILE PUSH COMMIT READ_FILE LOGOUT,7,89.14,358299,0,0,0
sess_03444,user_025,server_16,git,LOGIN COMMIT PULL PULL READ_FILE PUSH LOGOUT,7,89.14,417233,0,0,0
sess_04568,user_077,server_18,git,LOGIN PULL READ_FILE COMMIT PUSH LOGOUT,6,82.0,298511,0,0,0
sess_02652,user_034,server_19,server,LOGIN HTTP_GET DB_WRITE DB_READ HTTP_POST LOGOUT,6,96.17,317167,0,0,0
sess_00898,user_036,server_02,server,LOGIN HTTP_GET HTTP_GET DB_READ CACHE_READ LOGOUT,6,104.33,300521,0,0,0
sess_02619,user_050,server_02,git,LOGIN CLONE LOGOUT COMMIT READ_FILE PUSH,6,85.67,336372,0,0,0
sess_02271,user_050,server_09,git,LOGIN PULL PULL READ_FILE PUSH COMMIT LOGOUT,7,71.57,373942,0,0,0
sess_04740,user_061,server_04,git,LOGIN CLONE PUSH READ_FILE COMMIT LOGOUT,6,86.67,287202,0,0,0
sess_02464,user_074,server_08,git,LOGIN PULL COMMIT READ_FILE PULL LOGOUT READ_FILE PUSH,8,86.0,359816,0,0,0
sess_03919,user_049,server_01,git,LOGIN FAILED_LOGIN FAILED_LOGIN DOWNLOAD FAILED_LOGIN DELETE_REPO,6,118.83,5400000,3,3,1
sess_00508,user_094,server_05,git,LOGIN PULL PUSH READ_FILE COMMIT LOGOUT,6,98.0,336017,0,0,0
sess_01538,user_041,server_10,server,LOGIN CACHE_READ HTTP_GET CACHE_READ LOGOUT HTTP_GET DB_READ,7,78.57,383599,0,0,0
sess_03837,user_076,server_17,git,LOGIN CLONE PUSH READ_FILE COMMIT LOGOUT,6,86.83,269515,0,0,0
sess_03034,user_096,server_07,server,LOGIN HTTP_GET DB_WRITE HTTP_POST DB_READ LOGOUT,6,87.17,297370,0,0,0
sess_03718,user_028,server_19,server,LOGIN HTTP_POST HTTP_GET CACHE_READ DB_READ LOGOUT CACHE_WRITE DB_WRITE,8,112.88,364254,0,0,0
sess_00540,user_064,server_16,git,LOGIN READ_FILE PULL PULL READ_FILE COMMIT LOGOUT PUSH,8,88.12,422358,0,0,0
sess_02851,user_083,server_19,git,LOGIN READ_FILE PULL COMMIT LOGOUT CREATE_BRANCH PUSH,7,106.71,345831,0,0,0
sess_04444,user_009,server_14,server,LOGIN HTTP_POST HTTP_GET DB_READ CACHE_WRITE DB_WRITE LOGOUT CACHE_READ,8,89.5,367871,0,0,0
sess_01820,user_053,server_01,server,LOGIN DB_READ HTTP_GET DB_WRITE LOGOUT HTTP_POST,6,82.83,299433,0,0,0
sess_02785,user_060,server_06,server,LOGIN DB_READ HTTP_GET HTTP_GET LOGOUT CACHE_READ,6,103.67,339966,0,0,0
sess_04109,user_058,server_18,server,LOGIN CACHE_READ HTTP_GET HTTP_GET DB_READ LOGOUT,6,88.83,380819,0,0,0
sess_04929,user_026,server_17,git,LOGIN PULL READ_FILE LOGOUT COMMIT PUSH,6,79.17,297904,0,0,0
sess_01393,user_028,server_20,server,LOGIN HTTP_POST HTTP_GET DB_READ DB_WRITE CACHE_WRITE LOGOUT,7,89.29,359115,0,0,0
sess_02863,user_058,server_17,server,LOGIN DB_READ HTTP_GET DB_WRITE HTTP_POST LOGOUT,6,90.83,268236,0,0,0
sess_04963,user_018,server_14,server,LOGIN HTTP_GET CACHE_READ DB_READ CACHE_READ HTTP_GET LOGOUT,7,92.86,355071,0,0,0
sess_01251,user_009,server_16,git,LOGIN PULL READ_FILE COMMIT PUSH LOGOUT,6,79.5,325139,0,0,0
sess_01879,user_098,server_08,git,LOGIN CLONE PUSH COMMIT READ_FILE LOGOUT,6,104.33,312833,0,0,0
sess_01808,user_065,server_19,server,LOGIN LOGOUT HTTP_GET DB_WRITE DB_READ HTTP_POST,6,85.17,259970,0,0,0
sess_01415,user_066,server_07,server,LOGIN HTTP_GET DB_WRITE CACHE_WRITE DB_READ LOGOUT HTTP_POST,7,103.29,325461,0,0,0
sess_02927,user_041,server_04,git,LOGIN READ_FILE PULL CREATE_BRANCH COMMIT LOGOUT PUSH,7,86.71,292569,0,0,0
sess_03550,user_062,server_14,git,LOGIN CLONE COMMIT READ_FILE PUSH LOGOUT,6,76.33,325182,0,0,0
sess_04226,user_014,server_14,git,LOGIN PULL COMMIT LOGOUT READ_FILE PULL PUSH,7,93.14,323414,0,0,0
sess_04394,user_050,server_16,git,LOGIN READ_FILE CLONE LOGOUT PUSH COMMIT,6,93.33,309746,0,0,0
sess_04606,user_040,server_15,git,LOGIN PULL READ_FILE CREATE_BRANCH PUSH COMMIT LOGOUT,7,95.86,361362,0,0,0
sess_02336,user_008,server_03,server,LOGIN HTTP_GET DB_READ LOGOUT HTTP_POST DB_WRITE CACHE_WRITE,7,88.29,392754,0,0,0
sess_02847,user_090,server_09,server,LOGIN DB_READ CACHE_READ HTTP_GET LOGOUT HTTP_GET CACHE_READ,7,92.86,436404,0,0,0
sess_01485,user_090,server_15,server,LOGIN FILE_DOWNLOAD FILE_DOWNLOAD FILE_DOWNLOAD HTTP_DELETE,5,90.8,14985132,0,0,1
sess_03307,user_034,server_08,server,LOGIN HTTP_GET DB_READ HTTP_POST DB_WRITE LOGOUT,6,96.67,298254,0,0,0
sess_04320,user_037,server_09,server,LOGIN DB_READ HTTP_GET LOGOUT HTTP_GET CACHE_READ,6,95.67,332318,0,0,0
sess_01558,user_055,server_16,server,LOGIN HTTP_GET HTTP_GET CACHE_READ DB_READ LOGOUT,6,92.83,259123,0,0,0
sess_01655,user_012,server_20,server,LOGIN HTTP_GET DB_READ DB_WRITE LOGOUT HTTP_POST,6,103.17,312472,0,0,0
sess_01363,user_099,server_01,git,LOGIN PULL READ_FILE CREATE_BRANCH COMMIT PUSH LOGOUT,7,105.43,391034,0,0,0
sess_04456,user_069,server_16,git,LOGIN PULL PUSH READ_FILE COMMIT LOGOUT,6,94.67,349755,0,0,0
sess_04601,user_099,server_08,server,LOGIN AUTH_FAILURE AUTH_FAILURE AUTH_FAILURE HTTP_DELETE ERROR_500,6,167.83,212957,4,3,1
sess_03164,user_067,server_17,git,LOGIN CLONE COMMIT READ_FILE PUSH LOGOUT,6,82.0,345094,0,0,0
sess_00884,user_037,server_12,git,LOGIN CLONE READ_FILE PUSH COMMIT LOGOUT,6,94.83,293837,0,0,0
sess_00720,user_001,server_07,server,LOGIN HTTP_GET CACHE_READ DB_READ HTTP_GET LOGOUT,6,80.33,304803,0,0,0
sess_01886,user_069,server_06,git,LOGIN PULL COMMIT PUSH READ_FILE LOGOUT CREATE_BRANCH,7,89.14,374350,0,0,0
sess_02883,user_024,server_05,git,LOGIN PULL COMMIT PUSH READ_FILE LOGOUT,6,92.17,271897,0,0,0
sess_00648,user_062,server_16,server,LOGIN HTTP_GET DB_READ HTTP_POST DB_WRITE LOGOUT,6,85.33,297014,0,0,0
sess_00937,user_087,server_20,server,LOGIN HTTP_GET CACHE_READ HTTP_GET DB_READ LOGOUT,6,93.33,279577,0,0,0
sess_00350,user_054,server_12,git,LOGIN READ_FILE PULL PUSH COMMIT LOGOUT,6,91.83,322816,0,0,0
sess_02460,user_051,server_12,server,LOGIN CACHE_READ HTTP_GET DB_READ HTTP_GET CACHE_READ LOGOUT,7,82.43,372482,0,0,0
sess_04494,user_086,server_15,server,LOGIN HTTP_GET LOGOUT HTTP_GET CACHE_READ DB_READ,6,100.0,342506,0,0,0
sess_01825,user_073,server_17,server,LOGIN HTTP_GET HTTP_GET CACHE_READ DB_READ LOGOUT,6,88.67,286466,0,0,0
sess_02730,user_056,server_09,git,LOGIN CLONE COMMIT PUSH READ_FILE LOGOUT,6,83.0,328520,0,0,0
sess_00770,user_015,server_18,git,LOGIN CLONE READ_FILE READ_FILE LOGOUT COMMIT PUSH,7,96.29,347981,0,0,0
sess_01784,user_063,server_11,server,LOGIN HTTP_GET HTTP_GET DB_READ CACHE_READ CACHE_READ LOGOUT,7,78.57,293801,0,0,0
sess_03303,user_049,server_09,server,LOGIN HTTP_GET DB_READ HTTP_GET CACHE_READ LOGOUT,6,97.67,333042,0,0,0
sess_04770,user_029,server_18,git,LOGIN READ_FILE PULL COMMIT CREATE_BRANCH PUSH LOGOUT,7,73.86,368343,0,0,0
sess_00189,user_078,server_08,server,LOGIN HTTP_GET CACHE_WRITE DB_READ DB_WRITE HTTP_POST LOGOUT,7,90.29,352880,0,0,0
sess_02911,user_076,server_04,server,LOGIN CACHE_READ HTTP_GET CACHE_READ HTTP_GET LOGOUT DB_READ,7,92.57,329029,0,0,0
sess_00379,user_090,server_20,server,LOGIN HTTP_GET HTTP_GET DB_READ CACHE_READ LOGOUT,6,84.83,259769,0,0,0
sess_01836,user_078,server_17,server,LOGIN HTTP_GET HTTP_GET LOGOUT DB_READ CACHE_READ,6,87.5,264110,0,0,0
sess_03278,user_035,server_01,server,LOGIN HTTP_POST HTTP_GET DB_READ CACHE_WRITE DB_WRITE LOGOUT,7,94.86,332860,0,0,0
sess_03219,user_042,server_15,server,LOGIN HTTP_POST DB_READ HTTP_GET DB_WRITE CACHE_WRITE LOGOUT,7,99.43,385381,0,0,0
sess_04196,user_052,server_11,git,LOGIN CREATE_BRANCH DOWNLOAD DOWNLOAD DELETE_REPO,5,104.0,10037996,0,0,1
sess_04178,user_059,server_02,git,LOGIN READ_FILE CLONE COMMIT PUSH LOGOUT,6,86.33,326428,0,0,0
sess_03731,user_097,server_07,server,LOGIN HTTP_GET CACHE_READ DB_READ HTTP_GET LOGOUT,6,115.33,343207,0,0,0
sess_04147,user_099,server_18,server,LOGIN HTTP_GET CACHE_READ DB_READ LOGOUT HTTP_GET,6,79.17,271421,0,0,0
sess_04737,user_047,server_19,git,LOGIN PULL COMMIT READ_FILE PUSH PULL LOGOUT,7,98.43,322216,0,0,0
sess_03687,user_008,server_07,git,LOGIN PULL READ_FILE LOGOUT PUSH COMMIT,6,109.0,299244,0,0,0
sess_03701,user_022,server_10,server,LOGIN FILE_DOWNLOAD HTTP_DELETE FILE_DOWNLOAD FILE_DOWNLOAD,5,117.6,14982682,0,0,1
sess_04851,user_083,server_17,git,LOGIN PULL READ_FILE LOGOUT CREATE_BRANCH PUSH READ_FILE COMMIT,8,94.0,346887,0,0,0
sess_03237,user_080,server_10,git,LOGIN FAILED_LOGIN FAILED_LOGIN FAILED_LOGIN DELETE_REPO DOWNLOAD,6,111.17,5352622,3,3,1
sess_03419,user_096,server_14,git,LOGIN READ_FILE COMMIT PULL READ_FILE PULL LOGOUT PUSH,8,90.38,405772,0,0,0
sess_00487,user_019,server_09,git,LOGIN CLONE PUSH DOWNLOAD DOWNLOAD DELETE_REPO,6,77.17,10283146,0,0,1
sess_00523,user_099,server_07,server,LOGIN HTTP_GET DB_WRITE DB_READ LOGOUT HTTP_POST,6,84.17,313858,0,0,0
sess_01883,user_037,server_07,server,LOGIN FILE_DOWNLOAD FILE_DOWNLOAD FILE_DOWNLOAD HTTP_DELETE,5,77.2,15004327,0,0,1
sess_00415,user_005,server_07,git,LOGIN PULL COMMIT READ_FILE PULL LOGOUT PUSH,7,82.14,333374,0,0,0
sess_03188,user_061,server_02,git,LOGIN FAILED_LOGIN FAILED_LOGIN FAILED_LOGIN DOWNLOAD DELETE_REPO,6,101.83,5007377,3,3,1
sess_04858,user_003,server_01,server,LOGIN HTTP_GET CACHE_READ HTTP_GET DB_READ LOGOUT,6,102.83,308973,0,0,0
sess_02673,user_032,server_01,server,LOGIN DB_READ HTTP_GET HTTP_GET CACHE_READ LOGOUT,6,79.0,336975,0,0,0
sess_00432,user_017,server_20,git,LOGIN PULL PULL READ_FILE PUSH LOGOUT COMMIT,7,90.43,265923,0,0,0
sess_04328,user_017,server_11,server,LOGIN HTTP_GET HTTP_GET DB_READ CACHE_READ CACHE_READ LOGOUT,7,79.86,346738,0,0,0
sess_03044,user_081,server_14,git,LOGIN READ_FILE PULL LOGOUT CREATE_BRANCH COMMIT PUSH,7,98.43,325461,0,0,0
sess_02210,user_073,server_14,server,LOGIN HTTP_GET DB_WRITE DB_READ CACHE_READ HTTP_POST LOGOUT,7,98.14,349167,0,0,0
sess_03076,user_080,server_17,git,LOGIN READ_FILE CREATE_BRANCH PULL PUSH COMMIT LOGOUT,7,86.43,310675,0,0,0
sess_02698,user_040,server_01,server,LOGIN DB_WRITE HTTP_GET DB_READ HTTP_POST CACHE_WRITE LOGOUT,7,89.86,370250,0,0,0
sess_01611,user_030,server_19,server,LOGIN FILE_DOWNLOAD HTTP_DELETE FILE_DOWNLOAD FILE_DOWNLOAD,5,89.2,14947410,0,0,1
sess_02279,user_022,server_09,server,LOGIN LOGOUT HTTP_GET DB_READ DB_WRITE HTTP_POST CACHE_WRITE,7,84.14,376105,0,0,0
sess_03760,user_075,server_01,git,LOGIN PULL READ_FILE COMMIT PUSH CREATE_BRANCH LOGOUT,7,96.14,277556,0,0,0
sess_00579,user_015,server_15,server,LOGIN HTTP_GET LOGOUT HTTP_GET DB_READ CACHE_READ,6,89.67,277034,0,0,0
sess_00235,user_098,server_08,git,LOGIN PULL READ_FILE READ_FILE PULL COMMIT LOGOUT PUSH,8,88.75,392766,0,0,0
sess_00044,user_042,server_12,server,LOGIN HTTP_GET CACHE_READ HTTP_GET LOGOUT DB_READ,6,88.17,299652,0,0,0
sess_04530,user_051,server_10,git,LOGIN PULL COMMIT READ_FILE CREATE_BRANCH PUSH LOGOUT,7,92.14,366192,0,0,0
sess_04261,user_020,server_04,server,LOGIN HTTP_GET DB_READ DB_WRITE HTTP_POST LOGOUT CACHE_WRITE,7,82.43,360455,0,0,0
sess_02889,user_007,server_01,server,LOGIN HTTP_GET HTTP_GET HTTP_GET HTTP_GET ERROR_500 ERROR_500,7,260.14,331043,2,0,1
sess_04404,user_097,server_08,server,LOGIN HTTP_GET DB_READ DB_WRITE HTTP_POST LOGOUT CACHE_WRITE,7,94.29,391922,0,0,0
sess_03479,user_008,server_09,server,LOGIN HTTP_GET HTTP_POST LOGOUT DB_READ DB_WRITE,6,80.67,348656,0,0,0
sess_02916,user_098,server_19,git,LOGIN PULL READ_FILE COMMIT PUSH LOGOUT,6,104.5,341528,0,0,0
sess_00209,user_001,server_06,git,LOGIN PULL READ_FILE COMMIT READ_FILE PUSH PULL LOGOUT,8,100.88,391862,0,0,0
sess_01910,user_045,server_06,git,LOGIN READ_FILE PULL PULL COMMIT LOGOUT PUSH,7,96.14,353729,0,0,0
sess_02465,user_003,server_10,server,LOGIN HTTP_GET LOGOUT DB_READ HTTP_POST DB_WRITE,6,82.67,247182,0,0,0
sess_00504,user_024,server_05,server,LOGIN FILE_DOWNLOAD FILE_DOWNLOAD FILE_DOWNLOAD HTTP_DELETE,5,83.0,15035789,0,0,1
sess_01747,user_055,server_01,server,LOGIN HTTP_GET DB_WRITE LOGOUT DB_READ HTTP_POST,6,95.33,306052,0,0,0
sess_01362,user_070,server_15,server,LOGIN DB_READ HTTP_GET CACHE_READ HTTP_POST DB_WRITE LOGOUT,7,84.71,346298,0,0,0
sess_02618,user_045,server_15,server,LOGIN ERROR_500 HTTP_GET ERROR_500 ERROR_500 DB_WRITE,6,443.67,278423,3,0,1
sess_01394,user_003,server_20,server,LOGIN HTTP_GET CACHE_READ HTTP_GET DB_READ LOGOUT,6,93.83,292250,0,0,0
sess_00617,user_076,server_16,server,LOGIN HTTP_GET HTTP_GET DB_READ LOGOUT CACHE_READ,6,88.0,293040,0,0,0
sess_03736,user_028,server_18,git,LOGIN PULL READ_FILE PUSH COMMIT LOGOUT,6,77.0,342313,0,0,0
sess_04914,user_096,server_01,server,LOGIN DB_READ HTTP_GET HTTP_GET LOGOUT CACHE_READ,6,79.17,331473,0,0,0
sess_01391,user_003,server_13,server,LOGIN HTTP_GET HTTP_GET CACHE_READ DB_READ LOGOUT,6,82.0,325901,0,0,0
sess_00227,user_062,server_05,server,LOGIN HTTP_GET CACHE_WRITE DB_READ DB_WRITE HTTP_POST CACHE_READ LOGOUT,8,82.62,370739,0,0,0
sess_02236,user_015,server_17,server,LOGIN HTTP_GET DB_READ HTTP_GET CACHE_READ LOGOUT,6,93.67,357054,0,0,0
sess_04865,user_014,server_14,git,LOGIN FAILED_LOGIN FAILED_LOGIN FAILED_LOGIN DOWNLOAD DELETE_REPO,6,107.17,5173569,3,3,1
sess_01878,user_098,server_05,git,LOGIN FAILED_LOGIN FAILED_LOGIN FAILED_LOGIN DELETE_REPO DOWNLOAD,6,97.33,5066324,3,3,1
sess_01731,user_088,server_04,git,LOGIN READ_FILE PULL PUSH COMMIT LOGOUT,6,77.0,248006,0,0,0
sess_02451,user_091,server_09,git,LOGIN CLONE DOWNLOAD DELETE_REPO DOWNLOAD PUSH,6,90.33,10254691,0,0,1
sess_04821,user_064,server_05,server,LOGIN HTTP_GET DB_READ HTTP_POST LOGOUT DB_WRITE,6,89.67,252594,0,0,0
sess_00381,user_084,server_18,server,LOGIN HTTP_GET CACHE_READ HTTP_GET DB_READ LOGOUT,6,82.33,309156,0,0,0
sess_02324,user_046,server_08,server,LOGIN DB_READ HTTP_GET CACHE_READ DB_WRITE HTTP_POST LOGOUT,7,91.29,368744,0,0,0
sess_04756,user_043,server_09,git,LOGIN READ_FILE PULL READ_FILE COMMIT LOGOUT PUSH,7,84.14,342563,0,0,0
sess_01095,user_057,server_14,server,LOGIN HTTP_GET ERROR_500 HTTP_GET HTTP_GET HTTP_GET ERROR_500,7,251.57,402439,2,0,1
sess_04100,user_083,server_12,server,LOGIN HTTP_GET DB_READ DB_WRITE HTTP_POST LOGOUT,6,79.5,268252,0,0,0
sess_00945,user_074,server_10,git,LOGIN PULL COMMIT READ_FILE PUSH LOGOUT,6,98.17,382480,0,0,0
sess_00288,user_034,server_02,server,LOGIN HTTP_GET LOGOUT HTTP_POST DB_READ DB_WRITE,6,91.67,300204,0,0,0
sess_00607,user_024,server_02,git,LOGIN PULL READ_FILE READ_FILE COMMIT PUSH PULL LOGOUT,8,98.75,380635,0,0,0
sess_01675,user_007,server_16,server,LOGIN HTTP_GET CACHE_READ LOGOUT HTTP_GET DB_READ CACHE_READ,7,102.86,384433,0,0,0
sess_01317,user_012,server_11,server,LOGIN HTTP_GET HTTP_GET LOGOUT CACHE_READ DB_READ,6,94.17,238166,0,0,0
sess_02479,user_024,server_05,server,LOGIN HTTP_GET DB_WRITE DB_READ HTTP_POST CACHE_WRITE LOGOUT,7,81.71,340920,0,0,0
sess_01938,user_001,server_15,server,LOGIN DB_READ HTTP_GET CACHE_READ CACHE_READ HTTP_GET LOGOUT,7,83.43,318653,0,0,0
sess_04238,user_038,server_06,server,LOGIN HTTP_GET CACHE_READ DB_READ HTTP_GET CACHE_READ LOGOUT,7,87.71,364853,0,0,0
sess_01143,user_092,server_11,server,LOGIN CACHE_READ HTTP_GET HTTP_GET DB_READ LOGOUT,6,85.17,271502,0,0,0
sess_01810,user_051,server_15,server,LOGIN HTTP_GET CACHE_READ CACHE_READ HTTP_GET LOGOUT DB_READ,7,80.0,384224,0,0,0
sess_04087,user_076,server_07,server,LOGIN HTTP_GET CACHE_READ LOGOUT DB_READ HTTP_GET,6,89.0,303390,0,0,0
sess_04465,user_035,server_09,server,LOGIN HTTP_GET DB_READ HTTP_GET CACHE_READ LOGOUT,6,79.17,358232,0,0,0
sess_02290,user_087,server_12,git,LOGIN CLONE DOWNLOAD DOWNLOAD DELETE_REPO PUSH,6,115.0,10065898,0,0,1
sess_03124,user_039,server_02,git,LOGIN PULL READ_FILE COMMIT CREATE_BRANCH PUSH LOGOUT,7,101.57,349774,0,0,0
sess_02298,user_017,server_19,server,LOGIN HTTP_GET DB_READ DB_WRITE LOGOUT HTTP_POST,6,109.17,289994,0,0,0
sess_03179,user_029,server_01,git,LOGIN PULL READ_FILE LOGOUT PUSH COMMIT,6,84.5,334387,0,0,0
sess_02857,user_023,server_09,server,LOGIN DB_READ HTTP_GET DB_WRITE LOGOUT HTTP_POST,6,88.83,295897,0,0,0
sess_02130,user_075,server_15,git,LOGIN CLONE DOWNLOAD DOWNLOAD DELETE_REPO PUSH,6,81.67,10328421,0,0,1
sess_04776,user_077,server_05,git,LOGIN PULL COMMIT READ_FILE PULL PUSH LOGOUT,7,103.29,345045,0,0,0
sess_02735,user_012,server_01,git,LOGIN PULL COMMIT READ_FILE PUSH LOGOUT,6,85.17,321509,0,0,0
sess_00805,user_032,server_11,git,LOGIN COMMIT READ_FILE CLONE LOGOUT PUSH,6,105.33,240731,0,0,0
sess_03052,user_056,server_08,server,LOGIN HTTP_GET DB_READ LOGOUT HTTP_GET CACHE_READ,6,91.33,289137,0,0,0
sess_00133,user_020,server_03,git,LOGIN CREATE_BRANCH DELETE_REPO DOWNLOAD DOWNLOAD,5,98.2,10234077,0,0,1
sess_04086,user_063,server_03,git,LOGIN CLONE READ_FILE LOGOUT COMMIT PUSH,6,79.83,297385,0,0,0
sess_00021,user_099,server_05,git,LOGIN PULL READ_FILE COMMIT READ_FILE LOGOUT PUSH,7,94.43,385897,0,0,0
sess_04325,user_035,server_17,git,LOGIN READ_FILE READ_FILE PULL COMMIT LOGOUT PUSH,7,87.71,382908,0,0,0
sess_04315,user_005,server_01,server,LOGIN HTTP_GET HTTP_GET HTTP_GET ERROR_500 ERROR_500 HTTP_GET,7,214.43,335913,2,0,1
sess_00359,user_015,server_15,server,LOGIN HTTP_GET LOGOUT CACHE_READ HTTP_GET DB_READ,6,79.33,270584,0,0,0
sess_03007,user_082,server_19,server,LOGIN DB_READ HTTP_GET CACHE_READ DB_WRITE LOGOUT HTTP_POST,7,91.71,324881,0,0,0
sess_00744,user_048,server_05,server,LOGIN HTTP_GET DB_READ CACHE_WRITE DB_WRITE HTTP_POST LOGOUT,7,91.14,373298,0,0,0
sess_00506,user_086,server_14,git,LOGIN COMMIT CLONE READ_FILE READ_FILE PUSH LOGOUT,7,88.14,339999,0,0,0
sess_02087,user_026,server_17,server,LOGIN HTTP_GET LOGOUT DB_READ HTTP_POST CACHE_WRITE DB_WRITE,7,78.43,333974,0,0,0
sess_04407,user_003,server_03,server,LOGIN HTTP_GET DB_WRITE LOGOUT DB_READ CACHE_READ HTTP_POST,7,105.0,370613,0,0,0
sess_00537,user_077,server_07,server,LOGIN HTTP_GET DB_READ DB_WRITE LOGOUT HTTP_POST,6,90.67,320894,0,0,0
sess_03537,user_075,server_07,git,LOGIN READ_FILE PULL CREATE_BRANCH COMMIT PUSH LOGOUT,7,91.29,325159,0,0,0
sess_00958,user_085,server_15,git,LOGIN READ_FILE PULL COMMIT PUSH CREATE_BRANCH LOGOUT,7,66.14,370568,0,0,0
sess_01432,user_005,server_07,git,LOGIN READ_FILE PUSH PULL LOGOUT COMMIT PULL,7,74.71,317896,0,0,0
sess_04684,user_041,server_19,server,LOGIN HTTP_GET CACHE_READ CACHE_READ HTTP_GET DB_READ LOGOUT,7,84.29,352530,0,0,0
sess_04955,user_048,server_14,server,LOGIN CACHE_READ HTTP_GET DB_READ HTTP_GET LOGOUT,6,85.17,345221,0,0,0
sess_03344,user_023,server_19,server,LOGIN CACHE_READ HTTP_GET CACHE_READ DB_READ LOGOUT HTTP_GET,7,81.43,376500,0,0,0
sess_04895,user_044,server_18,git,LOGIN READ_FILE READ_FILE PULL LOGOUT COMMIT PUSH,7,92.57,325345,0,0,0
sess_01891,user_010,server_16,git,LOGIN PULL PULL READ_FILE COMMIT PUSH LOGOUT,7,85.86,323401,0,0,0
sess_01698,user_002,server_19,git,LOGIN COMMIT PULL READ_FILE PUSH LOGOUT,6,96.17,292693,0,0,0
sess_00164,user_024,server_07,git,LOGIN READ_FILE PULL COMMIT PUSH LOGOUT,6,104.0,352094,0,0,0
sess_02849,user_040,server_04,git,LOGIN PULL CREATE_BRANCH PUSH READ_FILE READ_FILE COMMIT LOGOUT,8,95.0,416778,0,0,0
sess_00176,user_005,server_20,server,LOGIN HTTP_GET DB_READ HTTP_GET CACHE_READ LOGOUT,6,95.67,290864,0,0,0
sess_02149,user_029,server_02,server,LOGIN HTTP_GET HTTP_POST DB_WRITE DB_READ CACHE_WRITE LOGOUT,7,100.0,399799,0,0,0
sess_00449,user_055,server_19,server,LOGIN AUTH_FAILURE AUTH_FAILURE HTTP_DELETE AUTH_FAILURE ERROR_500,6,204.67,248344,4,3,1
sess_01458,user_040,server_06,git,LOGIN READ_FILE CREATE_BRANCH PULL COMMIT LOGOUT PUSH,7,85.86,320907,0,0,0
sess_01158,user_078,server_09,git,LOGIN PULL READ_FILE COMMIT PUSH READ_FILE LOGOUT,7,82.29,289301,0,0,0
sess_00675,user_002,server_09,git,LOGIN PULL READ_FILE CREATE_BRANCH LOGOUT COMMIT PUSH,7,98.57,352958,0,0,0
sess_04918,user_001,server_13,git,LOGIN CLONE READ_FILE PUSH READ_FILE LOGOUT COMMIT,7,86.0,345912,0,0,0
sess_01061,user_046,server_07,git,LOGIN PULL READ_FILE COMMIT PUSH LOGOUT,6,80.67,254986,0,0,0
sess_04849,user_033,server_17,git,LOGIN PULL READ_FILE READ_FILE PULL COMMIT PUSH LOGOUT,8,77.62,394631,0,0,0
sess_00297,user_018,server_06,server,LOGIN HTTP_GET HTTP_GET LOGOUT DB_READ CACHE_READ,6,91.5,273681,0,0,0
sess_03078,user_098,server_10,git,LOGIN CLONE COMMIT READ_FILE LOGOUT PUSH,6,95.0,272433,0,0,0
sess_01566,user_074,server_16,git,LOGIN READ_FILE PUSH PULL COMMIT LOGOUT,6,97.67,289767,0,0,0
sess_04486,user_035,server_02,git,LOGIN COMMIT CLONE PUSH READ_FILE LOGOUT,6,93.33,257491,0,0,0
sess_04038,user_046,server_04,git,LOGIN PULL READ_FILE COMMIT CREATE_BRANCH PUSH LOGOUT,7,101.0,373777,0,0,0
sess_02429,user_086,server_07,server,LOGIN HTTP_GET HTTP_GET HTTP_GET HTTP_GET ERROR_500 ERROR_500,7,273.0,352046,2,0,1
sess_04179,user_038,server_20,server,LOGIN DB_WRITE HTTP_GET DB_READ HTTP_POST CACHE_WRITE LOGOUT,7,88.71,307962,0,0,0
sess_02660,user_035,server_07,server,LOGIN HTTP_GET DB_READ DB_WRITE LOGOUT HTTP_POST,6,82.5,328857,0,0,0
sess_01603,user_070,server_16,server,LOGIN HTTP_GET HTTP_POST DB_READ LOGOUT DB_WRITE,6,80.83,292414,0,0,0
sess_02505,user_003,server_04,server,LOGIN DB_READ HTTP_GET CACHE_READ DB_WRITE HTTP_POST LOGOUT,7,82.29,337544,0,0,0
sess_03441,user_079,server_06,server,LOGIN HTTP_GET CACHE_READ CACHE_READ HTTP_GET LOGOUT DB_READ,7,107.14,394707,0,0,0
sess_03890,user_064,server_17,git,LOGIN COMMIT READ_FILE PULL LOGOUT PUSH,6,90.17,302994,0,0,0
sess_02982,user_031,server_18,git,LOGIN CLONE READ_FILE COMMIT PUSH LOGOUT,6,87.17,344359,0,0,0
sess_00549,user_072,server_16,git,LOGIN FAILED_LOGIN FAILED_LOGIN FAILED_LOGIN DOWNLOAD DELETE_REPO,6,118.33,5341953,3,3,1
sess_04163,user_097,server_06,git,LOGIN PULL PUSH CREATE_BRANCH READ_FILE COMMIT LOGOUT,7,90.14,355875,0,0,0
sess_03304,user_078,server_17,git,LOGIN PULL READ_FILE COMMIT LOGOUT PUSH,6,86.33,296975,0,0,0
sess_00030,user_001,server_14,git,LOGIN CLONE DELETE_REPO DOWNLOAD DOWNLOAD PUSH,6,100.33,9956558,0,0,1
sess_01577,user_076,server_16,git,LOGIN CLONE COMMIT READ_FILE PUSH LOGOUT,6,79.0,255244,0,0,0
sess_03932,user_053,server_11,server,LOGIN HTTP_GET LOGOUT DB_WRITE DB_READ HTTP_POST,6,81.0,289355,0,0,0
sess_00886,user_033,server_09,git,LOGIN CLONE READ_FILE COMMIT LOGOUT PUSH,6,108.33,251698,0,0,0
sess_00847,user_071,server_01,server,LOGIN DB_READ HTTP_GET HTTP_GET LOGOUT CACHE_READ,6,91.5,298681,0,0,0
sess_04537,user_052,server_14,git,LOGIN READ_FILE COMMIT PULL CREATE_BRANCH PUSH LOGOUT,7,104.29,348127,0,0,0
sess_02813,user_094,server_08,server,LOGIN HTTP_GET DB_READ HTTP_GET CACHE_READ LOGOUT CACHE_READ,7,92.29,325895,0,0,0
sess_00247,user_051,server_17,git,LOGIN PULL READ_FILE COMMIT PUSH LOGOUT,6,111.0,321618,0,0,0
sess_03888,user_070,server_02,git,LOGIN PULL READ_FILE COMMIT PUSH LOGOUT,6,94.83,307547,0,0,0
sess_03136,user_059,server_17,git,LOGIN PULL READ_FILE PULL COMMIT PUSH READ_FILE LOGOUT,8,96.38,403712,0,0,0
sess_04098,user_030,server_20,git,LOGIN PULL READ_FILE CREATE_BRANCH PUSH LOGOUT COMMIT,7,91.71,348264,0,0,0
sess_02033,user_020,server_20,git,LOGIN CLONE READ_FILE COMMIT PUSH LOGOUT,6,76.83,237427,0,0,0
sess_03453,user_023,server_17,server,LOGIN HTTP_POST HTTP_GET LOGOUT DB_READ DB_WRITE,6,75.0,314127,0,0,0
sess_02076,user_076,server_01,server,LOGIN HTTP_GET CACHE_READ LOGOUT HTTP_GET DB_READ,6,102.83,332436,0,0,0
sess_00905,user_004,server_03,server,LOGIN HTTP_GET CACHE_READ HTTP_GET LOGOUT DB_READ,6,102.5,232028,0,0,0
sess_01774,user_023,server_03,git,LOGIN PULL COMMIT READ_FILE LOGOUT PULL PUSH,7,110.0,344076,0,0,0
sess_01787,user_081,server_08,git,LOGIN PULL READ_FILE LOGOUT COMMIT PUSH PULL,7,84.0,362687,0,0,0
sess_01576,user_008,server_08,git,LOGIN FAILED_LOGIN FAILED_LOGIN FAILED_LOGIN DOWNLOAD DELETE_REPO,6,106.83,5097610,3,3,1
sess_01697,user_037,server_13,git,LOGIN PULL PUSH PULL READ_FILE LOGOUT COMMIT,7,87.0,314281,0,0,0
sess_04020,user_086,server_15,git,LOGIN PULL READ_FILE READ_FILE CREATE_BRANCH COMMIT PUSH LOGOUT,8,81.62,449796,0,0,0
sess_04480,user_045,server_17,git,LOGIN CLONE READ_FILE COMMIT LOGOUT PUSH,6,87.5,308102,0,0,0
sess_00811,user_078,server_09,git,LOGIN PULL READ_FILE COMMIT PUSH PULL LOGOUT,7,87.43,356949,0,0,0
sess_00893,user_079,server_20,server,LOGIN DB_READ HTTP_GET LOGOUT DB_WRITE HTTP_POST,6,102.33,291035,0,0,0
sess_04372,user_005,server_14,git,LOGIN READ_FILE CREATE_BRANCH READ_FILE PULL PUSH COMMIT LOGOUT,8,92.75,441515,0,0,0
sess_00972,user_010,server_04,server,LOGIN HTTP_GET DB_READ HTTP_GET CACHE_READ LOGOUT,6,94.17,280558,0,0,0
sess_01374,user_043,server_18,server,LOGIN HTTP_GET LOGOUT HTTP_POST DB_READ DB_WRITE CACHE_WRITE,7,102.43,420001,0,0,0
sess_04616,user_039,server_07,git,LOGIN READ_FILE PULL PUSH CREATE_BRANCH COMMIT LOGOUT,7,71.0,351213,0,0,0
sess_00612,user_021,server_02,server,LOGIN DB_READ HTTP_GET LOGOUT CACHE_READ HTTP_GET,6,96.5,264323,0,0,0
sess_03784,user_040,server_15,server,LOGIN HTTP_GET CACHE_READ HTTP_GET DB_READ LOGOUT,6,82.17,285618,0,0,0
sess_04799,user_052,server_03,git,LOGIN READ_FILE PULL PUSH COMMIT LOGOUT,6,89.5,308432,0,0,0
sess_03583,user_066,server_10,git,LOGIN PULL COMMIT LOGOUT READ_FILE CREATE_BRANCH PUSH,7,95.57,340871,0,0,0
sess_04232,user_028,server_12,server,LOGIN HTTP_GET CACHE_READ CACHE_READ HTTP_GET DB_READ LOGOUT,7,104.0,388539,0,0,0
sess_02633,user_046,server_17,git,LOGIN PULL READ_FILE LOGOUT COMMIT PUSH CREATE_BRANCH,7,95.57,346648,0,0,0
sess_04982,user_026,server_14,server,LOGIN FILE_DOWNLOAD FILE_DOWNLOAD FILE_DOWNLOAD HTTP_DELETE,5,94.2,15086299,0,0,1
sess_04720,user_019,server_05,server,LOGIN HTTP_GET DB_READ CACHE_READ HTTP_POST LOGOUT DB_WRITE CACHE_WRITE,8,90.75,407525,0,0,0
sess_03401,user_038,server_11,server,LOGIN HTTP_GET HTTP_GET LOGOUT DB_READ CACHE_READ,6,93.83,290523,0,0,0
sess_02804,user_028,server_16,server,LOGIN HTTP_GET DB_WRITE DB_READ LOGOUT HTTP_POST,6,89.33,323243,0,0,0
sess_02978,user_100,server_12,git,LOGIN PULL READ_FILE PUSH CREATE_BRANCH COMMIT LOGOUT,7,87.43,360502,0,0,0
sess_04199,user_047,server_15,server,LOGIN DB_READ DB_WRITE HTTP_GET HTTP_POST CACHE_WRITE LOGOUT,7,85.14,346469,0,0,0
sess_03297,user_023,server_14,git,LOGIN READ_FILE PULL COMMIT PUSH LOGOUT,6,102.33,316827,0,0,0
sess_01325,user_010,server_14,git,LOGIN PULL READ_FILE READ_FILE PULL COMMIT PUSH LOGOUT,8,81.5,407686,0,0,0
sess_01355,user_099,server_06,server,LOGIN FILE_DOWNLOAD FILE_DOWNLOAD FILE_DOWNLOAD HTTP_DELETE,5,90.6,14981831,0,0,1
sess_02944,user_076,server_08,server,LOGIN HTTP_GET DB_READ HTTP_GET CACHE_READ LOGOUT,6,88.33,272404,0,0,0
sess_00631,user_080,server_05,git,LOGIN CLONE COMMIT READ_FILE LOGOUT PUSH,6,96.0,300859,0,0,0
sess_03183,user_085,server_11,git,LOGIN PULL READ_FILE PUSH CREATE_BRANCH COMMIT LOGOUT,7,87.29,340334,0,0,0
sess_03142,user_018,server_01,git,LOGIN PULL READ_FILE READ_FILE COMMIT CREATE_BRANCH PUSH LOGOUT,8,89.25,344908,0,0,0
sess_04809,user_014,server_19,git,LOGIN READ_FILE COMMIT PULL LOGOUT PULL PUSH,7,101.57,307531,0,0,0
sess_00097,user_030,server_17,git,LOGIN READ_FILE PULL PULL COMMIT LOGOUT PUSH,7,71.57,346859,0,0,0
sess_01838,user_042,server_04,git,LOGIN READ_FILE PULL COMMIT READ_FILE CREATE_BRANCH PUSH LOGOUT,8,89.25,429970,0,0,0
sess_03866,user_028,server_01,git,LOGIN FAILED_LOGIN DOWNLOAD FAILED_LOGIN FAILED_LOGIN DELETE_REPO,6,115.0,5324601,3,3,1
sess_03911,user_053,server_19,server,LOGIN HTTP_GET CACHE_READ LOGOUT HTTP_GET DB_READ,6,96.33,319102,0,0,0
sess_01914,user_093,server_06,server,LOGIN HTTP_GET DB_READ LOGOUT HTTP_GET CACHE_READ,6,85.67,344292,0,0,0
sess_02281,user_020,server_15,git,LOGIN READ_FILE CLONE PUSH LOGOUT COMMIT,6,88.5,262072,0,0,0
sess_04840,user_081,server_20,git,LOGIN READ_FILE COMMIT PULL PUSH LOGOUT,6,103.67,294794,0,0,0
sess_00111,user_054,server_14,server,LOGIN DB_READ HTTP_POST HTTP_GET CACHE_WRITE DB_WRITE LOGOUT,7,77.14,401173,0,0,0
sess_03722,user_089,server_15,server,LOGIN CACHE_READ HTTP_GET HTTP_GET LOGOUT DB_READ,6,102.5,281950,0,0,0
sess_00032,user_055,server_18,git,LOGIN PULL COMMIT READ_FILE PUSH LOGOUT,6,104.0,306005,0,0,0
sess_04966,user_015,server_12,server,LOGIN HTTP_GET DB_READ CACHE_WRITE HTTP_POST DB_WRITE LOGOUT,7,92.86,371547,0,0,0
sess_03024,user_062,server_06,git,LOGIN READ_FILE CLONE PUSH LOGOUT COMMIT,6,88.17,328075,0,0,0
sess_02203,user_022,server_12,server,LOGIN HTTP_GET CACHE_READ HTTP_GET CACHE_READ LOGOUT DB_READ,7,82.29,345768,0,0,0
sess_03665,user_067,server_16,git,LOGIN PULL COMMIT LOGOUT READ_FILE PUSH,6,92.33,311579,0,0,0
sess_01357,user_040,server_11,server,LOGIN HTTP_GET HTTP_GET CACHE_READ DB_READ LOGOUT,6,92.33,247309,0,0,0
sess_00840,user_068,server_13,git,LOGIN READ_FILE READ_FILE LOGOUT PULL COMMIT PUSH,7,89.29,314053,0,0,0
sess_04708,user_094,server_20,git,LOGIN CREATE_BRANCH DELETE_REPO DOWNLOAD DOWNLOAD,5,78.8,10219957,0,0,1
sess_04133,user_085,server_13,git,LOGIN READ_FILE COMMIT PULL CREATE_BRANCH PUSH LOGOUT READ_FILE,8,89.62,373117,0,0,0
sess_01377,user_095,server_20,server,LOGIN HTTP_GET CACHE_READ DB_READ CACHE_WRITE HTTP_POST DB_WRITE LOGOUT,8,83.0,336993,0,0,0
sess_02408,user_028,server_15,git,LOGIN DOWNLOAD DOWNLOAD CLONE PUSH DELETE_REPO,6,92.83,10335879,0,0,1
sess_02366,user_052,server_18,git,LOGIN PULL PULL READ_FILE COMMIT PUSH LOGOUT,7,78.29,376198,0,0,0
sess_01130,user_049,server_17,git,LOGIN PULL READ_FILE PUSH READ_FILE COMMIT LOGOUT,7,84.86,340773,0,0,0
sess_01353,user_074,server_03,git,LOGIN READ_FILE PULL READ_FILE COMMIT CREATE_BRANCH PUSH LOGOUT,8,84.75,420168,0,0,0
sess_03394,user_020,server_06,git,LOGIN COMMIT PULL LOGOUT READ_FILE PULL PUSH,7,81.57,356395,0,0,0
sess_00658,user_016,server_19,git,LOGIN PUSH COMMIT CLONE READ_FILE LOGOUT,6,91.67,305684,0,0,0
sess_02278,user_073,server_13,server,LOGIN HTTP_GET CACHE_READ LOGOUT DB_READ HTTP_GET,6,79.17,253892,0,0,0
sess_03685,user_048,server_17,server,LOGIN FILE_DOWNLOAD FILE_DOWNLOAD HTTP_DELETE FILE_DOWNLOAD,5,104.8,14988551,0,0,1
sess_04132,user_026,server_06,git,LOGIN CLONE PUSH READ_FILE READ_FILE COMMIT LOGOUT,7,92.86,330129,0,0,0
sess_00977,user_048,server_10,server,LOGIN HTTP_GET CACHE_READ DB_WRITE DB_READ HTTP_POST LOGOUT,7,82.86,335100,0,0,0
sess_00116,user_057,server_20,git,LOGIN LOGOUT CLONE COMMIT READ_FILE PUSH,6,76.0,346110,0,0,0
sess_03773,user_075,server_05,server,LOGIN HTTP_POST HTTP_GET DB_READ CACHE_WRITE DB_WRITE LOGOUT,7,99.43,361914,0,0,0
sess_04439,user_012,server_18,git,LOGIN READ_FILE PULL PUSH COMMIT LOGOUT,6,82.5,313269,0,0,0
sess_01936,user_059,server_20,server,LOGIN HTTP_GET CACHE_READ DB_READ HTTP_GET LOGOUT,6,85.67,248343,0,0,0
sess_01258,user_068,server_03,server,LOGIN HTTP_GET CACHE_READ HTTP_GET DB_READ LOGOUT,6,100.67,286187,0,0,0
sess_02094,user_059,server_09,git,LOGIN CLONE LOGOUT READ_FILE READ_FILE COMMIT PUSH,7,89.86,351757,0,0,0
sess_02008,user_032,server_11,server,LOGIN HTTP_GET CACHE_WRITE DB_READ DB_WRITE HTTP_POST CACHE_READ LOGOUT,8,103.0,385559,0,0,0
sess_04280,user_064,server_03,server,LOGIN HTTP_GET LOGOUT CACHE_READ HTTP_GET DB_READ,6,80.67,213974,0,0,0
sess_02665,user_091,server_10,git,LOGIN PULL READ_FILE PUSH LOGOUT COMMIT,6,83.33,290656,0,0,0
sess_03432,user_022,server_10,git,LOGIN PULL READ_FILE COMMIT PUSH CREATE_BRANCH LOGOUT,7,75.14,334202,0,0,0
sess_04802,user_089,server_03,server,LOGIN CACHE_READ DB_READ HTTP_GET HTTP_GET CACHE_READ LOGOUT,7,88.71,286684,0,0,0
sess_04142,user_030,server_08,git,LOGIN READ_FILE COMMIT READ_FILE PULL PUSH LOGOUT PULL,8,85.38,429680,0,0,0
sess_03433,user_084,server_12,git,LOGIN PULL COMMIT READ_FILE PUSH LOGOUT,6,101.17,272889,0,0,0
sess_03234,user_041,server_03,git,LOGIN COMMIT CLONE READ_FILE PUSH LOGOUT,6,84.17,304900,0,0,0
sess_01676,user_059,server_02,server,LOGIN HTTP_POST HTTP_GET DB_READ CACHE_WRITE DB_WRITE LOGOUT,7,88.86,393080,0,0,0
sess_01171,user_089,server_07,git,LOGIN CLONE READ_FILE LOGOUT COMMIT PUSH,6,85.17,302510,0,0,0
sess_00857,user_023,server_08,server,LOGIN HTTP_GET CACHE_WRITE DB_READ LOGOUT DB_WRITE HTTP_POST,7,78.57,330317,0,0,0
sess_02383,user_096,server_20,git,LOGIN PULL READ_FILE READ_FILE PUSH COMMIT LOGOUT,7,106.71,357329,0,0,0
sess_00988,user_073,server_07,server,LOGIN HTTP_GET LOGOUT HTTP_GET CACHE_READ DB_READ,6,93.67,280435,0,0,0
sess_01923,user_002,server_05,server,LOGIN HTTP_GET DB_READ HTTP_POST DB_WRITE LOGOUT,6,95.5,282999,0,0,0
sess_01509,user_001,server_15,server,LOGIN HTTP_GET ERROR_500 ERROR_500 DB_WRITE ERROR_500,6,346.33,372571,3,0,1
sess_01015,user_004,server_01,git,LOGIN DOWNLOAD CREATE_BRANCH DELETE_REPO DOWNLOAD,5,115.4,10076776,0,0,1
sess_02703,user_021,server_10,git,LOGIN DOWNLOAD DOWNLOAD DELETE_REPO DOWNLOAD,5,102.2,14987357,0,0,1
sess_02522,user_029,server_14,server,LOGIN CACHE_READ HTTP_GET HTTP_GET DB_READ LOGOUT,6,100.67,342319,0,0,0
sess_01343,user_093,server_03,git,LOGIN COMMIT READ_FILE CLONE PUSH LOGOUT,6,92.0,233358,0,0,0
sess_04728,user_004,server_09,git,LOGIN CLONE LOGOUT COMMIT READ_FILE PUSH,6,75.33,313255,0,0,0
sess_04063,user_053,server_16,server,LOGIN HTTP_GET DB_READ HTTP_GET CACHE_READ LOGOUT,6,84.17,248845,0,0,0
sess_00755,user_093,server_14,git,LOGIN DOWNLOAD DELETE_REPO DOWNLOAD DOWNLOAD,5,99.0,15011839,0,0,1
sess_00114,user_017,server_08,git,LOGIN PULL READ_FILE COMMIT PULL LOGOUT PUSH,7,96.86,331756,0,0,0
sess_00192,user_090,server_10,git,LOGIN PULL PULL LOGOUT COMMIT READ_FILE READ_FILE PUSH,8,97.88,406730,0,0,0
sess_04685,user_024,server_10,server,LOGIN HTTP_GET ERROR_500 DB_WRITE ERROR_500 ERROR_500,6,518.17,265705,3,0,1
sess_02142,user_038,server_18,git,LOGIN CLONE PUSH COMMIT READ_FILE LOGOUT,6,81.5,332221,0,0,0
sess_01602,user_004,server_07,git,LOGIN PULL CREATE_BRANCH READ_FILE COMMIT LOGOUT PUSH,7,96.86,348637,0,0,0
sess_04378,user_068,server_10,git,LOGIN PULL READ_FILE LOGOUT COMMIT PUSH,6,97.5,301754,0,0,0
sess_03071,user_032,server_07,server,LOGIN HTTP_GET DB_READ HTTP_POST DB_WRITE LOGOUT CACHE_WRITE,7,94.0,340394,0,0,0
sess_03513,user_033,server_09,server,LOGIN DB_READ HTTP_GET HTTP_GET CACHE_READ LOGOUT,6,70.17,352813,0,0,0
sess_01905,user_001,server_01,server,LOGIN HTTP_GET DB_READ CACHE_READ HTTP_GET LOGOUT,6,76.83,297668,0,0,0
sess_02547,user_053,server_04,server,LOGIN HTTP_GET LOGOUT DB_READ HTTP_GET CACHE_READ,6,96.5,326196,0,0,0
sess_01340,user_083,server_01,git,LOGIN PULL LOGOUT READ_FILE PULL COMMIT PUSH,7,80.14,354798,0,0,0
sess_00665,user_087,server_08,git,LOGIN PULL COMMIT READ_FILE PULL PUSH LOGOUT,7,103.57,341727,0,0,0
sess_04641,user_009,server_07,git,LOGIN PULL COMMIT LOGOUT READ_FILE PUSH,6,76.33,290490,0,0,0
sess_00208,user_011,server_08,git,LOGIN CLONE COMMIT READ_FILE READ_FILE PUSH LOGOUT,7,83.71,318889,0,0,0
sess_03948,user_051,server_15,git,LOGIN COMMIT PULL READ_FILE PUSH PULL LOGOUT,7,72.71,294250,0,0,0
sess_02384,user_023,server_04,git,LOGIN READ_FILE CLONE LOGOUT COMMIT PUSH,6,91.67,312071,0,0,0
sess_00873,user_040,server_18,server,LOGIN HTTP_GET CACHE_READ HTTP_GET DB_READ LOGOUT,6,94.17,326605,0,0,0
sess_02107,user_029,server_20,git,LOGIN PULL READ_FILE CREATE_BRANCH PUSH COMMIT LOGOUT,7,77.57,365681,0,0,0
sess_03800,user_041,server_02,server,LOGIN HTTP_GET DB_READ HTTP_GET LOGOUT CACHE_READ,6,73.83,334733,0,0,0
sess_04986,user_006,server_20,git,LOGIN PULL READ_FILE PUSH COMMIT LOGOUT,6,69.67,299809,0,0,0
sess_03400,user_039,server_01,git,LOGIN COMMIT READ_FILE PULL PUSH LOGOUT,6,86.17,280143,0,0,0
sess_01385,user_081,server_11,server,LOGIN DB_READ HTTP_GET HTTP_GET LOGOUT CACHE_READ,6,97.0,322677,0,0,0
sess_01521,user_089,server_18,git,LOGIN DOWNLOAD CLONE DOWNLOAD DELETE_REPO PUSH,6,85.5,10289540,0,0,1
sess_03900,user_001,server_17,server,LOGIN HTTP_GET CACHE_READ DB_READ HTTP_POST CACHE_WRITE LOGOUT DB_WRITE,8,105.62,377178,0,0,0
sess_04007,user_096,server_07,git,LOGIN PULL READ_FILE PUSH LOGOUT COMMIT PULL,7,88.29,332547,0,0,0
sess_01805,user_084,server_06,server,LOGIN HTTP_GET CACHE_READ DB_READ HTTP_GET LOGOUT,6,96.0,277627,0,0,0
sess_04281,user_012,server_13,git,LOGIN PULL READ_FILE LOGOUT PULL COMMIT PUSH,7,91.86,358740,0,0,0
sess_04073,user_057,server_06,git,LOGIN PULL PUSH READ_FILE COMMIT LOGOUT,6,101.0,310093,0,0,0
sess_02686,user_070,server_03,server,LOGIN DB_WRITE HTTP_GET DB_READ LOGOUT HTTP_POST,6,125.67,272185,0,0,0
sess_01872,user_001,server_13,server,LOGIN HTTP_GET CACHE_READ DB_READ HTTP_GET LOGOUT,6,92.17,296439,0,0,0
sess_00477,user_035,server_11,server,LOGIN CACHE_READ CACHE_READ HTTP_GET HTTP_GET DB_READ LOGOUT,7,91.14,330900,0,0,0
sess_01648,user_064,server_12,server,LOGIN HTTP_GET ERROR_500 ERROR_500 ERROR_500 DB_WRITE,6,442.67,276711,3,0,1
sess_03184,user_003,server_18,git,LOGIN PULL READ_FILE COMMIT PUSH LOGOUT,6,88.33,357676,0,0,0
sess_00010,user_030,server_11,git,LOGIN PULL CREATE_BRANCH READ_FILE COMMIT PUSH LOGOUT,7,89.43,341816,0,0,0
sess_00516,user_055,server_14,git,LOGIN CLONE READ_FILE READ_FILE PUSH COMMIT LOGOUT,7,97.0,322095,0,0,0
sess_00809,user_040,server_16,server,LOGIN HTTP_GET HTTP_GET CACHE_READ LOGOUT DB_READ,6,79.67,303194,0,0,0
sess_02560,user_024,server_20,git,LOGIN PULL CREATE_BRANCH LOGOUT READ_FILE COMMIT PUSH,7,82.43,338714,0,0,0
sess_00438,user_100,server_11,server,LOGIN HTTP_GET CACHE_READ HTTP_GET LOGOUT DB_READ,6,99.17,368637,0,0,0
sess_01760,user_061,server_04,server,LOGIN AUTH_FAILURE AUTH_FAILURE HTTP_DELETE AUTH_FAILURE ERROR_500,6,198.83,239022,4,3,1
sess_04324,user_044,server_05,git,LOGIN PULL LOGOUT READ_FILE COMMIT PUSH,6,88.83,282911,0,0,0
sess_02825,user_032,server_06,server,LOGIN AUTH_FAILURE AUTH_FAILURE AUTH_FAILURE ERROR_500 HTTP_DELETE,6,192.83,286920,4,3,1
sess_03231,user_020,server_07,server,LOGIN HTTP_GET DB_READ HTTP_POST DB_WRITE CACHE_WRITE LOGOUT,7,81.86,405524,0,0,0
sess_03927,user_005,server_11,git,LOGIN CLONE DOWNLOAD DOWNLOAD DELETE_REPO PUSH,6,78.83,9980959,0,0,1
sess_01303,user_047,server_18,git,LOGIN CLONE COMMIT READ_FILE PUSH LOGOUT,6,77.17,319018,0,0,0
sess_01778,user_073,server_11,server,LOGIN CACHE_READ HTTP_GET CACHE_READ DB_READ HTTP_GET LOGOUT,7,81.43,342621,0,0,0
sess_02714,user_030,server_08,server,LOGIN DB_READ HTTP_GET LOGOUT CACHE_READ HTTP_POST DB_WRITE,7,90.71,373740,0,0,0
sess_04509,user_042,server_15,server,LOGIN HTTP_GET HTTP_GET DB_READ CACHE_READ LOGOUT,6,81.5,297815,0,0,0
sess_04792,user_038,server_06,git,LOGIN CLONE READ_FILE PUSH LOGOUT COMMIT,6,87.17,330818,0,0,0
sess_04571,user_005,server_17,git,LOGIN PULL READ_FILE COMMIT PUSH LOGOUT,6,86.0,303990,0,0,0
sess_02251,user_098,server_18,git,LOGIN CLONE READ_FILE READ_FILE COMMIT PUSH LOGOUT,7,83.29,349426,0,0,0
sess_04857,user_037,server_06,server,LOGIN DB_READ HTTP_GET HTTP_POST DB_WRITE LOGOUT CACHE_WRITE,7,75.57,270566,0,0,0
sess_02215,user_034,server_02,git,LOGIN PULL COMMIT READ_FILE READ_FILE PULL PUSH LOGOUT,8,98.62,413555,0,0,0
sess_00468,user_056,server_14,server,LOGIN DB_READ HTTP_GET HTTP_GET LOGOUT CACHE_READ,6,77.5,275652,0,0,0
sess_01132,user_063,server_15,server,LOGIN HTTP_GET CACHE_READ HTTP_GET LOGOUT DB_READ,6,109.5,387446,0,0,0
sess_03619,user_099,server_08,server,LOGIN HTTP_GET DB_READ HTTP_GET LOGOUT CACHE_READ,6,87.17,318289,0,0,0
sess_04907,user_077,server_16,server,LOGIN HTTP_GET DB_READ DB_WRITE CACHE_READ HTTP_POST CACHE_WRITE LOGOUT,8,99.75,490368,0,0,0
sess_02622,user_086,server_19,server,LOGIN HTTP_GET DB_READ DB_WRITE HTTP_POST CACHE_WRITE LOGOUT,7,95.14,352186,0,0,0
sess_03161,user_017,server_08,server,LOGIN CACHE_READ HTTP_POST HTTP_GET CACHE_WRITE DB_READ LOGOUT DB_WRITE,8,98.12,374134,0,0,0
sess_00035,user_025,server_05,git,LOGIN READ_FILE PUSH PULL LOGOUT COMMIT,6,90.0,275279,0,0,0
sess_04447,user_024,server_01,git,LOGIN CLONE LOGOUT READ_FILE PUSH COMMIT,6,92.83,303193,0,0,0
sess_04711,user_022,server_17,server,LOGIN HTTP_GET HTTP_POST DB_READ DB_WRITE CACHE_WRITE LOGOUT,7,88.29,408706,0,0,0
sess_03657,user_059,server_20,server,LOGIN HTTP_GET DB_READ CACHE_WRITE DB_WRITE HTTP_POST LOGOUT,7,106.86,345183,0,0,0
sess_02533,user_058,server_08,server,LOGIN HTTP_GET CACHE_READ HTTP_GET CACHE_READ LOGOUT DB_READ,7,68.14,365349,0,0,0
sess_02985,user_006,server_12,server,LOGIN ERROR_500 ERROR_500 HTTP_GET ERROR_500 DB_WRITE,6,367.67,297838,3,0,1
sess_03075,user_067,server_11,server,LOGIN CACHE_READ HTTP_GET HTTP_GET DB_READ LOGOUT,6,83.83,333167,0,0,0
sess_00962,user_027,server_04,git,LOGIN PULL LOGOUT READ_FILE PUSH COMMIT,6,86.83,286897,0,0,0
sess_04031,user_091,server_18,server,LOGIN DB_READ HTTP_GET HTTP_POST LOGOUT CACHE_WRITE DB_WRITE,7,86.14,372794,0,0,0
sess_04039,user_100,server_16,git,LOGIN COMMIT PULL READ_FILE CREATE_BRANCH LOGOUT PUSH,7,75.71,312489,0,0,0
sess_03802,user_008,server_05,server,LOGIN CACHE_READ LOGOUT HTTP_POST DB_READ HTTP_GET DB_WRITE,7,95.43,328062,0,0,0
sess_01224,user_080,server_05,git,LOGIN PULL READ_FILE PUSH CREATE_BRANCH COMMIT LOGOUT,7,93.14,391656,0,0,0
sess_03944,user_095,server_11,git,LOGIN PULL READ_FILE PUSH COMMIT READ_FILE PULL LOGOUT,8,87.0,454015,0,0,0
sess_04294,user_020,server_07,server,LOGIN AUTH_FAILURE AUTH_FAILURE ERROR_500 AUTH_FAILURE HTTP_DELETE,6,181.67,214083,4,3,1
sess_02100,user_035,server_20,server,LOGIN HTTP_GET CACHE_READ LOGOUT HTTP_GET DB_READ,6,91.5,285881,0,0,0
sess_03546,user_025,server_06,server,LOGIN HTTP_GET CACHE_READ DB_READ HTTP_GET LOGOUT,6,80.0,309805,0,0,0
sess_04630,user_090,server_01,git,LOGIN CLONE READ_FILE COMMIT PUSH READ_FILE LOGOUT,7,101.71,367610,0,0,0
sess_03373,user_041,server_04,git,LOGIN CLONE DOWNLOAD DELETE_REPO PUSH DOWNLOAD,6,79.83,10148734,0,0,1
sess_03808,user_059,server_14,git,LOGIN PULL READ_FILE READ_FILE COMMIT CREATE_BRANCH PUSH LOGOUT,8,79.62,461456,0,0,0
sess_02645,user_091,server_17,server,LOGIN DB_READ HTTP_GET HTTP_POST LOGOUT DB_WRITE CACHE_WRITE,7,82.43,299340,0,0,0
sess_03745,user_044,server_13,server,LOGIN HTTP_GET HTTP_GET DB_READ CACHE_READ LOGOUT,6,88.83,322632,0,0,0
sess_00062,user_092,server_09,server,LOGIN HTTP_GET LOGOUT DB_READ HTTP_POST DB_WRITE,6,96.5,268759,0,0,0
sess_03189,user_058,server_14,server,LOGIN FILE_DOWNLOAD FILE_DOWNLOAD HTTP_DELETE FILE_DOWNLOAD,5,93.4,15220894,0,0,1
sess_00710,user_098,server_07,server,LOGIN HTTP_GET HTTP_GET ERROR_500 ERROR_500 HTTP_GET HTTP_GET,7,196.14,418422,2,0,1
sess_02483,user_041,server_15,git,LOGIN READ_FILE CLONE COMMIT LOGOUT PUSH,6,85.17,334531,0,0,0
sess_00041,user_032,server_12,server,LOGIN CACHE_READ HTTP_GET LOGOUT CACHE_READ HTTP_GET DB_READ,7,89.71,323080,0,0,0
sess_04248,user_040,server_02,server,LOGIN HTTP_GET CACHE_READ DB_READ DB_WRITE HTTP_POST LOGOUT,7,101.43,324096,0,0,0
sess_00747,user_026,server_11,git,LOGIN FAILED_LOGIN FAILED_LOGIN FAILED_LOGIN DOWNLOAD DELETE_REPO,6,89.17,5165954,3,3,1
sess_03764,user_051,server_14,git,LOGIN COMMIT READ_FILE CREATE_BRANCH PULL READ_FILE LOGOUT PUSH,8,86.88,423204,0,0,0
sess_01682,user_088,server_19,server,LOGIN HTTP_GET HTTP_GET DB_READ LOGOUT CACHE_READ,6,88.5,313629,0,0,0
sess_04108,user_032,server_20,git,LOGIN READ_FILE PULL PUSH READ_FILE CREATE_BRANCH LOGOUT COMMIT,8,102.88,375838,0,0,0
sess_00906,user_002,server_13,server,LOGIN HTTP_GET DB_READ HTTP_POST DB_WRITE CACHE_WRITE LOGOUT,7,86.14,312331,0,0,0
sess_02814,user_008,server_16,server,LOGIN HTTP_GET DB_READ HTTP_GET LOGOUT CACHE_READ CACHE_READ,7,104.29,339244,0,0,0
sess_01006,user_060,server_17,git,LOGIN PULL READ_FILE PUSH COMMIT LOGOUT READ_FILE,7,98.0,308249,0,0,0
sess_00581,user_024,server_20,git,LOGIN PULL READ_FILE PUSH LOGOUT CREATE_BRANCH COMMIT,7,97.14,352382,0,0,0
sess_02959,user_075,server_08,git,LOGIN PULL CREATE_BRANCH PUSH READ_FILE READ_FILE LOGOUT COMMIT,8,67.5,444978,0,0,0
sess_01009,user_012,server_20,git,LOGIN PULL PULL COMMIT LOGOUT READ_FILE PUSH,7,79.0,348528,0,0,0
sess_02532,user_049,server_11,git,LOGIN READ_FILE CLONE COMMIT LOGOUT PUSH,6,95.0,270103,0,0,0
sess_00103,user_086,server_07,git,LOGIN PULL READ_FILE COMMIT PUSH LOGOUT,6,87.83,289656,0,0,0
sess_03330,user_026,server_04,git,LOGIN READ_FILE PULL COMMIT LOGOUT PUSH,6,94.5,285932,0,0,0
sess_02345,user_013,server_07,server,LOGIN HTTP_GET HTTP_GET CACHE_READ LOGOUT DB_READ,6,80.67,292426,0,0,0
sess_01869,user_036,server_12,git,LOGIN COMMIT READ_FILE PULL LOGOUT PUSH,6,101.83,231790,0,0,0
sess_01261,user_045,server_06,git,LOGIN PULL PUSH READ_FILE COMMIT LOGOUT,6,93.33,304781,0,0,0
sess_00568,user_061,server_04,server,LOGIN HTTP_GET CACHE_READ LOGOUT DB_READ CACHE_READ HTTP_GET,7,97.14,344810,0,0,0
sess_03841,user_053,server_01,server,LOGIN HTTP_GET DB_READ LOGOUT DB_WRITE HTTP_POST,6,93.0,318181,0,0,0
sess_04959,user_032,server_19,server,LOGIN CACHE_READ HTTP_GET DB_READ LOGOUT HTTP_GET CACHE_READ,7,86.29,345188,0,0,0
sess_04363,user_100,server_09,git,LOGIN READ_FILE PULL PULL LOGOUT COMMIT PUSH,7,83.14,384790,0,0,0
sess_04622,user_026,server_17,server,LOGIN HTTP_GET HTTP_GET DB_READ LOGOUT CACHE_READ,6,80.0,222582,0,0,0
sess_03713,user_061,server_12,server,LOGIN HTTP_GET DB_READ CACHE_READ HTTP_GET LOGOUT,6,89.0,300472,0,0,0
sess_03535,user_014,server_05,git,LOGIN DOWNLOAD DOWNLOAD DELETE_REPO DOWNLOAD,5,87.6,15045483,0,0,1
sess_01853,user_085,server_16,server,LOGIN DB_READ HTTP_GET HTTP_GET LOGOUT CACHE_READ,6,91.67,327637,0,0,0
sess_02085,user_085,server_07,git,LOGIN PULL PUSH READ_FILE READ_FILE LOGOUT COMMIT,7,73.71,360182,0,0,0
sess_01955,user_028,server_05,git,LOGIN PULL LOGOUT PUSH READ_FILE COMMIT,6,74.17,307984,0,0,0
sess_03347,user_026,server_02,git,LOGIN READ_FILE COMMIT PULL PUSH LOGOUT,6,77.83,289373,0,0,0
sess_01359,user_024,server_08,git,LOGIN CREATE_BRANCH DOWNLOAD DELETE_REPO DOWNLOAD,5,91.0,10095910,0,0,1
sess_00985,user_081,server_04,server,LOGIN HTTP_GET CACHE_READ HTTP_GET DB_READ LOGOUT,6,87.0,314752,0,0,0
sess_00277,user_067,server_02,server,LOGIN AUTH_FAILURE AUTH_FAILURE AUTH_FAILURE HTTP_DELETE ERROR_500,6,237.17,261469,4,3,1
sess_00927,user_058,server_01,git,LOGIN COMMIT READ_FILE PULL PUSH PULL LOGOUT,7,111.0,318610,0,0,0
sess_00039,user_093,server_11,git,LOGIN READ_FILE CLONE COMMIT PUSH LOGOUT,6,73.67,273610,0,0,0
sess_00999,user_034,server_01,server,LOGIN HTTP_GET DB_READ CACHE_READ HTTP_GET LOGOUT,6,111.33,244848,0,0,0
sess_00818,user_012,server_08,server,LOGIN HTTP_GET DB_READ HTTP_POST DB_WRITE LOGOUT,6,102.17,300848,0,0,0
sess_01382,user_072,server_05,git,LOGIN FAILED_LOGIN DOWNLOAD FAILED_LOGIN FAILED_LOGIN DELETE_REPO,6,88.17,5052526,3,3,1
sess_01581,user_013,server_16,git,LOGIN PULL PUSH READ_FILE READ_FILE COMMIT LOGOUT,7,101.0,300655,0,0,0
sess_01058,user_071,server_10,git,LOGIN PULL PULL COMMIT READ_FILE LOGOUT PUSH,7,85.29,363126,0,0,0
sess_04469,user_078,server_13,server,LOGIN HTTP_GET HTTP_GET DB_READ LOGOUT CACHE_READ,6,82.0,323775,0,0,0
sess_02023,user_061,server_05,git,LOGIN DOWNLOAD DELETE_REPO DOWNLOAD DOWNLOAD,5,82.6,15113985,0,0,1
sess_02406,user_075,server_17,git,LOGIN PULL READ_FILE CREATE_BRANCH LOGOUT PUSH COMMIT,7,85.71,367940,0,0,0
sess_02064,user_049,server_02,server,LOGIN CACHE_READ HTTP_GET DB_READ HTTP_GET LOGOUT,6,86.33,254872,0,0,0
sess_04930,user_100,server_12,server,LOGIN HTTP_GET CACHE_READ HTTP_GET DB_READ CACHE_READ LOGOUT,7,77.0,320833,0,0,0
sess_01593,user_058,server_20,server,LOGIN HTTP_GET HTTP_GET CACHE_READ LOGOUT DB_READ,6,82.0,282229,0,0,0
sess_03584,user_044,server_13,server,LOGIN DB_READ HTTP_GET HTTP_POST CACHE_WRITE DB_WRITE LOGOUT,7,81.0,298816,0,0,0
sess_02590,user_067,server_07,git,LOGIN PUSH READ_FILE CLONE READ_FILE COMMIT LOGOUT,7,95.71,321891,0,0,0
sess_03225,user_091,server_06,git,LOGIN READ_FILE CLONE COMMIT PUSH LOGOUT,6,76.17,267658,0,0,0
sess_01997,user_076,server_03,git,LOGIN PULL READ_FILE PUSH COMMIT LOGOUT,6,80.67,265787,0,0,0
sess_00346,user_075,server_04,git,LOGIN CREATE_BRANCH PULL READ_FILE COMMIT READ_FILE PUSH LOGOUT,8,95.62,399273,0,0,0
sess_02709,user_041,server_06,server,LOGIN CACHE_READ HTTP_GET LOGOUT DB_READ HTTP_GET,6,85.17,281284,0,0,0
sess_04932,user_066,server_18,git,LOGIN READ_FILE PULL LOGOUT PUSH CREATE_BRANCH COMMIT,7,111.0,362558,0,0,0
sess_01450,user_018,server_16,git,LOGIN PULL LOGOUT CREATE_BRANCH READ_FILE COMMIT READ_FILE PUSH,8,80.38,402038,0,0,0
sess_01272,user_028,server_04,git,LOGIN CLONE COMMIT READ_FILE PUSH LOGOUT,6,104.0,307050,0,0,0
sess_04807,user_003,server_19,git,LOGIN READ_FILE COMMIT PULL LOGOUT PUSH,6,90.67,301976,0,0,0
sess_04753,user_055,server_15,server,LOGIN DB_READ CACHE_READ LOGOUT HTTP_GET CACHE_READ HTTP_GET,7,83.14,348747,0,0,0
sess_02635,user_064,server_07,server,LOGIN HTTP_GET CACHE_READ HTTP_GET DB_READ LOGOUT CACHE_READ,7,74.29,329099,0,0,0
sess_04912,user_019,server_12,git,LOGIN CLONE DOWNLOAD DOWNLOAD PUSH DELETE_REPO,6,86.5,10215775,0,0,1
sess_00723,user_082,server_10,git,LOGIN CLONE COMMIT READ_FILE PUSH LOGOUT,6,101.17,282070,0,0,0
sess_03082,user_094,server_05,server,LOGIN HTTP_GET HTTP_GET HTTP_GET ERROR_500 HTTP_GET ERROR_500,7,288.86,373258,2,0,1
sess_00701,user_016,server_06,git,LOGIN PULL READ_FILE CREATE_BRANCH COMMIT PUSH LOGOUT,7,92.43,359720,0,0,0
sess_04921,user_017,server_14,git,LOGIN PULL READ_FILE CREATE_BRANCH COMMIT PUSH LOGOUT,7,76.86,389969,0,0,0
sess_00422,user_081,server_07,server,LOGIN CACHE_READ HTTP_POST HTTP_GET DB_READ DB_WRITE CACHE_WRITE LOGOUT,8,75.75,367052,0,0,0
sess_00959,user_084,server_10,git,LOGIN CLONE COMMIT READ_FILE PUSH LOGOUT,6,83.33,282002,0,0,0
sess_00047,user_073,server_13,git,LOGIN PULL PUSH READ_FILE CREATE_BRANCH READ_FILE COMMIT LOGOUT,8,99.62,420651,0,0,0
sess_02780,user_094,server_16,server,LOGIN HTTP_GET CACHE_READ DB_READ HTTP_GET LOGOUT,6,90.0,280097,0,0,0
sess_00620,user_056,server_10,git,LOGIN PULL READ_FILE COMMIT READ_FILE PULL PUSH LOGOUT,8,75.12,320565,0,0,0
sess_04511,user_095,server_11,git,LOGIN FAILED_LOGIN FAILED_LOGIN FAILED_LOGIN DOWNLOAD DELETE_REPO,6,110.33,5104662,3,3,1
sess_04861,user_030,server_02,git,LOGIN PULL READ_FILE LOGOUT PUSH CREATE_BRANCH COMMIT,7,99.29,397147,0,0,0
sess_04389,user_050,server_02,git,LOGIN FAILED_LOGIN FAILED_LOGIN FAILED_LOGIN DOWNLOAD DELETE_REPO,6,104.83,5128265,3,3,1
sess_03686,user_019,server_17,server,LOGIN CACHE_READ DB_READ HTTP_GET LOGOUT HTTP_GET,6,83.0,276492,0,0,0
sess_01461,user_047,server_07,git,LOGIN READ_FILE PULL READ_FILE COMMIT PUSH LOGOUT,7,86.29,386569,0,0,0
sess_01228,user_051,server_20,server,LOGIN HTTP_GET DB_READ LOGOUT CACHE_READ HTTP_GET,6,100.33,276547,0,0,0
sess_00601,user_020,server_20,server,LOGIN HTTP_GET HTTP_GET CACHE_READ DB_READ LOGOUT,6,95.17,312081,0,0,0
sess_00580,user_067,server_18,git,LOGIN READ_FILE PULL LOGOUT PULL PUSH COMMIT,7,101.0,397780,0,0,0
sess_04775,user_096,server_07,git,LOGIN PULL PULL READ_FILE COMMIT PUSH LOGOUT,7,93.29,348178,0,0,0
sess_02319,user_068,server_15,git,LOGIN READ_FILE PULL CREATE_BRANCH COMMIT LOGOUT PUSH,7,91.57,335902,0,0,0
sess_03001,user_021,server_05,git,LOGIN FAILED_LOGIN FAILED_LOGIN FAILED_LOGIN DELETE_REPO DOWNLOAD,6,107.0,5085903,3,3,1
sess_02201,user_004,server_18,git,LOGIN COMMIT PULL READ_FILE PUSH LOGOUT,6,94.17,249517,0,0,0
sess_03273,user_097,server_18,server,LOGIN HTTP_GET CACHE_READ DB_READ HTTP_POST CACHE_WRITE DB_WRITE LOGOUT,8,80.0,425251,0,0,0
sess_04570,user_020,server_02,server,LOGIN HTTP_GET DB_READ HTTP_POST DB_WRITE LOGOUT CACHE_WRITE,7,84.71,292184,0,0,0
sess_00050,user_041,server_19,git,LOGIN PULL READ_FILE COMMIT PULL PUSH LOGOUT,7,103.86,350964,0,0,0
sess_03936,user_091,server_01,server,LOGIN CACHE_WRITE HTTP_GET LOGOUT DB_WRITE DB_READ HTTP_POST,7,94.71,359366,0,0,0
sess_01681,user_070,server_13,server,LOGIN HTTP_GET DB_READ HTTP_POST DB_WRITE LOGOUT,6,101.0,306873,0,0,0
sess_01683,user_083,server_03,server,LOGIN HTTP_GET DB_WRITE CACHE_READ HTTP_POST LOGOUT DB_READ CACHE_WRITE,8,80.62,412149,0,0,0
sess_03702,user_029,server_02,git,LOGIN PULL READ_FILE CREATE_BRANCH COMMIT PUSH LOGOUT,7,74.86,370442,0,0,0
sess_01447,user_025,server_03,server,LOGIN HTTP_GET HTTP_POST DB_READ LOGOUT DB_WRITE CACHE_WRITE,7,86.29,349283,0,0,0
sess_03038,user_010,server_02,server,LOGIN HTTP_GET DB_READ HTTP_GET CACHE_READ LOGOUT,6,100.5,278610,0,0,0
sess_04855,user_028,server_19,server,LOGIN HTTP_DELETE FILE_DOWNLOAD FILE_DOWNLOAD FILE_DOWNLOAD,5,95.8,15261775,0,0,1
sess_01834,user_001,server_15,server,LOGIN CACHE_READ HTTP_GET HTTP_GET CACHE_READ DB_READ LOGOUT,7,82.14,360929,0,0,0
sess_03018,user_072,server_16,server,LOGIN HTTP_GET DB_READ HTTP_POST DB_WRITE CACHE_WRITE LOGOUT,7,97.86,359938,0,0,0
sess_03612,user_073,server_11,server,LOGIN HTTP_GET HTTP_GET DB_READ CACHE_READ LOGOUT,6,76.83,303035,0,0,0
sess_01103,user_001,server_08,server,LOGIN HTTP_GET CACHE_READ HTTP_POST DB_READ DB_WRITE LOGOUT,7,91.29,388412,0,0,0
sess_03905,user_022,server_01,git,LOGIN PUSH PULL READ_FILE COMMIT READ_FILE LOGOUT,7,88.43,388715,0,0,0
sess_04545,user_034,server_06,server,LOGIN HTTP_GET CACHE_READ LOGOUT HTTP_GET DB_READ,6,72.17,321886,0,0,0
sess_01311,user_096,server_14,git,LOGIN READ_FILE CLONE READ_FILE PUSH COMMIT LOGOUT,7,85.43,325797,0,0,0
sess_00816,user_018,server_14,server,LOGIN HTTP_GET DB_READ LOGOUT HTTP_GET CACHE_READ,6,94.83,286294,0,0,0
sess_00907,user_036,server_13,git,LOGIN READ_FILE PULL COMMIT PUSH PULL LOGOUT,7,97.71,366905,0,0,0
sess_01105,user_064,server_02,git,LOGIN PULL COMMIT LOGOUT READ_FILE CREATE_BRANCH PUSH,7,95.43,352031,0,0,0
sess_03168,user_057,server_14,server,LOGIN CACHE_READ HTTP_GET HTTP_GET LOGOUT DB_READ,6,75.5,280605,0,0,0
sess_00626,user_034,server_16,server,LOGIN DB_READ HTTP_GET DB_WRITE HTTP_POST CACHE_WRITE LOGOUT,7,93.14,329341,0,0,0
sess_00335,user_007,server_02,git,LOGIN PULL COMMIT READ_FILE PUSH PULL LOGOUT,7,76.14,346053,0,0,0
sess_03495,user_064,server_01,git,LOGIN READ_FILE CREATE_BRANCH PULL PUSH COMMIT LOGOUT,7,76.57,310497,0,0,0
sess_00531,user_012,server_08,server,LOGIN HTTP_GET DB_READ LOGOUT DB_WRITE HTTP_POST,6,94.83,334560,0,0,0
sess_04425,user_075,server_11,server,LOGIN HTTP_GET DB_READ DB_WRITE HTTP_POST LOGOUT CACHE_WRITE,7,95.57,352884,0,0,0
sess_00306,user_077,server_01,git,LOGIN CLONE READ_FILE READ_FILE LOGOUT COMMIT PUSH,7,84.14,362100,0,0,0
sess_02779,user_075,server_13,git,LOGIN DOWNLOAD CLONE DOWNLOAD DELETE_REPO PUSH,6,106.17,10055683,0,0,1
sess_04578,user_073,server_16,server,LOGIN CACHE_READ HTTP_POST DB_WRITE HTTP_GET DB_READ LOGOUT CACHE_WRITE,8,81.12,351711,0,0,0
sess_04692,user_022,server_05,server,LOGIN HTTP_GET LOGOUT HTTP_GET DB_READ CACHE_READ,6,77.83,332365,0,0,0
sess_00258,user_037,server_06,git,LOGIN READ_FILE CLONE COMMIT PUSH LOGOUT,6,67.33,303961,0,0,0
sess_03461,user_032,server_17,server,LOGIN HTTP_GET CACHE_READ HTTP_GET DB_READ LOGOUT CACHE_READ,7,91.29,316242,0,0,0
sess_01375,user_043,server_12,git,LOGIN DOWNLOAD DOWNLOAD DELETE_REPO DOWNLOAD,5,93.2,15241442,0,0,1
sess_03489,user_061,server_13,git,LOGIN FAILED_LOGIN FAILED_LOGIN DOWNLOAD FAILED_LOGIN DELETE_REPO,6,120.67,5057153,3,3,1
sess_02317,user_088,server_14,server,LOGIN HTTP_GET HTTP_POST DB_WRITE DB_READ LOGOUT CACHE_WRITE,7,91.43,368382,0,0,0
sess_04370,user_059,server_08,git,LOGIN DOWNLOAD DOWNLOAD DOWNLOAD DELETE_REPO,5,84.6,15089164,0,0,1
sess_03916,user_057,server_19,git,LOGIN LOGOUT CREATE_BRANCH PULL READ_FILE COMMIT PUSH,7,99.43,352117,0,0,0
sess_04663,user_078,server_20,server,LOGIN HTTP_GET CACHE_READ HTTP_GET CACHE_READ LOGOUT DB_READ,7,93.71,392507,0,0,0
sess_03280,user_029,server_04,git,LOGIN COMMIT PULL READ_FILE PUSH LOGOUT,6,108.5,307520,0,0,0
sess_00534,user_092,server_01,git,LOGIN PULL COMMIT READ_FILE LOGOUT PUSH,6,78.5,313313,0,0,0
sess_04341,user_094,server_04,git,LOGIN CLONE READ_FILE COMMIT PUSH LOGOUT,6,92.5,316856,0,0,0
sess_04194,user_081,server_15,git,LOGIN FAILED_LOGIN FAILED_LOGIN FAILED_LOGIN DELETE_REPO DOWNLOAD,6,96.5,5366507,3,3,1
sess_04744,user_029,server_06,git,LOGIN READ_FILE PULL COMMIT CREATE_BRANCH PUSH LOGOUT,7,88.0,281223,0,0,0
sess_02010,user_089,server_07,server,LOGIN HTTP_GET DB_READ HTTP_POST DB_WRITE LOGOUT,6,89.5,345784,0,0,0
sess_02414,user_093,server_13,server,LOGIN DB_READ HTTP_GET DB_WRITE HTTP_POST LOGOUT,6,97.83,309524,0,0,0
sess_03628,user_064,server_15,git,LOGIN PULL READ_FILE PUSH COMMIT PULL LOGOUT,7,80.43,403315,0,0,0
sess_03770,user_012,server_07,server,LOGIN DB_WRITE HTTP_GET DB_READ HTTP_POST LOGOUT CACHE_WRITE,7,88.86,381357,0,0,0
sess_00273,user_038,server_14,server,LOGIN ERROR_500 HTTP_GET ERROR_500 ERROR_500 DB_WRITE,6,468.0,322721,3,0,1
sess_01583,user_074,server_08,server,LOGIN HTTP_GET HTTP_GET CACHE_READ DB_READ LOGOUT,6,102.17,301481,0,0,0
sess_04671,user_021,server_19,server,LOGIN HTTP_POST HTTP_GET DB_READ DB_WRITE LOGOUT,6,93.17,319467,0,0,0
sess_03759,user_074,server_07,git,LOGIN READ_FILE CLONE LOGOUT PUSH COMMIT,6,76.5,230948,0,0,0
sess_02093,user_026,server_04,git,LOGIN PULL COMMIT READ_FILE PUSH LOGOUT,6,91.67,282917,0,0,0
sess_00692,user_047,server_09,server,LOGIN CACHE_READ HTTP_GET HTTP_GET CACHE_READ DB_READ LOGOUT,7,95.71,374781,0,0,0
sess_02504,user_055,server_19,server,LOGIN CACHE_READ DB_WRITE HTTP_POST HTTP_GET DB_READ CACHE_WRITE LOGOUT,8,91.12,407648,0,0,0
sess_00382,user_097,server_12,git,LOGIN PULL READ_FILE PUSH READ_FILE COMMIT CREATE_BRANCH LOGOUT,8,89.62,423654,0,0,0
sess_00251,user_067,server_19,git,LOGIN PULL READ_FILE COMMIT LOGOUT READ_FILE PUSH,7,94.29,348449,0,0,0
sess_01282,user_077,server_03,server,LOGIN HTTP_GET CACHE_READ CACHE_READ LOGOUT HTTP_GET DB_READ,7,94.57,367246,0,0,0
sess_03957,user_083,server_12,git,LOGIN PULL PUSH READ_FILE COMMIT LOGOUT,6,101.33,286321,0,0,0
sess_02874,user_032,server_11,server,LOGIN CACHE_READ HTTP_GET HTTP_GET CACHE_READ DB_READ LOGOUT,7,87.29,267065,0,0,0
sess_04054,user_082,server_07,server,LOGIN DB_READ HTTP_GET LOGOUT DB_WRITE HTTP_POST,6,82.5,265642,0,0,0
sess_01092,user_056,server_05,git,LOGIN PULL READ_FILE PUSH COMMIT PULL LOGOUT,7,88.57,387583,0,0,0
sess_00011,user_056,server_01,git,LOGIN CLONE LOGOUT PUSH COMMIT READ_FILE,6,71.67,262189,0,0,0
sess_03655,user_091,server_20,git,LOGIN PULL READ_FILE CREATE_BRANCH READ_FILE COMMIT PUSH LOGOUT,8,82.0,382024,0,0,0
sess_01569,user_029,server_03,server,LOGIN DB_READ HTTP_GET HTTP_GET CACHE_READ LOGOUT,6,94.33,294430,0,0,0
sess_03499,user_069,server_18,git,LOGIN PULL READ_FILE COMMIT PUSH LOGOUT,6,101.5,314253,0,0,0
sess_02834,user_094,server_20,git,LOGIN PULL READ_FILE COMMIT LOGOUT PULL PUSH READ_FILE,8,92.38,358493,0,0,0
sess_00650,user_097,server_05,git,LOGIN PULL LOGOUT READ_FILE COMMIT PUSH,6,92.67,311078,0,0,0
sess_02693,user_076,server_16,git,LOGIN PULL READ_FILE COMMIT PUSH PULL LOGOUT,7,100.14,347942,0,0,0
sess_03781,user_011,server_08,server,LOGIN HTTP_GET DB_WRITE HTTP_POST DB_READ LOGOUT,6,106.5,325948,0,0,0
sess_02914,user_068,server_04,git,LOGIN CREATE_BRANCH DOWNLOAD DELETE_REPO DOWNLOAD,5,99.6,10214654,0,0,1
sess_02679,user_012,server_11,server,LOGIN DB_READ HTTP_GET HTTP_POST DB_WRITE CACHE_WRITE LOGOUT,7,73.71,377716,0,0,0
sess_03812,user_013,server_16,git,LOGIN READ_FILE COMMIT PULL PULL PUSH LOGOUT,7,88.0,339462,0,0,0
sess_01951,user_022,server_17,server,LOGIN DB_READ CACHE_READ HTTP_GET HTTP_GET LOGOUT,6,92.17,285210,0,0,0
sess_03806,user_095,server_02,git,LOGIN PULL READ_FILE LOGOUT PULL COMMIT PUSH,7,89.57,351505,0,0,0
sess_03853,user_096,server_05,server,LOGIN HTTP_GET DB_READ HTTP_GET CACHE_READ LOGOUT,6,96.17,335513,0,0,0
sess_02432,user_087,server_02,git,LOGIN PULL READ_FILE CREATE_BRANCH COMMIT PUSH LOGOUT,7,84.86,349083,0,0,0
sess_04543,user_098,server_09,server,LOGIN HTTP_GET DB_READ CACHE_WRITE DB_WRITE HTTP_POST LOGOUT,7,90.0,302037,0,0,0
sess_01635,user_089,server_06,git,LOGIN PULL READ_FILE COMMIT CREATE_BRANCH PUSH LOGOUT,7,97.14,375300,0,0,0
sess_04319,user_068,server_19,server,LOGIN HTTP_GET DB_WRITE ERROR_500 ERROR_500 ERROR_500,6,437.0,278841,3,0,1
sess_00091,user_073,server_19,git,LOGIN CLONE READ_FILE LOGOUT PUSH COMMIT,6,77.5,243929,0,0,0
sess_04743,user_037,server_06,git,LOGIN DOWNLOAD DELETE_REPO DOWNLOAD DOWNLOAD,5,79.8,15197163,0,0,1
sess_02177,user_082,server_09,server,LOGIN HTTP_GET DB_READ HTTP_POST LOGOUT CACHE_WRITE DB_WRITE,7,87.71,373258,0,0,0
sess_01054,user_009,server_06,git,LOGIN READ_FILE PULL PUSH CREATE_BRANCH COMMIT LOGOUT,7,93.0,347271,0,0,0
sess_03372,user_095,server_15,git,LOGIN PULL READ_FILE COMMIT READ_FILE PUSH LOGOUT,7,93.57,311695,0,0,0
sess_04105,user_100,server_01,git,LOGIN PULL COMMIT PULL READ_FILE LOGOUT PUSH,7,80.71,341883,0,0,0
sess_04626,user_097,server_02,server,LOGIN DB_WRITE HTTP_POST HTTP_GET DB_READ LOGOUT,6,85.17,310537,0,0,0
sess_04939,user_005,server_04,server,LOGIN DB_READ HTTP_GET DB_WRITE LOGOUT HTTP_POST,6,79.67,295573,0,0,0
sess_00585,user_058,server_02,server,LOGIN AUTH_FAILURE HTTP_DELETE AUTH_FAILURE AUTH_FAILURE ERROR_500,6,177.0,244134,4,3,1
sess_00377,user_077,server_09,git,LOGIN CLONE READ_FILE LOGOUT COMMIT PUSH,6,95.0,268955,0,0,0
sess_01864,user_067,server_03,server,LOGIN HTTP_GET CACHE_WRITE HTTP_POST DB_READ DB_WRITE LOGOUT,7,94.29,335754,0,0,0
sess_02606,user_044,server_16,server,LOGIN HTTP_GET HTTP_GET CACHE_READ CACHE_READ DB_READ LOGOUT,7,99.43,335392,0,0,0
sess_02258,user_026,server_06,server,LOGIN HTTP_DELETE AUTH_FAILURE AUTH_FAILURE AUTH_FAILURE ERROR_500,6,249.83,269522,4,3,1
sess_04187,user_067,server_18,git,LOGIN PULL READ_FILE CREATE_BRANCH COMMIT LOGOUT PUSH,7,86.14,335830,0,0,0
sess_03891,user_085,server_16,git,LOGIN COMMIT READ_FILE LOGOUT CLONE PUSH,6,86.17,324820,0,0,0
sess_04463,user_015,server_03,git,LOGIN PULL PULL READ_FILE PUSH COMMIT LOGOUT,7,70.29,340349,0,0,0
sess_00471,user_064,server_11,git,LOGIN PUSH READ_FILE PULL READ_FILE CREATE_BRANCH LOGOUT COMMIT,8,78.12,384733,0,0,0
sess_01292,user_004,server_07,git,LOGIN CREATE_BRANCH PUSH PULL READ_FILE COMMIT LOGOUT,7,84.14,358133,0,0,0
sess_04505,user_050,server_08,git,LOGIN PULL COMMIT PUSH READ_FILE CREATE_BRANCH LOGOUT,7,83.71,370136,0,0,0
sess_00081,user_089,server_06,git,LOGIN CLONE COMMIT READ_FILE PUSH LOGOUT,6,90.67,292000,0,0,0
sess_02302,user_036,server_05,git,LOGIN DOWNLOAD DOWNLOAD DELETE_REPO DOWNLOAD,5,100.2,14909994,0,0,1
sess_01753,user_005,server_11,server,LOGIN HTTP_GET DB_READ HTTP_GET LOGOUT CACHE_READ,6,79.83,321922,0,0,0
sess_02494,user_008,server_08,server,LOGIN CACHE_READ HTTP_GET DB_READ HTTP_GET CACHE_READ LOGOUT,7,91.57,362215,0,0,0
sess_02445,user_031,server_04,git,LOGIN CLONE READ_FILE PUSH COMMIT LOGOUT,6,77.83,313038,0,0,0
sess_00366,user_020,server_11,git,LOGIN CLONE LOGOUT READ_FILE COMMIT PUSH,6,87.17,291559,0,0,0
sess_03314,user_083,server_06,server,LOGIN HTTP_GET DB_READ DB_WRITE HTTP_POST LOGOUT CACHE_WRITE,7,91.14,367671,0,0,0
sess_04426,user_036,server_04,git,LOGIN PULL READ_FILE COMMIT PUSH LOGOUT PULL,7,99.14,369141,0,0,0
sess_02869,user_050,server_02,git,LOGIN PULL READ_FILE PUSH COMMIT LOGOUT,6,61.33,307670,0,0,0
sess_02295,user_024,server_18,git,LOGIN PULL READ_FILE COMMIT CREATE_BRANCH LOGOUT PUSH,7,97.43,378866,0,0,0
sess_02459,user_026,server_19,git,LOGIN PULL READ_FILE LOGOUT READ_FILE COMMIT PUSH,7,92.43,381564,0,0,0
sess_00375,user_020,server_07,git,LOGIN PULL CREATE_BRANCH READ_FILE COMMIT PUSH LOGOUT,7,104.0,402314,0,0,0
sess_01348,user_064,server_10,server,LOGIN HTTP_GET DB_READ HTTP_POST LOGOUT CACHE_WRITE DB_WRITE,7,84.14,400182,0,0,0
sess_02342,user_084,server_04,git,LOGIN PULL READ_FILE COMMIT READ_FILE PUSH LOGOUT,7,115.86,356041,0,0,0
sess_01208,user_036,server_08,git,LOGIN READ_FILE COMMIT PULL READ_FILE CREATE_BRANCH LOGOUT PUSH,8,99.0,405066,0,0,0
sess_01606,user_094,server_20,git,LOGIN PULL READ_FILE PUSH READ_FILE COMMIT PULL LOGOUT,8,83.25,427928,0,0,0
sess_02613,user_051,server_07,git,LOGIN PULL READ_FILE LOGOUT COMMIT PUSH,6,93.67,254738,0,0,0
sess_03186,user_034,server_16,git,LOGIN READ_FILE CREATE_BRANCH PULL PUSH READ_FILE COMMIT LOGOUT,8,95.12,394906,0,0,0
sess_00085,user_022,server_12,git,LOGIN CLONE READ_FILE PUSH COMMIT LOGOUT,6,83.33,252662,0,0,0
sess_03029,user_014,server_07,git,LOGIN PULL READ_FILE COMMIT LOGOUT PUSH,6,84.33,297666,0,0,0
sess_00066,user_094,server_06,git,LOGIN PULL READ_FILE COMMIT PULL PUSH LOGOUT,7,85.0,391969,0,0,0
sess_03011,user_001,server_18,git,LOGIN CLONE READ_FILE COMMIT PUSH LOGOUT,6,101.5,358014,0,0,0
sess_00407,user_050,server_12,server,LOGIN HTTP_GET HTTP_GET DB_READ CACHE_READ LOGOUT,6,102.17,240256,0,0,0
sess_04660,user_068,server_02,git,LOGIN PULL PUSH READ_FILE CREATE_BRANCH COMMIT LOGOUT,7,104.0,330680,0,0,0
sess_01114,user_069,server_06,git,LOGIN PULL COMMIT READ_FILE PULL PUSH LOGOUT,7,76.86,355221,0,0,0
sess_00290,user_076,server_19,git,LOGIN READ_FILE PULL PUSH COMMIT READ_FILE LOGOUT,7,84.0,371662,0,0,0
sess_03510,user_092,server_03,server,LOGIN DB_READ HTTP_GET HTTP_GET CACHE_READ LOGOUT,6,61.67,318282,0,0,0
sess_04381,user_070,server_02,server,LOGIN AUTH_FAILURE AUTH_FAILURE AUTH_FAILURE HTTP_DELETE ERROR_500,6,253.5,259550,4,3,1
sess_01846,user_078,server_18,server,LOGIN HTTP_GET DB_WRITE DB_READ HTTP_POST LOGOUT,6,72.67,262091,0,0,0
sess_00515,user_043,server_08,git,LOGIN COMMIT PULL PUSH PULL READ_FILE LOGOUT,7,82.71,298835,0,0,0
sess_02710,user_082,server_06,git,LOGIN PULL READ_FILE PULL COMMIT PUSH LOGOUT,7,89.29,322210,0,0,0
sess_00236,user_008,server_07,git,LOGIN PULL LOGOUT READ_FILE PUSH COMMIT PULL,7,85.71,318953,0,0,0
sess_00859,user_078,server_17,server,LOGIN HTTP_GET DB_READ HTTP_POST DB_WRITE LOGOUT,6,92.67,282811,0,0,0
sess_04000,user_015,server_16,git,LOGIN PULL PUSH READ_FILE READ_FILE COMMIT LOGOUT,7,86.57,285602,0,0,0
sess_01231,user_068,server_09,git,LOGIN READ_FILE PULL PUSH LOGOUT COMMIT,6,68.67,285827,0,0,0
sess_03594,user_098,server_14,git,LOGIN CLONE READ_FILE COMMIT LOGOUT PUSH,6,82.5,279112,0,0,0
sess_03547,user_034,server_08,server,LOGIN HTTP_GET CACHE_WRITE HTTP_POST LOGOUT DB_READ DB_WRITE,7,77.0,366752,0,0,0
sess_03006,user_094,server_11,git,LOGIN PULL CREATE_BRANCH READ_FILE LOGOUT COMMIT PUSH,7,67.14,258741,0,0,0
sess_00138,user_055,server_18,git,LOGIN PULL PULL COMMIT READ_FILE PUSH LOGOUT,7,82.29,366794,0,0,0
sess_00524,user_091,server_06,git,LOGIN READ_FILE PULL PUSH COMMIT READ_FILE PULL LOGOUT,8,77.38,438250,0,0,0
sess_01117,user_038,server_04,server,LOGIN HTTP_GET HTTP_GET ERROR_500 ERROR_500 HTTP_GET HTTP_GET,7,235.43,324362,2,0,1
sess_02704,user_012,server_11,server,LOGIN HTTP_GET DB_READ HTTP_GET CACHE_READ LOGOUT,6,100.33,328978,0,0,0
sess_01418,user_010,server_07,server,LOGIN HTTP_GET HTTP_GET CACHE_READ DB_READ LOGOUT,6,90.33,288667,0,0,0
sess_02917,user_016,server_19,git,LOGIN PULL COMMIT READ_FILE LOGOUT PUSH,6,99.0,277967,0,0,0
sess_02774,user_051,server_07,git,LOGIN DOWNLOAD DOWNLOAD DOWNLOAD DELETE_REPO,5,102.8,15096253,0,0,1
sess_04184,user_093,server_18,server,LOGIN DB_READ DB_WRITE HTTP_GET HTTP_POST CACHE_WRITE LOGOUT,7,84.71,339447,0,0,0
sess_00130,user_093,server_20,server,LOGIN HTTP_GET ERROR_500 HTTP_GET HTTP_GET HTTP_GET ERROR_500,7,263.43,378189,2,0,1
sess_03028,user_046,server_11,git,LOGIN CREATE_BRANCH DOWNLOAD DELETE_REPO DOWNLOAD,5,85.8,10123822,0,0,1
sess_03162,user_079,server_06,git,LOGIN PULL READ_FILE PULL COMMIT PUSH LOGOUT,7,89.14,388744,0,0,0
sess_02919,user_007,server_01,server,LOGIN HTTP_GET DB_READ DB_WRITE LOGOUT HTTP_POST,6,105.0,306622,0,0,0
sess_00464,user_005,server_03,server,LOGIN HTTP_GET HTTP_GET LOGOUT CACHE_READ DB_READ,6,91.67,279596,0,0,0
sess_04657,user_057,server_03,server,LOGIN HTTP_GET DB_WRITE DB_READ CACHE_WRITE HTTP_POST LOGOUT,7,112.29,371028,0,0,0
sess_00758,user_069,server_08,server,LOGIN DB_READ LOGOUT HTTP_GET CACHE_READ HTTP_GET,6,73.0,327998,0,0,0
sess_02321,user_095,server_17,git,LOGIN CLONE READ_FILE LOGOUT PUSH COMMIT,6,107.17,250969,0,0,0
sess_01865,user_053,server_18,git,LOGIN PULL READ_FILE COMMIT LOGOUT PUSH,6,109.33,312869,0,0,0
sess_02986,user_001,server_01,git,LOGIN PULL READ_FILE PULL COMMIT LOGOUT PUSH,7,88.0,336705,0,0,0
sess_01116,user_027,server_07,server,LOGIN HTTP_GET HTTP_GET CACHE_READ DB_READ LOGOUT,6,94.5,320437,0,0,0
sess_01161,user_042,server_16,server,LOGIN HTTP_GET CACHE_READ DB_READ HTTP_GET LOGOUT,6,82.17,315480,0,0,0
sess_03600,user_026,server_09,server,LOGIN DB_READ HTTP_POST HTTP_GET LOGOUT DB_WRITE,6,108.17,297590,0,0,0
sess_01080,user_100,server_13,server,LOGIN HTTP_GET CACHE_READ LOGOUT HTTP_GET DB_READ,6,88.33,302013,0,0,0
sess_02601,user_078,server_08,git,LOGIN PULL READ_FILE PUSH COMMIT LOGOUT,6,73.33,311405,0,0,0
sess_02831,user_022,server_15,server,LOGIN HTTP_GET DB_READ CACHE_READ HTTP_GET LOGOUT,6,98.5,319433,0,0,0
sess_03126,user_061,server_13,git,LOGIN PULL READ_FILE CREATE_BRANCH PUSH LOGOUT COMMIT,7,99.86,383386,0,0,0
sess_03032,user_005,server_19,server,LOGIN HTTP_GET DB_READ HTTP_GET LOGOUT CACHE_READ,6,90.0,318750,0,0,0
sess_01755,user_074,server_16,git,LOGIN PULL READ_FILE COMMIT LOGOUT PUSH,6,88.5,273974,0,0,0
sess_04050,user_096,server_13,server,LOGIN FILE_DOWNLOAD FILE_DOWNLOAD FILE_DOWNLOAD HTTP_DELETE,5,85.8,14976430,0,0,1
sess_01152,user_001,server_03,server,LOGIN DB_READ HTTP_GET HTTP_POST CACHE_WRITE DB_WRITE LOGOUT,7,78.29,368792,0,0,0
sess_04790,user_018,server_01,git,LOGIN READ_FILE CREATE_BRANCH PULL LOGOUT COMMIT PUSH,7,82.57,377653,0,0,0
sess_00603,user_042,server_06,server,LOGIN HTTP_GET LOGOUT CACHE_READ DB_READ HTTP_GET,6,97.83,298786,0,0,0
sess_00146,user_008,server_12,server,LOGIN HTTP_GET CACHE_READ DB_READ DB_WRITE HTTP_POST LOGOUT,7,87.57,358913,0,0,0
sess_02022,user_039,server_18,server,LOGIN HTTP_GET HTTP_GET CACHE_READ DB_READ LOGOUT,6,88.0,302456,0,0,0
sess_04015,user_017,server_19,server,LOGIN AUTH_FAILURE AUTH_FAILURE HTTP_DELETE AUTH_FAILURE ERROR_500,6,147.17,297195,4,3,1
sess_01776,user_051,server_14,git,LOGIN PULL CREATE_BRANCH READ_FILE LOGOUT COMMIT PUSH,7,78.14,313669,0,0,0
sess_03452,user_035,server_06,git,LOGIN PULL READ_FILE READ_FILE LOGOUT COMMIT PUSH CREATE_BRANCH,8,80.25,464780,0,0,0
sess_02211,user_011,server_17,server,LOGIN HTTP_GET CACHE_READ HTTP_GET DB_READ LOGOUT,6,86.0,300436,0,0,0
sess_02508,user_083,server_17,server,LOGIN AUTH_FAILURE AUTH_FAILURE HTTP_DELETE ERROR_500 AUTH_FAILURE,6,201.0,284300,4,3,1
sess_04343,user_069,server_15,git,LOGIN CREATE_BRANCH READ_FILE READ_FILE PULL PUSH COMMIT LOGOUT,8,89.88,391125,0,0,0
sess_04185,user_002,server_03,git,LOGIN DOWNLOAD CLONE DOWNLOAD PUSH DELETE_REPO,6,80.0,9924397,0,0,1
sess_02885,user_048,server_04,server,LOGIN AUTH_FAILURE AUTH_FAILURE AUTH_FAILURE ERROR_500 HTTP_DELETE,6,196.67,263572,4,3,1
sess_00485,user_057,server_09,git,LOGIN CLONE DOWNLOAD DOWNLOAD DELETE_REPO PUSH,6,86.67,10217399,0,0,1
sess_02987,user_042,server_03,server,LOGIN CACHE_READ CACHE_READ HTTP_GET DB_READ HTTP_GET LOGOUT,7,90.0,366388,0,0,0
sess_02031,user_081,server_15,git,LOGIN CLONE PUSH READ_FILE COMMIT LOGOUT,6,106.83,292318,0,0,0
sess_03195,user_069,server_02,git,LOGIN PULL READ_FILE CREATE_BRANCH READ_FILE COMMIT PUSH LOGOUT,8,85.62,402076,0,0,0
sess_01978,user_090,server_19,git,LOGIN READ_FILE PULL PUSH COMMIT CREATE_BRANCH LOGOUT,7,73.29,374352,0,0,0
sess_00124,user_026,server_05,server,LOGIN HTTP_GET LOGOUT DB_READ DB_WRITE CACHE_READ HTTP_POST,7,99.71,341886,0,0,0
sess_01944,user_018,server_13,server,LOGIN DB_READ HTTP_GET DB_WRITE CACHE_WRITE LOGOUT HTTP_POST,7,106.29,316259,0,0,0
sess_01987,user_003,server_15,server,LOGIN HTTP_GET CACHE_READ HTTP_GET LOGOUT DB_READ,6,89.83,291525,0,0,0
sess_03615,user_016,server_18,git,LOGIN DELETE_REPO CREATE_BRANCH DOWNLOAD DOWNLOAD,5,83.4,10088602,0,0,1
sess_01128,user_076,server_20,git,LOGIN FAILED_LOGIN FAILED_LOGIN DOWNLOAD FAILED_LOGIN DELETE_REPO,6,88.0,5107289,3,3,1
sess_00061,user_089,server_18,git,LOGIN PULL READ_FILE COMMIT PUSH LOGOUT,6,83.67,220415,0,0,0
sess_03515,user_074,server_12,git,LOGIN PULL LOGOUT COMMIT READ_FILE PUSH,6,85.0,290341,0,0,0
sess_02542,user_090,server_15,git,LOGIN CLONE READ_FILE PUSH COMMIT LOGOUT,6,83.5,300813,0,0,0
sess_00242,user_095,server_16,server,LOGIN HTTP_GET LOGOUT CACHE_READ HTTP_GET DB_READ,6,106.17,308432,0,0,0
sess_02628,user_057,server_07,git,LOGIN CLONE READ_FILE COMMIT PUSH LOGOUT,6,87.17,337638,0,0,0
sess_02900,user_088,server_14,server,LOGIN HTTP_GET LOGOUT CACHE_READ HTTP_GET DB_READ,6,97.83,345163,0,0,0
sess_03975,user_005,server_09,git,LOGIN PULL COMMIT READ_FILE PULL PUSH LOGOUT,7,96.57,331942,0,0,0
sess_03382,user_077,server_01,git,LOGIN CLONE READ_FILE PUSH COMMIT LOGOUT,6,91.67,282980,0,0,0
sess_04144,user_055,server_03,server,LOGIN HTTP_GET DB_WRITE HTTP_POST DB_READ LOGOUT CACHE_WRITE,7,88.0,292398,0,0,0
sess_04405,user_045,server_04,server,LOGIN HTTP_GET HTTP_POST LOGOUT DB_WRITE DB_READ CACHE_READ,7,71.86,327458,0,0,0
sess_02681,user_046,server_20,git,LOGIN CLONE READ_FILE PUSH LOGOUT COMMIT,6,85.83,316692,0,0,0
sess_00125,user_025,server_11,git,LOGIN PULL READ_FILE PUSH COMMIT LOGOUT,6,82.5,284489,0,0,0
sess_01730,user_082,server_03,server,LOGIN CACHE_READ HTTP_GET CACHE_WRITE DB_WRITE DB_READ HTTP_POST LOGOUT,8,81.5,399866,0,0,0
sess_04033,user_079,server_04,git,LOGIN PULL READ_FILE PUSH CREATE_BRANCH COMMIT LOGOUT,7,79.57,406194,0,0,0
sess_01120,user_071,server_11,server,LOGIN AUTH_FAILURE AUTH_FAILURE AUTH_FAILURE ERROR_500 HTTP_DELETE,6,153.83,261790,4,3,1
sess_01522,user_019,server_17,server,LOGIN HTTP_GET DB_READ HTTP_GET CACHE_READ LOGOUT,6,73.33,273611,0,0,0
sess_00224,user_033,server_05,server,LOGIN HTTP_GET DB_READ DB_WRITE HTTP_POST LOGOUT,6,94.83,259985,0,0,0
sess_03077,user_036,server_02,git,LOGIN READ_FILE PULL COMMIT PUSH LOGOUT,6,89.83,317096,0,0,0
sess_04519,user_094,server_08,git,LOGIN DOWNLOAD DOWNLOAD DOWNLOAD DELETE_REPO,5,99.8,14956654,0,0,1
sess_01664,user_051,server_17,git,LOGIN PULL READ_FILE LOGOUT PULL COMMIT PUSH,7,96.43,296409,0,0,0
sess_04090,user_002,server_07,server,LOGIN DB_READ HTTP_GET CACHE_READ HTTP_GET LOGOUT,6,95.67,266464,0,0,0
sess_01248,user_082,server_02,server,LOGIN HTTP_GET CACHE_READ LOGOUT HTTP_GET DB_READ,6,100.0,292396,0,0,0
sess_00613,user_007,server_04,git,LOGIN CLONE DOWNLOAD DOWNLOAD DELETE_REPO PUSH,6,84.67,10005883,0,0,1
sess_04334,user_011,server_05,git,LOGIN CLONE DOWNLOAD DOWNLOAD DELETE_REPO PUSH,6,76.67,10014465,0,0,1
sess_02507,user_049,server_12,server,LOGIN HTTP_GET DB_READ DB_WRITE HTTP_POST CACHE_WRITE LOGOUT,7,86.43,347701,0,0,0
sess_02292,user_054,server_14,git,LOGIN PUSH PULL COMMIT READ_FILE PULL LOGOUT,7,75.0,319107,0,0,0
sess_00576,user_094,server_19,server,LOGIN DB_READ HTTP_GET LOGOUT CACHE_READ HTTP_GET,6,65.33,288453,0,0,0
sess_02293,user_042,server_19,server,LOGIN DB_READ DB_WRITE HTTP_GET HTTP_POST LOGOUT,6,98.5,255270,0,0,0
sess_04735,user_069,server_20,server,LOGIN DB_READ HTTP_GET DB_WRITE CACHE_WRITE HTTP_POST LOGOUT,7,85.86,361615,0,0,0
sess_00771,user_030,server_13,git,LOGIN CREATE_BRANCH DELETE_REPO DOWNLOAD DOWNLOAD,5,92.4,10111034,0,0,1
sess_01797,user_010,server_09,server,LOGIN HTTP_GET HTTP_GET CACHE_READ LOGOUT DB_READ,6,78.17,312469,0,0,0
sess_02848,user_072,server_13,git,LOGIN PULL READ_FILE CREATE_BRANCH PUSH COMMIT LOGOUT,7,93.57,389070,0,0,0
sess_02696,user_069,server_11,git,LOGIN READ_FILE COMMIT PULL PUSH LOGOUT PULL,7,105.86,360917,0,0,0
sess_02473,user_093,server_18,git,LOGIN READ_FILE CLONE COMMIT PUSH LOGOUT,6,91.67,265703,0,0,0
sess_00311,user_008,server_07,server,LOGIN HTTP_GET DB_READ DB_WRITE HTTP_POST CACHE_WRITE LOGOUT,7,86.71,378339,0,0,0
sess_04158,user_011,server_16,git,LOGIN READ_FILE CLONE COMMIT LOGOUT READ_FILE PUSH,7,93.43,352926,0,0,0
sess_00646,user_061,server_04,server,LOGIN HTTP_GET CACHE_READ HTTP_GET DB_READ LOGOUT,6,97.5,267395,0,0,0
sess_04058,user_059,server_14,git,LOGIN CLONE READ_FILE READ_FILE COMMIT LOGOUT PUSH,7,85.14,349935,0,0,0
sess_02971,user_096,server_04,git,LOGIN PULL PUSH COMMIT READ_FILE CREATE_BRANCH LOGOUT,7,103.86,365675,0,0,0
sess_00688,user_027,server_05,server,LOGIN HTTP_GET DB_READ CACHE_READ HTTP_GET LOGOUT,6,82.67,288322,0,0,0
sess_00983,user_051,server_11,server,LOGIN DB_READ HTTP_GET HTTP_POST DB_WRITE LOGOUT CACHE_WRITE,7,86.29,334785,0,0,0
sess_01941,user_040,server_11,git,LOGIN CLONE READ_FILE COMMIT READ_FILE PUSH LOGOUT,7,94.0,345044,0,0,0
sess_01091,user_034,server_11,git,LOGIN READ_FILE PULL COMMIT PUSH LOGOUT,6,99.83,345658,0,0,0
sess_02312,user_064,server_16,server,LOGIN DB_READ HTTP_GET CACHE_READ CACHE_READ HTTP_GET LOGOUT,7,93.14,292962,0,0,0
sess_00562,user_002,server_06,server,LOGIN HTTP_GET CACHE_READ DB_READ HTTP_GET LOGOUT,6,87.0,280452,0,0,0
sess_02903,user_067,server_15,git,LOGIN CLONE READ_FILE PUSH LOGOUT COMMIT,6,69.83,330828,0,0,0
sess_00129,user_058,server_07,server,LOGIN HTTP_GET CACHE_READ DB_READ LOGOUT CACHE_READ HTTP_GET,7,86.86,353110,0,0,0
sess_02468,user_044,server_14,git,LOGIN PULL PUSH READ_FILE CREATE_BRANCH LOGOUT COMMIT,7,84.29,385844,0,0,0
sess_03103,user_038,server_01,git,LOGIN PULL READ_FILE CREATE_BRANCH COMMIT PUSH LOGOUT,7,98.14,348926,0,0,0
sess_00572,user_005,server_04,git,LOGIN PULL READ_FILE PUSH COMMIT READ_FILE LOGOUT,7,84.14,332924,0,0,0
sess_02209,user_039,server_04,git,LOGIN PULL READ_FILE PUSH COMMIT PULL LOGOUT,7,80.71,281392,0,0,0
sess_01949,user_094,server_04,git,LOGIN CLONE READ_FILE COMMIT LOGOUT PUSH,6,90.5,301903,0,0,0
sess_04231,user_087,server_18,server,LOGIN DB_READ HTTP_GET HTTP_GET CACHE_READ LOGOUT,6,97.0,277298,0,0,0
sess_04071,user_092,server_07,git,LOGIN PULL READ_FILE COMMIT LOGOUT PUSH,6,59.33,262258,0,0,0
sess_03654,user_023,server_05,git,LOGIN DOWNLOAD CREATE_BRANCH DOWNLOAD DELETE_REPO,5,84.2,10144366,0,0,1
